start_drift_scale,rejected_recall_drift_scale,hard_pass,visible_pass,score,min_delib_advantage_vs_unguided,mean_delib_advantage_vs_unguided,unguided_no_reminder_drop,unguided_film_reminder_drop,delib_no_reminder_drop,delib_film_reminder_drop,drop_gap_film_reminder_ung_minus_delib,delib_no_weak,delib_no_strong,delib_rem_weak,delib_rem_strong
1.0,0.0,True,True,8.480290002729744,3.534599989652634,3.8200000086799264,0.7226000130176544,1.9779999591410156,0.15759992599487305,1.888599917292595,0.08940004184842065,6.9621999859809875,6.8046000599861145,6.331799954175949,4.443200036883354
0.0,0.0,True,True,5.279159982111305,1.9424000903964047,2.247700014151633,0.7226000130176544,1.9779999591410156,0.19120001792907715,1.733400046825409,0.24459991231560663,5.349000006914139,5.157799988985062,4.73960005491972,3.0062000080943108
2.5,0.0,True,False,9.08929999953136,3.684600025415421,4.0377000058069825,0.7226000130176544,1.9779999591410156,0.034399956464767456,1.7361999601125717,0.24179999902844385,7.1097999811172485,7.075400024652481,6.481799989938736,4.745600029826164
2.0,0.0,True,False,8.9382198359631,3.7354000508785252,4.0153999933972955,0.7226000130176544,1.9779999591410156,0.04780000448226929,1.8356000632047653,0.14239989593625024,7.070800006389618,7.023000001907349,6.53260001540184,4.696999952197075
1.5,0.0,False,False,9.089054769631474,3.699400067329407,4.025649988092482,0.7226000130176544,1.9779999591410156,-0.018800050020217896,1.720000073313713,0.2579998858273025,7.0361999571323395,7.055000007152557,6.496600031852722,4.776599958539009
2.0,0.25,False,False,6.962139932047575,3.322000030428171,3.83090001065284,0.7226000130176544,1.9779999591410156,0.16479995846748352,2.3057999908924103,-0.3278000317513947,7.080999970436096,6.916200011968613,6.447000026702881,4.141200035810471
2.5,0.25,False,False,6.947184633072464,3.3307999558746815,3.8262499952688813,0.7226000130176544,1.9779999591410156,0.0437999963760376,2.258200064301491,-0.2802001051604752,7.026199996471405,6.982400000095367,6.408200025558472,4.149999961256981
1.5,0.25,False,False,6.818200058098881,3.3396000154316425,3.835199990309775,0.7226000130176544,1.9779999591410156,-0.0697999894618988,2.2587999552488327,-0.28079999610781714,6.978199988603592,7.047999978065491,6.417599976062775,4.158800020813942
1.0,0.25,False,False,5.279499490913002,2.8687999434769154,3.5662999833002687,0.7226000130176544,1.9779999591410156,-0.0084000825881958,2.4838000684976578,-0.5058001093566422,6.829399943351746,6.837800025939941,6.171800017356873,3.687999948859215
1.5,0.5,False,False,4.092195108514278,2.688200030475855,3.6500499891117215,0.7226000130176544,1.9779999591410156,0.09960001707077026,2.857999950647354,-0.8799999915063386,7.044399976730347,6.944799959659576,6.365399986505508,3.5074000358581543
2.5,0.5,False,False,3.8942349158041165,2.6519999839365482,3.6072499873116612,0.7226000130176544,1.9779999591410156,-0.01320001482963562,2.8451999723911285,-0.867200013250113,6.944999992847443,6.958200007677078,6.316399961709976,3.4711999893188477
2.0,0.5,False,False,3.622134787943213,2.595799971371889,3.5817499915137887,0.7226000130176544,1.9779999591410156,0.03739997744560242,2.9274000078439713,-0.9494000487029557,6.934399992227554,6.897000014781952,6.34239998459816,3.4149999767541885
0.0,0.25,False,False,2.90948007384315,1.414000030606985,1.7595999976620078,0.7226000130176544,1.9779999591410156,0.2622000202536583,2.2083999663591385,-0.23040000721812293,4.943799987435341,4.681599967181683,4.441600002348423,2.2332000359892845
1.0,0.5,False,False,2.1252247098647046,2.1415999718010426,3.3155500078573823,0.7226000130176544,1.9779999591410156,0.1268000304698944,3.1632000654935837,-1.1852001063525681,6.783000022172928,6.6561999917030334,6.124000042676926,2.960799977183342
1.5,0.75,False,False,1.6904500437714152,2.094799991697073,3.3909999830648303,0.7226000130176544,1.9779999591410156,0.13600003719329834,3.304999954998493,-1.3269999958574776,6.914400011301041,6.778399974107742,6.218999952077866,2.9139999970793724
2.5,0.75,False,False,1.5925598716177036,2.092999991029501,3.3773000119253993,0.7226000130176544,1.9779999591410156,0.05440005660057068,3.299000032246113,-1.3210000731050973,6.851000040769577,6.796599984169006,6.211200028657913,2.9121999964118004
2.0,0.75,False,False,1.3705947797559193,2.038600016385317,3.3631500164046884,0.7226000130176544,1.9779999591410156,0.09699991345405579,3.3610000163316727,-1.383000057190657,6.867399960756302,6.770400047302246,6.218800038099289,2.8578000217676163
0.0,0.5,False,False,0.9386649731360377,0.6711999885737896,1.1732500167563558,0.7226000130176544,1.9779999591410156,0.5930000469088554,2.487399987876415,-0.5094000287353992,4.5398000702261925,3.946800023317337,3.977799981832504,1.490399993956089
0.0,1.0,False,False,0.7626800230517985,0.0,0.0,0.7226000130176544,1.9779999591410156,0.7226000130176544,1.9779999591410156,0.0,3.1840000227093697,2.4614000096917152,2.797199964523315,0.8192000053822994
0.0,0.75,False,False,0.497834644075482,0.2850000075995922,0.584450007416308,0.7226000130176544,1.9779999591410156,0.6483999341726303,2.3228000700473785,-0.344800110906363,3.8583999350667,3.2100000008940697,3.42700008302927,1.1042000129818916
1.5,1.0,False,False,0.44621478112414376,1.6652000062167645,3.0860500102862716,0.7226000130176544,1.9779999591410156,0.15439996123313904,3.424800030887127,-1.4468000717461114,6.683399975299835,6.529000014066696,5.909200042486191,2.484400011599064
2.0,1.0,False,False,0.4225147882290194,1.6707999818027024,3.0939499950036407,0.7226000130176544,1.9779999591410156,0.10819995403289795,3.4162000045180316,-1.438200045377016,6.674799978733063,6.566600024700165,5.9061999917030334,2.489999987185002
1.0,0.75,False,False,0.2341450694762161,1.5493999905884266,2.993249990977347,0.7226000130176544,1.9779999591410156,0.19940003752708435,3.4289999455213547,-1.4509999863803391,6.6340000331401825,6.434599995613098,5.797599941492081,2.368599995970726
2.5,1.0,False,False,0.21963488494977462,1.6659999974071984,3.1008500093594193,0.7226000130176544,1.9779999591410156,0.08879995346069336,3.48039998114109,-1.5024000220000744,6.651600003242493,6.562800049781799,5.965599983930588,2.485200002789498
1.0,1.0,False,False,-0.8779902566410611,1.1525999791920185,2.615299985744059,0.7226000130176544,1.9779999591410156,0.222199946641922,3.5176000148057938,-1.5396000556647782,6.241999953985214,6.019800007343292,5.489399999380112,1.971799984574318
