start_drift_scale,rejected_recall_drift_scale,reminder_condition,task_condition,task_mcf_scale,film_cue_reinstatement,first_cue_after,film_source_start_drift_rate,phase,recall_probability_mass
0.0,1.0,No reminder,Weak task encoding,1.0,0.9,0,0.0,break,0.790200000628829
0.0,1.0,No reminder,Weak task encoding,1.0,0.9,0,0.0,filler,3.4851999804377556
0.0,1.0,No reminder,Weak task encoding,1.0,0.9,0,0.0,film,3.1840000227093697
0.0,1.0,No reminder,Weak task encoding,1.0,0.9,0,0.0,task,0.15660000266507268
0.0,1.0,No reminder,Strong task encoding,2.0,0.9,0,0.0,break,0.5086000044830143
0.0,1.0,No reminder,Strong task encoding,2.0,0.9,0,0.0,filler,2.5317999981343746
0.0,1.0,No reminder,Strong task encoding,2.0,0.9,0,0.0,film,2.4614000096917152
0.0,1.0,No reminder,Strong task encoding,2.0,0.9,0,0.0,task,2.189999997615814
0.0,1.0,With reminder,Weak task encoding,1.0,0.9,0,0.0,break,0.5964000071398914
0.0,1.0,With reminder,Weak task encoding,1.0,0.9,0,0.0,filler,3.2476000040769577
0.0,1.0,With reminder,Weak task encoding,1.0,0.9,0,0.0,film,2.7971999645233154
0.0,1.0,With reminder,Weak task encoding,1.0,0.9,0,0.0,task,0.996799997985363
0.0,1.0,With reminder,Strong task encoding,2.0,0.9,0,0.0,break,0.09820000035688281
0.0,1.0,With reminder,Strong task encoding,2.0,0.9,0,0.0,filler,1.418400002643466
0.0,1.0,With reminder,Strong task encoding,2.0,0.9,0,0.0,film,0.8192000053822994
0.0,1.0,With reminder,Strong task encoding,2.0,0.9,0,0.0,task,5.287600040435791
0.0,0.75,No reminder,Weak task encoding,1.0,0.9,0,0.0,break,0.7219999982044101
0.0,0.75,No reminder,Weak task encoding,1.0,0.9,0,0.0,filler,2.9680000245571136
0.0,0.75,No reminder,Weak task encoding,1.0,0.9,0,0.0,film,3.8583999350667
0.0,0.75,No reminder,Weak task encoding,1.0,0.9,0,0.0,task,0.0846000004094094
0.0,0.75,No reminder,Strong task encoding,2.0,0.9,0,0.0,break,0.5527999997138977
0.0,0.75,No reminder,Strong task encoding,2.0,0.9,0,0.0,filler,2.399799996986985
0.0,0.75,No reminder,Strong task encoding,2.0,0.9,0,0.0,film,3.2100000008940697
0.0,0.75,No reminder,Strong task encoding,2.0,0.9,0,0.0,task,1.516200002282858
0.0,0.75,With reminder,Weak task encoding,1.0,0.9,0,0.0,break,0.556600000243634
0.0,0.75,With reminder,Weak task encoding,1.0,0.9,0,0.0,filler,2.761399958282709
0.0,0.75,With reminder,Weak task encoding,1.0,0.9,0,0.0,film,3.42700008302927
0.0,0.75,With reminder,Weak task encoding,1.0,0.9,0,0.0,task,0.8740000054240227
0.0,0.75,With reminder,Strong task encoding,2.0,0.9,0,0.0,break,0.11059999978169799
0.0,0.75,With reminder,Strong task encoding,2.0,0.9,0,0.0,filler,1.31220000423491
0.0,0.75,With reminder,Strong task encoding,2.0,0.9,0,0.0,film,1.1042000129818916
0.0,0.75,With reminder,Strong task encoding,2.0,0.9,0,0.0,task,5.0966000109910965
0.0,0.5,No reminder,Weak task encoding,1.0,0.9,0,0.0,break,0.6767999915173277
0.0,0.5,No reminder,Weak task encoding,1.0,0.9,0,0.0,filler,2.4666000213474035
0.0,0.5,No reminder,Weak task encoding,1.0,0.9,0,0.0,film,4.5398000702261925
0.0,0.5,No reminder,Weak task encoding,1.0,0.9,0,0.0,task,0.041200000210665166
0.0,0.5,No reminder,Strong task encoding,2.0,0.9,0,0.0,break,0.5819999959785491
0.0,0.5,No reminder,Strong task encoding,2.0,0.9,0,0.0,filler,2.174799984320998
0.0,0.5,No reminder,Strong task encoding,2.0,0.9,0,0.0,film,3.946800023317337
0.0,0.5,No reminder,Strong task encoding,2.0,0.9,0,0.0,task,0.9113999959081411
0.0,0.5,With reminder,Weak task encoding,1.0,0.9,0,0.0,break,0.5508000029367395
0.0,0.5,With reminder,Weak task encoding,1.0,0.9,0,0.0,filler,2.304199993610382
0.0,0.5,With reminder,Weak task encoding,1.0,0.9,0,0.0,film,3.9777999818325043
0.0,0.5,With reminder,Weak task encoding,1.0,0.9,0,0.0,task,0.8096000049263239
0.0,0.5,With reminder,Strong task encoding,2.0,0.9,0,0.0,break,0.15060000091034453
0.0,0.5,With reminder,Strong task encoding,2.0,0.9,0,0.0,filler,1.2824000092223287
0.0,0.5,With reminder,Strong task encoding,2.0,0.9,0,0.0,film,1.490399993956089
0.0,0.5,With reminder,Strong task encoding,2.0,0.9,0,0.0,task,4.698999986052513
0.0,0.25,No reminder,Weak task encoding,1.0,0.9,0,0.0,break,0.658400000538677
0.0,0.25,No reminder,Weak task encoding,1.0,0.9,0,0.0,filler,2.0386000014841557
0.0,0.25,No reminder,Weak task encoding,1.0,0.9,0,0.0,film,4.943799987435341
0.0,0.25,No reminder,Weak task encoding,1.0,0.9,0,0.0,task,0.023600000247824937
0.0,0.25,No reminder,Strong task encoding,2.0,0.9,0,0.0,break,0.6355999989900738
0.0,0.25,No reminder,Strong task encoding,2.0,0.9,0,0.0,filler,1.8972000339999795
0.0,0.25,No reminder,Strong task encoding,2.0,0.9,0,0.0,film,4.681599967181683
0.0,0.25,No reminder,Strong task encoding,2.0,0.9,0,0.0,task,0.39160000160336494
0.0,0.25,With reminder,Weak task encoding,1.0,0.9,0,0.0,break,0.5278000083490042
0.0,0.25,With reminder,Weak task encoding,1.0,0.9,0,0.0,filler,1.9324000040069222
0.0,0.25,With reminder,Weak task encoding,1.0,0.9,0,0.0,film,4.441600002348423
0.0,0.25,With reminder,Weak task encoding,1.0,0.9,0,0.0,task,0.7522000204771757
0.0,0.25,With reminder,Strong task encoding,2.0,0.9,0,0.0,break,0.18680000168387778
0.0,0.25,With reminder,Strong task encoding,2.0,0.9,0,0.0,filler,1.275999991223216
0.0,0.25,With reminder,Strong task encoding,2.0,0.9,0,0.0,film,2.2332000359892845
0.0,0.25,With reminder,Strong task encoding,2.0,0.9,0,0.0,task,3.959799937903881
0.0,0.0,No reminder,Weak task encoding,1.0,0.9,0,0.0,break,0.6614000084809959
0.0,0.0,No reminder,Weak task encoding,1.0,0.9,0,0.0,filler,1.6239999854005873
0.0,0.0,No reminder,Weak task encoding,1.0,0.9,0,0.0,film,5.349000006914139
0.0,0.0,No reminder,Weak task encoding,1.0,0.9,0,0.0,task,0.01680000007036142
0.0,0.0,No reminder,Strong task encoding,2.0,0.9,0,0.0,break,0.6586000036913902
0.0,0.0,No reminder,Strong task encoding,2.0,0.9,0,0.0,filler,1.6048000047449023
0.0,0.0,No reminder,Strong task encoding,2.0,0.9,0,0.0,film,5.157799988985062
0.0,0.0,No reminder,Strong task encoding,2.0,0.9,0,0.0,task,0.20960000157356262
0.0,0.0,With reminder,Weak task encoding,1.0,0.9,0,0.0,break,0.5272000100230798
0.0,0.0,With reminder,Weak task encoding,1.0,0.9,0,0.0,filler,1.6381999719887972
0.0,0.0,With reminder,Weak task encoding,1.0,0.9,0,0.0,film,4.73960005491972
0.0,0.0,With reminder,Weak task encoding,1.0,0.9,0,0.0,task,0.7363999993540347
0.0,0.0,With reminder,Strong task encoding,2.0,0.9,0,0.0,break,0.24060000138706528
0.0,0.0,With reminder,Strong task encoding,2.0,0.9,0,0.0,filler,1.27799998736009
0.0,0.0,With reminder,Strong task encoding,2.0,0.9,0,0.0,film,3.0062000080943108
0.0,0.0,With reminder,Strong task encoding,2.0,0.9,0,0.0,task,3.0736000314354897
1.0,1.0,No reminder,Weak task encoding,1.0,0.9,0,0.0,break,0.969200006686151
1.0,1.0,No reminder,Weak task encoding,1.0,0.9,0,0.0,filler,0.3724000062793493
1.0,1.0,No reminder,Weak task encoding,1.0,0.9,0,0.0,film,6.241999953985214
1.0,1.0,No reminder,Weak task encoding,1.0,0.9,0,0.0,task,0.04479999974137172
1.0,1.0,No reminder,Strong task encoding,2.0,0.9,0,0.0,break,0.8585999929346144
1.0,1.0,No reminder,Strong task encoding,2.0,0.9,0,0.0,filler,0.2662000013515353
1.0,1.0,No reminder,Strong task encoding,2.0,0.9,0,0.0,film,6.019800007343292
1.0,1.0,No reminder,Strong task encoding,2.0,0.9,0,0.0,task,0.5294000003486872
1.0,1.0,With reminder,Weak task encoding,1.0,0.9,0,0.0,break,0.7592000062577426
1.0,1.0,With reminder,Weak task encoding,1.0,0.9,0,0.0,filler,0.39659999776631594
1.0,1.0,With reminder,Weak task encoding,1.0,0.9,0,0.0,film,5.489399999380112
1.0,1.0,With reminder,Weak task encoding,1.0,0.9,0,0.0,task,1.105800007469952
1.0,1.0,With reminder,Strong task encoding,2.0,0.9,0,0.0,break,0.1213999995670747
1.0,1.0,With reminder,Strong task encoding,2.0,0.9,0,0.0,filler,0.19179999781772494
1.0,1.0,With reminder,Strong task encoding,2.0,0.9,0,0.0,film,1.971799984574318
1.0,1.0,With reminder,Strong task encoding,2.0,0.9,0,0.0,task,5.314400002360344
1.0,0.75,No reminder,Weak task encoding,1.0,0.9,0,0.0,break,0.7825999998021871
1.0,0.75,No reminder,Weak task encoding,1.0,0.9,0,0.0,filler,0.20140000217361376
1.0,0.75,No reminder,Weak task encoding,1.0,0.9,0,0.0,film,6.6340000331401825
1.0,0.75,No reminder,Weak task encoding,1.0,0.9,0,0.0,task,0.010999999984051101
1.0,0.75,No reminder,Strong task encoding,2.0,0.9,0,0.0,break,0.7840000151190907
1.0,0.75,No reminder,Strong task encoding,2.0,0.9,0,0.0,filler,0.17260000226087868
1.0,0.75,No reminder,Strong task encoding,2.0,0.9,0,0.0,film,6.434599995613098
1.0,0.75,No reminder,Strong task encoding,2.0,0.9,0,0.0,task,0.25520000141113997
1.0,0.75,With reminder,Weak task encoding,1.0,0.9,0,0.0,break,0.6550000043353066
1.0,0.75,With reminder,Weak task encoding,1.0,0.9,0,0.0,filler,0.2463999968022108
1.0,0.75,With reminder,Weak task encoding,1.0,0.9,0,0.0,film,5.797599941492081
1.0,0.75,With reminder,Weak task encoding,1.0,0.9,0,0.0,task,0.9393999967724085
1.0,0.75,With reminder,Strong task encoding,2.0,0.9,0,0.0,break,0.1513999980816152
1.0,0.75,With reminder,Strong task encoding,2.0,0.9,0,0.0,filler,0.13860000111162663
1.0,0.75,With reminder,Strong task encoding,2.0,0.9,0,0.0,film,2.368599995970726
1.0,0.75,With reminder,Strong task encoding,2.0,0.9,0,0.0,task,4.955200031399727
1.0,0.5,No reminder,Weak task encoding,1.0,0.9,0,0.0,break,0.7262000070186332
1.0,0.5,No reminder,Weak task encoding,1.0,0.9,0,0.0,filler,0.14060000072640833
1.0,0.5,No reminder,Weak task encoding,1.0,0.9,0,0.0,film,6.783000022172928
1.0,0.5,No reminder,Weak task encoding,1.0,0.9,0,0.0,task,0.0062000000616535544
1.0,0.5,No reminder,Strong task encoding,2.0,0.9,0,0.0,break,0.6834000025410205
1.0,0.5,No reminder,Strong task encoding,2.0,0.9,0,0.0,filler,0.14320000098086894
1.0,0.5,No reminder,Strong task encoding,2.0,0.9,0,0.0,film,6.6561999917030334
1.0,0.5,No reminder,Strong task encoding,2.0,0.9,0,0.0,task,0.10019999882206321
1.0,0.5,With reminder,Weak task encoding,1.0,0.9,0,0.0,break,0.5775999985635281
1.0,0.5,With reminder,Weak task encoding,1.0,0.9,0,0.0,filler,0.15959999978076667
1.0,0.5,With reminder,Weak task encoding,1.0,0.9,0,0.0,film,6.124000042676926
1.0,0.5,With reminder,Weak task encoding,1.0,0.9,0,0.0,task,0.8202000018209219
1.0,0.5,With reminder,Strong task encoding,2.0,0.9,0,0.0,break,0.1823999977495987
1.0,0.5,With reminder,Strong task encoding,2.0,0.9,0,0.0,filler,0.12259999965317547
1.0,0.5,With reminder,Strong task encoding,2.0,0.9,0,0.0,film,2.960799977183342
1.0,0.5,With reminder,Strong task encoding,2.0,0.9,0,0.0,task,4.380599983036518
1.0,0.25,No reminder,Weak task encoding,1.0,0.9,0,0.0,break,0.6627999991032993
1.0,0.25,No reminder,Weak task encoding,1.0,0.9,0,0.0,filler,0.12260000157402828
1.0,0.25,No reminder,Weak task encoding,1.0,0.9,0,0.0,film,6.829399943351746
1.0,0.25,No reminder,Weak task encoding,1.0,0.9,0,0.0,task,0.002600000021629967
1.0,0.25,No reminder,Strong task encoding,2.0,0.9,0,0.0,break,0.6689999976370018
1.0,0.25,No reminder,Strong task encoding,2.0,0.9,0,0.0,filler,0.11339999946358148
1.0,0.25,No reminder,Strong task encoding,2.0,0.9,0,0.0,film,6.837800025939941
1.0,0.25,No reminder,Strong task encoding,2.0,0.9,0,0.0,task,0.04559999948833138
1.0,0.25,With reminder,Weak task encoding,1.0,0.9,0,0.0,break,0.5343999954639003
1.0,0.25,With reminder,Weak task encoding,1.0,0.9,0,0.0,filler,0.14520000107586384
1.0,0.25,With reminder,Weak task encoding,1.0,0.9,0,0.0,film,6.171800017356873
1.0,0.25,With reminder,Weak task encoding,1.0,0.9,0,0.0,task,0.7520000038202852
1.0,0.25,With reminder,Strong task encoding,2.0,0.9,0,0.0,break,0.2160000042495085
1.0,0.25,With reminder,Strong task encoding,2.0,0.9,0,0.0,filler,0.11740000045392662
1.0,0.25,With reminder,Strong task encoding,2.0,0.9,0,0.0,film,3.687999948859215
1.0,0.25,With reminder,Strong task encoding,2.0,0.9,0,0.0,task,3.6427999939769506
1.0,0.0,No reminder,Weak task encoding,1.0,0.9,0,0.0,break,0.6240000146062812
1.0,0.0,No reminder,Weak task encoding,1.0,0.9,0,0.0,filler,0.10580000224581454
1.0,0.0,No reminder,Weak task encoding,1.0,0.9,0,0.0,film,6.9621999859809875
1.0,0.0,No reminder,Weak task encoding,1.0,0.9,0,0.0,task,0.003199999962816946
1.0,0.0,No reminder,Strong task encoding,2.0,0.9,0,0.0,break,0.5975999978836626
1.0,0.0,No reminder,Strong task encoding,2.0,0.9,0,0.0,filler,0.10740000124496873
1.0,0.0,No reminder,Strong task encoding,2.0,0.9,0,0.0,film,6.8046000599861145
1.0,0.0,No reminder,Strong task encoding,2.0,0.9,0,0.0,task,0.033000000039464794
1.0,0.0,With reminder,Weak task encoding,1.0,0.9,0,0.0,break,0.5332000051566865
1.0,0.0,With reminder,Weak task encoding,1.0,0.9,0,0.0,filler,0.11939999971946236
1.0,0.0,With reminder,Weak task encoding,1.0,0.9,0,0.0,film,6.331799954175949
1.0,0.0,With reminder,Weak task encoding,1.0,0.9,0,0.0,task,0.6674000126076862
1.0,0.0,With reminder,Strong task encoding,2.0,0.9,0,0.0,break,0.2344000032026088
1.0,0.0,With reminder,Strong task encoding,2.0,0.9,0,0.0,filler,0.11079999769572169
1.0,0.0,With reminder,Strong task encoding,2.0,0.9,0,0.0,film,4.443200036883354
1.0,0.0,With reminder,Strong task encoding,2.0,0.9,0,0.0,task,2.8678000532090664
1.5,1.0,No reminder,Weak task encoding,1.0,0.9,0,0.0,break,0.9320000018924475
1.5,1.0,No reminder,Weak task encoding,1.0,0.9,0,0.0,filler,0.0007999999797903001
1.5,1.0,No reminder,Weak task encoding,1.0,0.9,0,0.0,film,6.683399975299835
1.5,1.0,No reminder,Weak task encoding,1.0,0.9,0,0.0,task,0.023000000262982212
1.5,1.0,No reminder,Strong task encoding,2.0,0.9,0,0.0,break,0.8184000081382692
1.5,1.0,No reminder,Strong task encoding,2.0,0.9,0,0.0,filler,0.001600000003236346
1.5,1.0,No reminder,Strong task encoding,2.0,0.9,0,0.0,film,6.529000014066696
1.5,1.0,No reminder,Strong task encoding,2.0,0.9,0,0.0,task,0.23180000251159072
1.5,1.0,With reminder,Weak task encoding,1.0,0.9,0,0.0,break,0.7504000077024102
1.5,1.0,With reminder,Weak task encoding,1.0,0.9,0,0.0,filler,0.01600000033795368
1.5,1.0,With reminder,Weak task encoding,1.0,0.9,0,0.0,film,5.909200042486191
1.5,1.0,With reminder,Weak task encoding,1.0,0.9,0,0.0,task,0.9540000003762543
1.5,1.0,With reminder,Strong task encoding,2.0,0.9,0,0.0,break,0.13499999899067916
1.5,1.0,With reminder,Strong task encoding,2.0,0.9,0,0.0,filler,0.03720000066095963
1.5,1.0,With reminder,Strong task encoding,2.0,0.9,0,0.0,film,2.484400011599064
1.5,1.0,With reminder,Strong task encoding,2.0,0.9,0,0.0,task,4.999000042676926
1.5,0.75,No reminder,Weak task encoding,1.0,0.9,0,0.0,break,0.7998000032966956
1.5,0.75,No reminder,Weak task encoding,1.0,0.9,0,0.0,filler,0.0
1.5,0.75,No reminder,Weak task encoding,1.0,0.9,0,0.0,film,6.914400011301041
1.5,0.75,No reminder,Weak task encoding,1.0,0.9,0,0.0,task,0.006000000066705979
1.5,0.75,No reminder,Strong task encoding,2.0,0.9,0,0.0,break,0.7521999998716637
1.5,0.75,No reminder,Strong task encoding,2.0,0.9,0,0.0,filler,0.00039999998989515007
1.5,0.75,No reminder,Strong task encoding,2.0,0.9,0,0.0,film,6.778399974107742
1.5,0.75,No reminder,Strong task encoding,2.0,0.9,0,0.0,task,0.10120000073220581
1.5,0.75,With reminder,Weak task encoding,1.0,0.9,0,0.0,break,0.6355999977095053
1.5,0.75,With reminder,Weak task encoding,1.0,0.9,0,0.0,filler,0.00720000003639143
1.5,0.75,With reminder,Weak task encoding,1.0,0.9,0,0.0,film,6.218999952077866
1.5,0.75,With reminder,Weak task encoding,1.0,0.9,0,0.0,task,0.8353999925311655
1.5,0.75,With reminder,Strong task encoding,2.0,0.9,0,0.0,break,0.15459999936865643
1.5,0.75,With reminder,Strong task encoding,2.0,0.9,0,0.0,filler,0.015599999809637666
1.5,0.75,With reminder,Strong task encoding,2.0,0.9,0,0.0,film,2.9139999970793724
1.5,0.75,With reminder,Strong task encoding,2.0,0.9,0,0.0,task,4.551800008863211
1.5,0.5,No reminder,Weak task encoding,1.0,0.9,0,0.0,break,0.6860000099404715
1.5,0.5,No reminder,Weak task encoding,1.0,0.9,0,0.0,filler,0.0
1.5,0.5,No reminder,Weak task encoding,1.0,0.9,0,0.0,film,7.044399976730347
1.5,0.5,No reminder,Weak task encoding,1.0,0.9,0,0.0,task,0.0028000000747852027
1.5,0.5,No reminder,Strong task encoding,2.0,0.9,0,0.0,break,0.6848000012978446
1.5,0.5,No reminder,Strong task encoding,2.0,0.9,0,0.0,filler,0.0
1.5,0.5,No reminder,Strong task encoding,2.0,0.9,0,0.0,film,6.944799959659576
1.5,0.5,No reminder,Strong task encoding,2.0,0.9,0,0.0,task,0.0388000001112232
1.5,0.5,With reminder,Weak task encoding,1.0,0.9,0,0.0,break,0.5532000079983845
1.5,0.5,With reminder,Weak task encoding,1.0,0.9,0,0.0,filler,0.0029999999969732016
1.5,0.5,With reminder,Weak task encoding,1.0,0.9,0,0.0,film,6.365399986505508
1.5,0.5,With reminder,Weak task encoding,1.0,0.9,0,0.0,task,0.7501999998930842
1.5,0.5,With reminder,Strong task encoding,2.0,0.9,0,0.0,break,0.18340000050375238
1.5,0.5,With reminder,Strong task encoding,2.0,0.9,0,0.0,filler,0.005600000018603168
1.5,0.5,With reminder,Strong task encoding,2.0,0.9,0,0.0,film,3.5074000358581543
1.5,0.5,With reminder,Strong task encoding,2.0,0.9,0,0.0,task,3.9808000717312098
1.5,0.25,No reminder,Weak task encoding,1.0,0.9,0,0.0,break,0.6426000013598241
1.5,0.25,No reminder,Weak task encoding,1.0,0.9,0,0.0,filler,0.0
1.5,0.25,No reminder,Weak task encoding,1.0,0.9,0,0.0,film,6.978199988603592
1.5,0.25,No reminder,Weak task encoding,1.0,0.9,0,0.0,task,0.0009999999747378752
1.5,0.25,No reminder,Strong task encoding,2.0,0.9,0,0.0,break,0.6171999890357256
1.5,0.25,No reminder,Strong task encoding,2.0,0.9,0,0.0,filler,0.0
1.5,0.25,No reminder,Strong task encoding,2.0,0.9,0,0.0,film,7.047999978065491
1.5,0.25,No reminder,Strong task encoding,2.0,0.9,0,0.0,task,0.01960000030521769
1.5,0.25,With reminder,Weak task encoding,1.0,0.9,0,0.0,break,0.5055999995674938
1.5,0.25,With reminder,Weak task encoding,1.0,0.9,0,0.0,filler,0.0014000000373926014
1.5,0.25,With reminder,Weak task encoding,1.0,0.9,0,0.0,film,6.417599976062775
1.5,0.25,With reminder,Weak task encoding,1.0,0.9,0,0.0,task,0.6777999973855913
1.5,0.25,With reminder,Strong task encoding,2.0,0.9,0,0.0,break,0.22300000154064037
1.5,0.25,With reminder,Strong task encoding,2.0,0.9,0,0.0,filler,0.003200000079232268
1.5,0.25,With reminder,Strong task encoding,2.0,0.9,0,0.0,film,4.158800020813942
1.5,0.25,With reminder,Strong task encoding,2.0,0.9,0,0.0,task,3.327799974940717
1.5,0.0,No reminder,Weak task encoding,1.0,0.9,0,0.0,break,0.5723999943584204
1.5,0.0,No reminder,Weak task encoding,1.0,0.9,0,0.0,filler,0.0
1.5,0.0,No reminder,Weak task encoding,1.0,0.9,0,0.0,film,7.0361999571323395
1.5,0.0,No reminder,Weak task encoding,1.0,0.9,0,0.0,task,0.0019999999494757503
1.5,0.0,No reminder,Strong task encoding,2.0,0.9,0,0.0,break,0.5884000004152767
1.5,0.0,No reminder,Strong task encoding,2.0,0.9,0,0.0,filler,0.0
1.5,0.0,No reminder,Strong task encoding,2.0,0.9,0,0.0,film,7.055000007152557
1.5,0.0,No reminder,Strong task encoding,2.0,0.9,0,0.0,task,0.012800000302377157
1.5,0.0,With reminder,Weak task encoding,1.0,0.9,0,0.0,break,0.4840000037656864
1.5,0.0,With reminder,Weak task encoding,1.0,0.9,0,0.0,filler,0.0005999999848427251
1.5,0.0,With reminder,Weak task encoding,1.0,0.9,0,0.0,film,6.496600031852722
1.5,0.0,With reminder,Weak task encoding,1.0,0.9,0,0.0,task,0.6528000138350762
1.5,0.0,With reminder,Strong task encoding,2.0,0.9,0,0.0,break,0.22420000356214587
1.5,0.0,With reminder,Strong task encoding,2.0,0.9,0,0.0,filler,0.0007999999797903001
1.5,0.0,With reminder,Strong task encoding,2.0,0.9,0,0.0,film,4.776599958539009
1.5,0.0,With reminder,Strong task encoding,2.0,0.9,0,0.0,task,2.653400041628629
2.0,1.0,No reminder,Weak task encoding,1.0,0.9,0,0.0,break,0.9521999969147146
2.0,1.0,No reminder,Weak task encoding,1.0,0.9,0,0.0,filler,0.00039999998989515007
2.0,1.0,No reminder,Weak task encoding,1.0,0.9,0,0.0,film,6.674799978733063
2.0,1.0,No reminder,Weak task encoding,1.0,0.9,0,0.0,task,0.02179999995860271
2.0,1.0,No reminder,Strong task encoding,2.0,0.9,0,0.0,break,0.8336000125855207
2.0,1.0,No reminder,Strong task encoding,2.0,0.9,0,0.0,filler,0.0020000000367872417
2.0,1.0,No reminder,Strong task encoding,2.0,0.9,0,0.0,film,6.566600024700165
2.0,1.0,No reminder,Strong task encoding,2.0,0.9,0,0.0,task,0.2260000000242144
2.0,1.0,With reminder,Weak task encoding,1.0,0.9,0,0.0,break,0.7422000025399029
2.0,1.0,With reminder,Weak task encoding,1.0,0.9,0,0.0,filler,0.0220000001572771
2.0,1.0,With reminder,Weak task encoding,1.0,0.9,0,0.0,film,5.9061999917030334
2.0,1.0,With reminder,Weak task encoding,1.0,0.9,0,0.0,task,0.9773999899625778
2.0,1.0,With reminder,Strong task encoding,2.0,0.9,0,0.0,break,0.13060000189580023
2.0,1.0,With reminder,Strong task encoding,2.0,0.9,0,0.0,filler,0.03379999988828786
2.0,1.0,With reminder,Strong task encoding,2.0,0.9,0,0.0,film,2.4899999871850014
2.0,1.0,With reminder,Strong task encoding,2.0,0.9,0,0.0,task,5.01939994096756
2.0,0.75,No reminder,Weak task encoding,1.0,0.9,0,0.0,break,0.8085999847389758
2.0,0.75,No reminder,Weak task encoding,1.0,0.9,0,0.0,filler,0.0
2.0,0.75,No reminder,Weak task encoding,1.0,0.9,0,0.0,film,6.867399960756302
2.0,0.75,No reminder,Weak task encoding,1.0,0.9,0,0.0,task,0.008400000020628795
2.0,0.75,No reminder,Strong task encoding,2.0,0.9,0,0.0,break,0.741999996942468
2.0,0.75,No reminder,Strong task encoding,2.0,0.9,0,0.0,filler,0.00019999999494757503
2.0,0.75,No reminder,Strong task encoding,2.0,0.9,0,0.0,film,6.770400047302246
2.0,0.75,No reminder,Strong task encoding,2.0,0.9,0,0.0,task,0.10259999963454902
2.0,0.75,With reminder,Weak task encoding,1.0,0.9,0,0.0,break,0.6212000000523403
2.0,0.75,With reminder,Weak task encoding,1.0,0.9,0,0.0,filler,0.007999999899766408
2.0,0.75,With reminder,Weak task encoding,1.0,0.9,0,0.0,film,6.218800038099289
2.0,0.75,With reminder,Weak task encoding,1.0,0.9,0,0.0,task,0.8158000116236508
2.0,0.75,With reminder,Strong task encoding,2.0,0.9,0,0.0,break,0.1550000002316665
2.0,0.75,With reminder,Strong task encoding,2.0,0.9,0,0.0,filler,0.019200000271666795
2.0,0.75,With reminder,Strong task encoding,2.0,0.9,0,0.0,film,2.8578000217676163
2.0,0.75,With reminder,Strong task encoding,2.0,0.9,0,0.0,task,4.612200032919645
2.0,0.5,No reminder,Weak task encoding,1.0,0.9,0,0.0,break,0.6856000083498657
2.0,0.5,No reminder,Weak task encoding,1.0,0.9,0,0.0,filler,0.0
2.0,0.5,No reminder,Weak task encoding,1.0,0.9,0,0.0,film,6.934399992227554
2.0,0.5,No reminder,Weak task encoding,1.0,0.9,0,0.0,task,0.003199999962816946
2.0,0.5,No reminder,Strong task encoding,2.0,0.9,0,0.0,break,0.6567999977851287
2.0,0.5,No reminder,Strong task encoding,2.0,0.9,0,0.0,filler,0.0
2.0,0.5,No reminder,Strong task encoding,2.0,0.9,0,0.0,film,6.897000014781952
2.0,0.5,No reminder,Strong task encoding,2.0,0.9,0,0.0,task,0.04299999994691461
2.0,0.5,With reminder,Weak task encoding,1.0,0.9,0,0.0,break,0.5544000016525388
2.0,0.5,With reminder,Weak task encoding,1.0,0.9,0,0.0,filler,0.0032000000501284376
2.0,0.5,With reminder,Weak task encoding,1.0,0.9,0,0.0,film,6.34239998459816
2.0,0.5,With reminder,Weak task encoding,1.0,0.9,0,0.0,task,0.7260000098904129
2.0,0.5,With reminder,Strong task encoding,2.0,0.9,0,0.0,break,0.18960000236984342
2.0,0.5,With reminder,Strong task encoding,2.0,0.9,0,0.0,filler,0.007000000128755346
2.0,0.5,With reminder,Strong task encoding,2.0,0.9,0,0.0,film,3.4149999767541885
2.0,0.5,With reminder,Strong task encoding,2.0,0.9,0,0.0,task,4.011400051414967
2.0,0.25,No reminder,Weak task encoding,1.0,0.9,0,0.0,break,0.6453999869991094
2.0,0.25,No reminder,Weak task encoding,1.0,0.9,0,0.0,filler,0.00019999999494757503
2.0,0.25,No reminder,Weak task encoding,1.0,0.9,0,0.0,film,7.080999970436096
2.0,0.25,No reminder,Weak task encoding,1.0,0.9,0,0.0,task,0.0011999999696854502
2.0,0.25,No reminder,Strong task encoding,2.0,0.9,0,0.0,break,0.6187999921385199
2.0,0.25,No reminder,Strong task encoding,2.0,0.9,0,0.0,filler,0.0
2.0,0.25,No reminder,Strong task encoding,2.0,0.9,0,0.0,film,6.916200011968613
2.0,0.25,No reminder,Strong task encoding,2.0,0.9,0,0.0,task,0.016800000143120997
2.0,0.25,With reminder,Weak task encoding,1.0,0.9,0,0.0,break,0.5173999977123458
2.0,0.25,With reminder,Weak task encoding,1.0,0.9,0,0.0,filler,0.0011999999696854502
2.0,0.25,With reminder,Weak task encoding,1.0,0.9,0,0.0,film,6.447000026702881
2.0,0.25,With reminder,Weak task encoding,1.0,0.9,0,0.0,task,0.6824000009801239
2.0,0.25,With reminder,Strong task encoding,2.0,0.9,0,0.0,break,0.22680000199761707
2.0,0.25,With reminder,Strong task encoding,2.0,0.9,0,0.0,filler,0.0020000000222353265
2.0,0.25,With reminder,Strong task encoding,2.0,0.9,0,0.0,film,4.141200035810471
2.0,0.25,With reminder,Strong task encoding,2.0,0.9,0,0.0,task,3.2270000213757157
2.0,0.0,No reminder,Weak task encoding,1.0,0.9,0,0.0,break,0.5911999971722253
2.0,0.0,No reminder,Weak task encoding,1.0,0.9,0,0.0,filler,0.0
2.0,0.0,No reminder,Weak task encoding,1.0,0.9,0,0.0,film,7.070800006389618
2.0,0.0,No reminder,Weak task encoding,1.0,0.9,0,0.0,task,0.0020000000222353265
2.0,0.0,No reminder,Strong task encoding,2.0,0.9,0,0.0,break,0.5876000012212899
2.0,0.0,No reminder,Strong task encoding,2.0,0.9,0,0.0,filler,0.0
2.0,0.0,No reminder,Strong task encoding,2.0,0.9,0,0.0,film,7.023000001907349
2.0,0.0,No reminder,Strong task encoding,2.0,0.9,0,0.0,task,0.014800000004470348
2.0,0.0,With reminder,Weak task encoding,1.0,0.9,0,0.0,break,0.46559999202145264
2.0,0.0,With reminder,Weak task encoding,1.0,0.9,0,0.0,filler,0.0016000000468920916
2.0,0.0,With reminder,Weak task encoding,1.0,0.9,0,0.0,film,6.53260001540184
2.0,0.0,With reminder,Weak task encoding,1.0,0.9,0,0.0,task,0.6306000040494837
2.0,0.0,With reminder,Strong task encoding,2.0,0.9,0,0.0,break,0.22219999898516107
2.0,0.0,With reminder,Strong task encoding,2.0,0.9,0,0.0,filler,0.0009999999747378752
2.0,0.0,With reminder,Strong task encoding,2.0,0.9,0,0.0,film,4.696999952197075
2.0,0.0,With reminder,Strong task encoding,2.0,0.9,0,0.0,task,2.6480000079609454
2.5,1.0,No reminder,Weak task encoding,1.0,0.9,0,0.0,break,0.9239999996498227
2.5,1.0,No reminder,Weak task encoding,1.0,0.9,0,0.0,filler,0.00019999999494757503
2.5,1.0,No reminder,Weak task encoding,1.0,0.9,0,0.0,film,6.651600003242493
2.5,1.0,No reminder,Weak task encoding,1.0,0.9,0,0.0,task,0.02380000012635719
2.5,1.0,No reminder,Strong task encoding,2.0,0.9,0,0.0,break,0.8338000103831291
2.5,1.0,No reminder,Strong task encoding,2.0,0.9,0,0.0,filler,0.0016000000323401764
2.5,1.0,No reminder,Strong task encoding,2.0,0.9,0,0.0,film,6.562800049781799
2.5,1.0,No reminder,Strong task encoding,2.0,0.9,0,0.0,task,0.2424000003375113
2.5,1.0,With reminder,Weak task encoding,1.0,0.9,0,0.0,break,0.6947999976109713
2.5,1.0,With reminder,Weak task encoding,1.0,0.9,0,0.0,filler,0.025000000212457962
2.5,1.0,With reminder,Weak task encoding,1.0,0.9,0,0.0,film,5.965599983930588
2.5,1.0,With reminder,Weak task encoding,1.0,0.9,0,0.0,task,1.0109999971464276
2.5,1.0,With reminder,Strong task encoding,2.0,0.9,0,0.0,break,0.1334000019414816
2.5,1.0,With reminder,Strong task encoding,2.0,0.9,0,0.0,filler,0.03540000057546422
2.5,1.0,With reminder,Strong task encoding,2.0,0.9,0,0.0,film,2.4852000027894974
2.5,1.0,With reminder,Strong task encoding,2.0,0.9,0,0.0,task,5.037200011312962
2.5,0.75,No reminder,Weak task encoding,1.0,0.9,0,0.0,break,0.776599996141158
2.5,0.75,No reminder,Weak task encoding,1.0,0.9,0,0.0,filler,0.0
2.5,0.75,No reminder,Weak task encoding,1.0,0.9,0,0.0,film,6.851000040769577
2.5,0.75,No reminder,Weak task encoding,1.0,0.9,0,0.0,task,0.00600000009580981
2.5,0.75,No reminder,Strong task encoding,2.0,0.9,0,0.0,break,0.7354000126942992
2.5,0.75,No reminder,Strong task encoding,2.0,0.9,0,0.0,filler,0.0005999999848427251
2.5,0.75,No reminder,Strong task encoding,2.0,0.9,0,0.0,film,6.796599984169006
2.5,0.75,No reminder,Strong task encoding,2.0,0.9,0,0.0,task,0.1176000006380491
2.5,0.75,With reminder,Weak task encoding,1.0,0.9,0,0.0,break,0.6352000015322119
2.5,0.75,With reminder,Weak task encoding,1.0,0.9,0,0.0,filler,0.00660000009520445
2.5,0.75,With reminder,Weak task encoding,1.0,0.9,0,0.0,film,6.211200028657913
2.5,0.75,With reminder,Weak task encoding,1.0,0.9,0,0.0,task,0.863399998517707
2.5,0.75,With reminder,Strong task encoding,2.0,0.9,0,0.0,break,0.16720000274654012
2.5,0.75,With reminder,Strong task encoding,2.0,0.9,0,0.0,filler,0.017599999642698094
2.5,0.75,With reminder,Strong task encoding,2.0,0.9,0,0.0,film,2.9121999964118004
2.5,0.75,With reminder,Strong task encoding,2.0,0.9,0,0.0,task,4.600199997425079
2.5,0.5,No reminder,Weak task encoding,1.0,0.9,0,0.0,break,0.6856000025290996
2.5,0.5,No reminder,Weak task encoding,1.0,0.9,0,0.0,filler,0.0
2.5,0.5,No reminder,Weak task encoding,1.0,0.9,0,0.0,film,6.944999992847443
2.5,0.5,No reminder,Weak task encoding,1.0,0.9,0,0.0,task,0.001799999998183921
2.5,0.5,No reminder,Strong task encoding,2.0,0.9,0,0.0,break,0.7020000002812594
2.5,0.5,No reminder,Strong task encoding,2.0,0.9,0,0.0,filler,0.0
2.5,0.5,No reminder,Strong task encoding,2.0,0.9,0,0.0,film,6.958200007677078
2.5,0.5,No reminder,Strong task encoding,2.0,0.9,0,0.0,task,0.04339999945659656
2.5,0.5,With reminder,Weak task encoding,1.0,0.9,0,0.0,break,0.5738000100245699
2.5,0.5,With reminder,Weak task encoding,1.0,0.9,0,0.0,filler,0.002800000016577542
2.5,0.5,With reminder,Weak task encoding,1.0,0.9,0,0.0,film,6.316399961709976
2.5,0.5,With reminder,Weak task encoding,1.0,0.9,0,0.0,task,0.7633999949321151
2.5,0.5,With reminder,Strong task encoding,2.0,0.9,0,0.0,break,0.19459999914397486
2.5,0.5,With reminder,Strong task encoding,2.0,0.9,0,0.0,filler,0.008000000147148967
2.5,0.5,With reminder,Strong task encoding,2.0,0.9,0,0.0,film,3.4711999893188477
2.5,0.5,With reminder,Strong task encoding,2.0,0.9,0,0.0,task,3.9812000431120396
2.5,0.25,No reminder,Weak task encoding,1.0,0.9,0,0.0,break,0.6360000038112048
2.5,0.25,No reminder,Weak task encoding,1.0,0.9,0,0.0,filler,0.0
2.5,0.25,No reminder,Weak task encoding,1.0,0.9,0,0.0,film,7.026199996471405
2.5,0.25,No reminder,Weak task encoding,1.0,0.9,0,0.0,task,0.002199999988079071
2.5,0.25,No reminder,Strong task encoding,2.0,0.9,0,0.0,break,0.6258000041998457
2.5,0.25,No reminder,Strong task encoding,2.0,0.9,0,0.0,filler,0.0
2.5,0.25,No reminder,Strong task encoding,2.0,0.9,0,0.0,film,6.982400000095367
2.5,0.25,No reminder,Strong task encoding,2.0,0.9,0,0.0,task,0.018599999821162783
2.5,0.25,With reminder,Weak task encoding,1.0,0.9,0,0.0,break,0.5234000090276822
2.5,0.25,With reminder,Weak task encoding,1.0,0.9,0,0.0,filler,0.002399999983026646
2.5,0.25,With reminder,Weak task encoding,1.0,0.9,0,0.0,film,6.408200025558472
2.5,0.25,With reminder,Weak task encoding,1.0,0.9,0,0.0,task,0.6979999988689087
2.5,0.25,With reminder,Strong task encoding,2.0,0.9,0,0.0,break,0.22020000554039143
2.5,0.25,With reminder,Strong task encoding,2.0,0.9,0,0.0,filler,0.0022000000171829015
2.5,0.25,With reminder,Strong task encoding,2.0,0.9,0,0.0,film,4.149999961256981
2.5,0.25,With reminder,Strong task encoding,2.0,0.9,0,0.0,task,3.3139999378472567
2.5,0.0,No reminder,Weak task encoding,1.0,0.9,0,0.0,break,0.5989999996818369
2.5,0.0,No reminder,Weak task encoding,1.0,0.9,0,0.0,filler,0.0
2.5,0.0,No reminder,Weak task encoding,1.0,0.9,0,0.0,film,7.1097999811172485
2.5,0.0,No reminder,Weak task encoding,1.0,0.9,0,0.0,task,0.0009999999747378752
2.5,0.0,No reminder,Strong task encoding,2.0,0.9,0,0.0,break,0.6086000069626607
2.5,0.0,No reminder,Strong task encoding,2.0,0.9,0,0.0,filler,0.0
2.5,0.0,No reminder,Strong task encoding,2.0,0.9,0,0.0,film,7.075400024652481
2.5,0.0,No reminder,Strong task encoding,2.0,0.9,0,0.0,task,0.015200000023469329
2.5,0.0,With reminder,Weak task encoding,1.0,0.9,0,0.0,break,0.4647999903681921
2.5,0.0,With reminder,Weak task encoding,1.0,0.9,0,0.0,filler,0.0020000000222353265
2.5,0.0,With reminder,Weak task encoding,1.0,0.9,0,0.0,film,6.481799989938736
2.5,0.0,With reminder,Weak task encoding,1.0,0.9,0,0.0,task,0.6416000103199622
2.5,0.0,With reminder,Strong task encoding,2.0,0.9,0,0.0,break,0.22479999841016252
2.5,0.0,With reminder,Strong task encoding,2.0,0.9,0,0.0,filler,0.0007999999797903001
2.5,0.0,With reminder,Strong task encoding,2.0,0.9,0,0.0,film,4.745600029826164
2.5,0.0,With reminder,Strong task encoding,2.0,0.9,0,0.0,task,2.673400062136352
