start_drift_scale,rejected_recall_drift_scale,benign_film_recall,hardest_film_recall,maximal_interference_cost,maximal_interference_percent,cost_reduction_vs_unguided,hardest_gain_vs_unguided,is_viable
1.0,1.0,6.241999953985214,1.971799984574318,4.270199969410896,0.6841076579445632,-1.905399952083826,1.1525999791920185,False
1.0,0.75,6.6340000331401825,2.368599995970726,4.2654000371694565,0.6429605088727205,-1.9006000198423862,1.5493999905884266,False
1.0,0.5,6.783000022172928,2.960799977183342,3.822200044989586,0.5634969825291476,-1.4574000276625156,2.1415999718010426,False
1.0,0.25,6.829399943351746,3.687999948859215,3.141399994492531,0.45998184621631466,-0.7765999771654606,2.8687999434769154,False
1.0,0.0,6.9621999859809875,4.443200036883354,2.5189999490976334,0.3618109152523434,-0.15419993177056313,3.6240000315010548,False
1.5,1.0,6.683399975299835,2.484400011599064,4.198999963700771,0.628273031573633,-1.834199946373701,1.6652000062167645,False
1.5,0.75,6.914400011301041,2.9139999970793724,4.000400014221668,0.5785606860585634,-1.635599996894598,2.094799991697073,False
1.5,0.5,7.044399976730347,3.5074000358581543,3.5369999408721924,0.5021009528924972,-1.1721999235451221,2.688200030475855,False
1.5,0.25,6.978199988603592,4.158800020813942,2.81939996778965,0.4040296885148229,-0.4545999504625797,3.3396000154316425,False
1.5,0.0,7.0361999571323395,4.776599958539009,2.2595999985933304,0.32113925305702207,0.10520001873373985,3.9573999531567097,True
2.0,1.0,6.674799978733063,2.4899999871850014,4.184799991548061,0.6269551154913221,-1.8199999742209911,1.670799981802702,False
2.0,0.75,6.867399960756302,2.8578000217676163,4.009599938988686,0.583859970571324,-1.6447999216616154,2.038600016385317,False
2.0,0.5,6.934399992227554,3.4149999767541885,3.519400015473366,0.5075276908482489,-1.1545999981462955,2.595799971371889,False
2.0,0.25,7.080999970436096,4.141200035810471,2.9397999346256256,0.41516734174545866,-0.5749999172985554,3.322000030428171,False
2.0,0.0,7.070800006389618,4.696999952197075,2.373800054192543,0.33571873791472373,-0.009000036865472794,3.8777999468147755,False
2.5,1.0,6.651600003242493,2.4852000027894974,4.166400000452995,0.6263756086388202,-1.801599983125925,1.665999997407198,False
2.5,0.75,6.851000040769577,2.9121999964118004,3.9388000443577766,0.574923371904597,-1.5740000270307064,2.092999991029501,False
2.5,0.5,6.944999992847443,3.4711999893188477,3.473800003528595,0.5001871860484107,-1.1089999862015247,2.6519999839365482,False
2.5,0.25,7.026199996471405,4.149999961256981,2.876200035214424,0.4093535675982561,-0.5114000178873539,3.3307999558746815,False
2.5,0.0,7.1097999811172485,4.745600029826164,2.3641999512910843,0.3325269286857728,0.0006000660359859467,3.926400024443865,True
