allow_repeated_recalls,retrieval_mode,condition_id,reminder_condition,task_condition,task_mcf_scale,start_drift_scale,film_item_support_boost,rejected_recall_drift_scale,batch_id,n_trials,mean_output_count,mean_film_total_events,mean_film_unique_items,mean_film_repeated_events,film_repeat_fraction,trial_film_recurrence_probability,mean_film_max_item_share,film_immediate_repeat_fraction
False,Unguided,no_reminder_weak,No reminder,Weak task encoding,1.0,0.0,0.0,1.0,0,500,7.59,3.418,3.418,0.0,0.0,0.0,0.24260649350649352,0.0
False,Unguided,no_reminder_weak,No reminder,Weak task encoding,1.0,0.0,0.0,1.0,1,500,7.506,3.142,3.142,0.0,0.0,0.0,0.23207655122655121,0.0
False,Unguided,no_reminder_weak,No reminder,Weak task encoding,1.0,0.0,0.0,1.0,2,500,7.714,3.254,3.254,0.0,0.0,0.0,0.23572633477633478,0.0
False,Unguided,no_reminder_weak,No reminder,Weak task encoding,1.0,0.0,0.0,1.0,3,500,7.782,3.094,3.094,0.0,0.0,0.0,0.2501399711399711,0.0
False,Unguided,no_reminder_weak,No reminder,Weak task encoding,1.0,0.0,0.0,1.0,4,500,7.522,3.378,3.378,0.0,0.0,0.0,0.22499545454545455,0.0
False,Unguided,no_reminder_weak,No reminder,Weak task encoding,1.0,0.0,0.0,1.0,5,500,7.664,3.152,3.152,0.0,0.0,0.0,0.23780274170274168,0.0
False,Unguided,no_reminder_weak,No reminder,Weak task encoding,1.0,0.0,0.0,1.0,6,500,7.67,3.302,3.302,0.0,0.0,0.0,0.23943520923520925,0.0
False,Unguided,no_reminder_weak,No reminder,Weak task encoding,1.0,0.0,0.0,1.0,7,500,7.554,3.228,3.228,0.0,0.0,0.0,0.23936378066378067,0.0
False,Unguided,no_reminder_weak,No reminder,Weak task encoding,1.0,0.0,0.0,1.0,8,500,7.636,3.262,3.262,0.0,0.0,0.0,0.21950086580086584,0.0
False,Unguided,no_reminder_weak,No reminder,Weak task encoding,1.0,0.0,0.0,1.0,9,500,7.606,3.196,3.196,0.0,0.0,0.0,0.24592489177489177,0.0
False,Unguided,no_reminder_strong,No reminder,Strong task encoding,2.0,0.0,0.0,1.0,0,500,7.59,2.732,2.732,0.0,0.0,0.0,0.18484134199134197,0.0
False,Unguided,no_reminder_strong,No reminder,Strong task encoding,2.0,0.0,0.0,1.0,1,500,7.506,2.476,2.476,0.0,0.0,0.0,0.17810743145743146,0.0
False,Unguided,no_reminder_strong,No reminder,Strong task encoding,2.0,0.0,0.0,1.0,2,500,7.714,2.524,2.524,0.0,0.0,0.0,0.17105007215007215,0.0
False,Unguided,no_reminder_strong,No reminder,Strong task encoding,2.0,0.0,0.0,1.0,3,500,7.782,2.302,2.302,0.0,0.0,0.0,0.17172171717171716,0.0
False,Unguided,no_reminder_strong,No reminder,Strong task encoding,2.0,0.0,0.0,1.0,4,500,7.522,2.636,2.636,0.0,0.0,0.0,0.17195021645021646,0.0
False,Unguided,no_reminder_strong,No reminder,Strong task encoding,2.0,0.0,0.0,1.0,5,500,7.664,2.404,2.404,0.0,0.0,0.0,0.17632417027417027,0.0
False,Unguided,no_reminder_strong,No reminder,Strong task encoding,2.0,0.0,0.0,1.0,6,500,7.67,2.542,2.542,0.0,0.0,0.0,0.1675795815295815,0.0
False,Unguided,no_reminder_strong,No reminder,Strong task encoding,2.0,0.0,0.0,1.0,7,500,7.554,2.434,2.434,0.0,0.0,0.0,0.1911582251082251,0.0
False,Unguided,no_reminder_strong,No reminder,Strong task encoding,2.0,0.0,0.0,1.0,8,500,7.636,2.552,2.552,0.0,0.0,0.0,0.1642961038961039,0.0
False,Unguided,no_reminder_strong,No reminder,Strong task encoding,2.0,0.0,0.0,1.0,9,500,7.606,2.476,2.476,0.0,0.0,0.0,0.17651608946608946,0.0
False,Unguided,reminder_weak,With reminder,Weak task encoding,1.0,0.0,0.0,1.0,0,500,7.59,3.046,3.046,0.0,0.0,0.0,0.2716738095238095,0.0
False,Unguided,reminder_weak,With reminder,Weak task encoding,1.0,0.0,0.0,1.0,1,500,7.506,2.854,2.854,0.0,0.0,0.0,0.26167157287157283,0.0
False,Unguided,reminder_weak,With reminder,Weak task encoding,1.0,0.0,0.0,1.0,2,500,7.714,2.938,2.938,0.0,0.0,0.0,0.26867640692640693,0.0
False,Unguided,reminder_weak,With reminder,Weak task encoding,1.0,0.0,0.0,1.0,3,500,7.782,2.772,2.772,0.0,0.0,0.0,0.2786746753246753,0.0
False,Unguided,reminder_weak,With reminder,Weak task encoding,1.0,0.0,0.0,1.0,4,500,7.522,3.038,3.038,0.0,0.0,0.0,0.2610406204906205,0.0
False,Unguided,reminder_weak,With reminder,Weak task encoding,1.0,0.0,0.0,1.0,5,500,7.664,2.81,2.81,0.0,0.0,0.0,0.2802707070707071,0.0
False,Unguided,reminder_weak,With reminder,Weak task encoding,1.0,0.0,0.0,1.0,6,500,7.67,2.93,2.93,0.0,0.0,0.0,0.26350331890331885,0.0
False,Unguided,reminder_weak,With reminder,Weak task encoding,1.0,0.0,0.0,1.0,7,500,7.554,2.926,2.926,0.0,0.0,0.0,0.25552467532467527,0.0
False,Unguided,reminder_weak,With reminder,Weak task encoding,1.0,0.0,0.0,1.0,8,500,7.636,2.938,2.938,0.0,0.0,0.0,0.24919451659451658,0.0
False,Unguided,reminder_weak,With reminder,Weak task encoding,1.0,0.0,0.0,1.0,9,500,7.606,2.826,2.826,0.0,0.0,0.0,0.28353037518037516,0.0
False,Unguided,reminder_strong,With reminder,Strong task encoding,2.0,0.0,0.0,1.0,0,500,7.59,0.976,0.976,0.0,0.0,0.0,0.26964285714285713,0.0
False,Unguided,reminder_strong,With reminder,Strong task encoding,2.0,0.0,0.0,1.0,1,500,7.506,0.892,0.892,0.0,0.0,0.0,0.2568238095238095,0.0
False,Unguided,reminder_strong,With reminder,Strong task encoding,2.0,0.0,0.0,1.0,2,500,7.714,0.91,0.91,0.0,0.0,0.0,0.2335206349206349,0.0
False,Unguided,reminder_strong,With reminder,Strong task encoding,2.0,0.0,0.0,1.0,3,500,7.782,0.894,0.894,0.0,0.0,0.0,0.2362285714285714,0.0
False,Unguided,reminder_strong,With reminder,Strong task encoding,2.0,0.0,0.0,1.0,4,500,7.522,1.104,1.104,0.0,0.0,0.0,0.24504285714285715,0.0
False,Unguided,reminder_strong,With reminder,Strong task encoding,2.0,0.0,0.0,1.0,5,500,7.664,0.92,0.92,0.0,0.0,0.0,0.2373357142857143,0.0
False,Unguided,reminder_strong,With reminder,Strong task encoding,2.0,0.0,0.0,1.0,6,500,7.67,0.878,0.878,0.0,0.0,0.0,0.21839126984126983,0.0
False,Unguided,reminder_strong,With reminder,Strong task encoding,2.0,0.0,0.0,1.0,7,500,7.554,0.96,0.96,0.0,0.0,0.0,0.26271904761904763,0.0
False,Unguided,reminder_strong,With reminder,Strong task encoding,2.0,0.0,0.0,1.0,8,500,7.636,0.994,0.994,0.0,0.0,0.0,0.271731746031746,0.0
False,Unguided,reminder_strong,With reminder,Strong task encoding,2.0,0.0,0.0,1.0,9,500,7.606,0.954,0.954,0.0,0.0,0.0,0.24579841269841268,0.0
False,Deliberate,no_reminder_weak,No reminder,Weak task encoding,1.0,1.0,1.0,0.5,0,500,7.59,7.554,7.554,0.0,0.0,0.0,0.17249184704184703,0.0
False,Deliberate,no_reminder_weak,No reminder,Weak task encoding,1.0,1.0,1.0,0.5,1,500,7.506,7.452,7.452,0.0,0.0,0.0,0.16008910533910534,0.0
False,Deliberate,no_reminder_weak,No reminder,Weak task encoding,1.0,1.0,1.0,0.5,2,500,7.714,7.662,7.662,0.0,0.0,0.0,0.1604378787878788,0.0
False,Deliberate,no_reminder_weak,No reminder,Weak task encoding,1.0,1.0,1.0,0.5,3,500,7.782,7.746,7.746,0.0,0.0,0.0,0.1610923520923521,0.0
False,Deliberate,no_reminder_weak,No reminder,Weak task encoding,1.0,1.0,1.0,0.5,4,500,7.522,7.486,7.486,0.0,0.0,0.0,0.17149761904761907,0.0
False,Deliberate,no_reminder_weak,No reminder,Weak task encoding,1.0,1.0,1.0,0.5,5,500,7.664,7.622,7.622,0.0,0.0,0.0,0.1618354256854257,0.0
False,Deliberate,no_reminder_weak,No reminder,Weak task encoding,1.0,1.0,1.0,0.5,6,500,7.67,7.622,7.622,0.0,0.0,0.0,0.1605374458874459,0.0
False,Deliberate,no_reminder_weak,No reminder,Weak task encoding,1.0,1.0,1.0,0.5,7,500,7.554,7.508,7.508,0.0,0.0,0.0,0.1573510101010101,0.0
False,Deliberate,no_reminder_weak,No reminder,Weak task encoding,1.0,1.0,1.0,0.5,8,500,7.636,7.602,7.602,0.0,0.0,0.0,0.16008520923520925,0.0
False,Deliberate,no_reminder_weak,No reminder,Weak task encoding,1.0,1.0,1.0,0.5,9,500,7.606,7.572,7.572,0.0,0.0,0.0,0.17114805194805194,0.0
False,Deliberate,no_reminder_strong,No reminder,Strong task encoding,2.0,1.0,1.0,0.5,0,500,7.59,7.552,7.552,0.0,0.0,0.0,0.1725585137085137,0.0
False,Deliberate,no_reminder_strong,No reminder,Strong task encoding,2.0,1.0,1.0,0.5,1,500,7.506,7.452,7.452,0.0,0.0,0.0,0.16008910533910534,0.0
False,Deliberate,no_reminder_strong,No reminder,Strong task encoding,2.0,1.0,1.0,0.5,2,500,7.714,7.66,7.66,0.0,0.0,0.0,0.16045303030303032,0.0
False,Deliberate,no_reminder_strong,No reminder,Strong task encoding,2.0,1.0,1.0,0.5,3,500,7.782,7.742,7.742,0.0,0.0,0.0,0.16121053391053392,0.0
False,Deliberate,no_reminder_strong,No reminder,Strong task encoding,2.0,1.0,1.0,0.5,4,500,7.522,7.486,7.486,0.0,0.0,0.0,0.17149761904761907,0.0
False,Deliberate,no_reminder_strong,No reminder,Strong task encoding,2.0,1.0,1.0,0.5,5,500,7.664,7.622,7.622,0.0,0.0,0.0,0.1618354256854257,0.0
False,Deliberate,no_reminder_strong,No reminder,Strong task encoding,2.0,1.0,1.0,0.5,6,500,7.67,7.622,7.622,0.0,0.0,0.0,0.1605374458874459,0.0
False,Deliberate,no_reminder_strong,No reminder,Strong task encoding,2.0,1.0,1.0,0.5,7,500,7.554,7.506,7.506,0.0,0.0,0.0,0.15738672438672438,0.0
False,Deliberate,no_reminder_strong,No reminder,Strong task encoding,2.0,1.0,1.0,0.5,8,500,7.636,7.6,7.6,0.0,0.0,0.0,0.16010339105339105,0.0
False,Deliberate,no_reminder_strong,No reminder,Strong task encoding,2.0,1.0,1.0,0.5,9,500,7.606,7.572,7.572,0.0,0.0,0.0,0.17114805194805194,0.0
False,Deliberate,reminder_weak,With reminder,Weak task encoding,1.0,1.0,1.0,0.5,0,500,7.59,7.516,7.516,0.0,0.0,0.0,0.17313304473304475,0.0
False,Deliberate,reminder_weak,With reminder,Weak task encoding,1.0,1.0,1.0,0.5,1,500,7.506,7.42,7.42,0.0,0.0,0.0,0.16062799422799423,0.0
False,Deliberate,reminder_weak,With reminder,Weak task encoding,1.0,1.0,1.0,0.5,2,500,7.714,7.612,7.612,0.0,0.0,0.0,0.1612646464646465,0.0
False,Deliberate,reminder_weak,With reminder,Weak task encoding,1.0,1.0,1.0,0.5,3,500,7.782,7.68,7.68,0.0,0.0,0.0,0.1622085137085137,0.0
False,Deliberate,reminder_weak,With reminder,Weak task encoding,1.0,1.0,1.0,0.5,4,500,7.522,7.442,7.442,0.0,0.0,0.0,0.17262438672438674,0.0
False,Deliberate,reminder_weak,With reminder,Weak task encoding,1.0,1.0,1.0,0.5,5,500,7.664,7.574,7.574,0.0,0.0,0.0,0.16281002886002888,0.0
False,Deliberate,reminder_weak,With reminder,Weak task encoding,1.0,1.0,1.0,0.5,6,500,7.67,7.572,7.572,0.0,0.0,0.0,0.16234927849927852,0.0
False,Deliberate,reminder_weak,With reminder,Weak task encoding,1.0,1.0,1.0,0.5,7,500,7.554,7.444,7.444,0.0,0.0,0.0,0.15898823953823954,0.0
False,Deliberate,reminder_weak,With reminder,Weak task encoding,1.0,1.0,1.0,0.5,8,500,7.636,7.558,7.558,0.0,0.0,0.0,0.16078189033189033,0.0
False,Deliberate,reminder_weak,With reminder,Weak task encoding,1.0,1.0,1.0,0.5,9,500,7.606,7.532,7.532,0.0,0.0,0.0,0.1717955266955267,0.0
False,Deliberate,reminder_strong,With reminder,Strong task encoding,2.0,1.0,1.0,0.5,0,500,7.59,7.08,7.08,0.0,0.0,0.0,0.18351608946608947,0.0
False,Deliberate,reminder_strong,With reminder,Strong task encoding,2.0,1.0,1.0,0.5,1,500,7.506,6.968,6.968,0.0,0.0,0.0,0.17269747474747474,0.0
False,Deliberate,reminder_strong,With reminder,Strong task encoding,2.0,1.0,1.0,0.5,2,500,7.714,7.18,7.18,0.0,0.0,0.0,0.1692536075036075,0.0
False,Deliberate,reminder_strong,With reminder,Strong task encoding,2.0,1.0,1.0,0.5,3,500,7.782,7.18,7.18,0.0,0.0,0.0,0.17161955266955267,0.0
False,Deliberate,reminder_strong,With reminder,Strong task encoding,2.0,1.0,1.0,0.5,4,500,7.522,6.972,6.972,0.0,0.0,0.0,0.183292784992785,0.0
False,Deliberate,reminder_strong,With reminder,Strong task encoding,2.0,1.0,1.0,0.5,5,500,7.664,7.114,7.114,0.0,0.0,0.0,0.17235569985569985,0.0
False,Deliberate,reminder_strong,With reminder,Strong task encoding,2.0,1.0,1.0,0.5,6,500,7.67,7.164,7.164,0.0,0.0,0.0,0.17082626262626263,0.0
False,Deliberate,reminder_strong,With reminder,Strong task encoding,2.0,1.0,1.0,0.5,7,500,7.554,7.034,7.034,0.0,0.0,0.0,0.16839574314574315,0.0
False,Deliberate,reminder_strong,With reminder,Strong task encoding,2.0,1.0,1.0,0.5,8,500,7.636,7.164,7.164,0.0,0.0,0.0,0.16798239538239537,0.0
False,Deliberate,reminder_strong,With reminder,Strong task encoding,2.0,1.0,1.0,0.5,9,500,7.606,7.1,7.1,0.0,0.0,0.0,0.18044696969696972,0.0
True,Unguided,no_reminder_weak,No reminder,Weak task encoding,1.0,0.0,0.0,1.0,0,500,7.59,3.358,2.506,0.852,0.2537224538415724,0.398,0.29241147186147187,0.15259488768396592
True,Unguided,no_reminder_weak,No reminder,Weak task encoding,1.0,0.0,0.0,1.0,1,500,7.506,2.974,2.204,0.77,0.2589105581708137,0.372,0.2874180375180375,0.18437225636523266
True,Unguided,no_reminder_weak,No reminder,Weak task encoding,1.0,0.0,0.0,1.0,2,500,7.714,3.104,2.238,0.866,0.27899484536082475,0.394,0.3080228715728716,0.21392190152801357
True,Unguided,no_reminder_weak,No reminder,Weak task encoding,1.0,0.0,0.0,1.0,3,500,7.782,2.762,2.034,0.728,0.2635771180304127,0.356,0.288469696969697,0.16793893129770993
True,Unguided,no_reminder_weak,No reminder,Weak task encoding,1.0,0.0,0.0,1.0,4,500,7.522,3.232,2.388,0.844,0.26113861386138615,0.422,0.3121619047619048,0.17467948717948717
True,Unguided,no_reminder_weak,No reminder,Weak task encoding,1.0,0.0,0.0,1.0,5,500,7.664,2.968,2.198,0.77,0.25943396226415094,0.368,0.3000321067821068,0.18617021276595744
True,Unguided,no_reminder_weak,No reminder,Weak task encoding,1.0,0.0,0.0,1.0,6,500,7.67,3.098,2.252,0.846,0.27307940606843123,0.402,0.29773564213564213,0.2018659881255301
True,Unguided,no_reminder_weak,No reminder,Weak task encoding,1.0,0.0,0.0,1.0,7,500,7.554,3.05,2.284,0.766,0.25114754098360653,0.388,0.3064518037518037,0.19772528433945757
True,Unguided,no_reminder_weak,No reminder,Weak task encoding,1.0,0.0,0.0,1.0,8,500,7.636,3.14,2.286,0.854,0.2719745222929936,0.38,0.28252597402597407,0.18129139072847683
True,Unguided,no_reminder_weak,No reminder,Weak task encoding,1.0,0.0,0.0,1.0,9,500,7.606,2.986,2.192,0.794,0.26590756865371734,0.368,0.3080824675324675,0.1956140350877193
True,Unguided,no_reminder_strong,No reminder,Strong task encoding,2.0,0.0,0.0,1.0,0,500,7.59,2.854,2.118,0.736,0.2578836720392432,0.352,0.25355266955266953,0.1550946798917944
True,Unguided,no_reminder_strong,No reminder,Strong task encoding,2.0,0.0,0.0,1.0,1,500,7.506,2.59,1.92,0.67,0.25868725868725867,0.322,0.24162359307359307,0.18562874251497005
True,Unguided,no_reminder_strong,No reminder,Strong task encoding,2.0,0.0,0.0,1.0,2,500,7.714,2.63,1.87,0.76,0.2889733840304182,0.324,0.26137518037518037,0.23230309072781655
True,Unguided,no_reminder_strong,No reminder,Strong task encoding,2.0,0.0,0.0,1.0,3,500,7.782,2.284,1.694,0.59,0.2583187390542907,0.284,0.21399682539682538,0.16004540295119182
True,Unguided,no_reminder_strong,No reminder,Strong task encoding,2.0,0.0,0.0,1.0,4,500,7.522,2.718,2.034,0.684,0.25165562913907286,0.346,0.24073809523809525,0.16776625824693686
True,Unguided,no_reminder_strong,No reminder,Strong task encoding,2.0,0.0,0.0,1.0,5,500,7.664,2.56,1.872,0.688,0.26875,0.32,0.25241695526695523,0.18921668362156663
True,Unguided,no_reminder_strong,No reminder,Strong task encoding,2.0,0.0,0.0,1.0,6,500,7.67,2.652,1.952,0.7,0.26395173453996984,0.338,0.24450209235209236,0.1956521739130435
True,Unguided,no_reminder_strong,No reminder,Strong task encoding,2.0,0.0,0.0,1.0,7,500,7.554,2.556,1.924,0.632,0.24726134585289514,0.322,0.2660105339105339,0.1844559585492228
True,Unguided,no_reminder_strong,No reminder,Strong task encoding,2.0,0.0,0.0,1.0,8,500,7.636,2.638,1.912,0.726,0.27520849128127367,0.322,0.2447378787878788,0.17560975609756097
True,Unguided,no_reminder_strong,No reminder,Strong task encoding,2.0,0.0,0.0,1.0,9,500,7.606,2.536,1.846,0.69,0.27208201892744477,0.308,0.24803210678210677,0.20143149284253578
True,Unguided,reminder_weak,With reminder,Weak task encoding,1.0,0.0,0.0,1.0,0,500,7.59,3.054,2.366,0.688,0.22527832351015062,0.354,0.3172786435786436,0.15716911764705882
True,Unguided,reminder_weak,With reminder,Weak task encoding,1.0,0.0,0.0,1.0,1,500,7.506,2.79,2.148,0.642,0.23010752688172043,0.338,0.305391847041847,0.18595450049455983
True,Unguided,reminder_weak,With reminder,Weak task encoding,1.0,0.0,0.0,1.0,2,500,7.714,2.882,2.12,0.762,0.2643997224149896,0.35,0.3256446608946609,0.22476190476190477
True,Unguided,reminder_weak,With reminder,Weak task encoding,1.0,0.0,0.0,1.0,3,500,7.782,2.554,1.93,0.624,0.24432263116679717,0.336,0.30737763347763347,0.17634173055859803
True,Unguided,reminder_weak,With reminder,Weak task encoding,1.0,0.0,0.0,1.0,4,500,7.522,2.992,2.26,0.732,0.2446524064171123,0.4,0.3295862914862915,0.17749313815187556
True,Unguided,reminder_weak,With reminder,Weak task encoding,1.0,0.0,0.0,1.0,5,500,7.664,2.742,2.066,0.676,0.24653537563822028,0.344,0.320934126984127,0.1902834008097166
True,Unguided,reminder_weak,With reminder,Weak task encoding,1.0,0.0,0.0,1.0,6,500,7.67,2.842,2.124,0.718,0.2526389866291344,0.358,0.30555151515151513,0.19921491658488713
True,Unguided,reminder_weak,With reminder,Weak task encoding,1.0,0.0,0.0,1.0,7,500,7.554,2.862,2.178,0.684,0.2389937106918239,0.38,0.3248416305916306,0.2017458777885548
True,Unguided,reminder_weak,With reminder,Weak task encoding,1.0,0.0,0.0,1.0,8,500,7.636,2.814,2.122,0.692,0.2459132906894101,0.342,0.29898614718614713,0.17566241413150147
True,Unguided,reminder_weak,With reminder,Weak task encoding,1.0,0.0,0.0,1.0,9,500,7.606,2.76,2.084,0.676,0.24492753623188407,0.338,0.3288113997113997,0.194
True,Unguided,reminder_strong,With reminder,Strong task encoding,2.0,0.0,0.0,1.0,0,500,7.59,0.998,0.854,0.144,0.14428857715430862,0.096,0.27147142857142853,0.14015151515151514
True,Unguided,reminder_strong,With reminder,Strong task encoding,2.0,0.0,0.0,1.0,1,500,7.506,0.928,0.792,0.136,0.14655172413793102,0.09,0.23634920634920636,0.13688212927756654
True,Unguided,reminder_strong,With reminder,Strong task encoding,2.0,0.0,0.0,1.0,2,500,7.714,0.948,0.788,0.16,0.16877637130801687,0.11,0.24727936507936507,0.1992619926199262
True,Unguided,reminder_strong,With reminder,Strong task encoding,2.0,0.0,0.0,1.0,3,500,7.782,0.912,0.73,0.182,0.19956140350877194,0.108,0.22420079365079362,0.22761194029850745
True,Unguided,reminder_strong,With reminder,Strong task encoding,2.0,0.0,0.0,1.0,4,500,7.522,1.164,0.948,0.216,0.18556701030927836,0.144,0.25922142857142855,0.1908831908831909
True,Unguided,reminder_strong,With reminder,Strong task encoding,2.0,0.0,0.0,1.0,5,500,7.664,0.95,0.79,0.16,0.16842105263157894,0.116,0.24223809523809525,0.20357142857142857
True,Unguided,reminder_strong,With reminder,Strong task encoding,2.0,0.0,0.0,1.0,6,500,7.67,0.882,0.728,0.154,0.1746031746031746,0.082,0.21104365079365078,0.2153846153846154
True,Unguided,reminder_strong,With reminder,Strong task encoding,2.0,0.0,0.0,1.0,7,500,7.554,1.002,0.828,0.174,0.17365269461077845,0.122,0.2720071428571429,0.2
True,Unguided,reminder_strong,With reminder,Strong task encoding,2.0,0.0,0.0,1.0,8,500,7.636,1.04,0.876,0.164,0.1576923076923077,0.108,0.25798593073593074,0.16896551724137931
True,Unguided,reminder_strong,With reminder,Strong task encoding,2.0,0.0,0.0,1.0,9,500,7.606,0.994,0.83,0.164,0.16498993963782696,0.102,0.2612494227994228,0.1853146853146853
True,Deliberate,no_reminder_weak,No reminder,Weak task encoding,1.0,1.0,1.0,0.5,0,500,7.59,7.566,5.702,1.864,0.246365318530267,0.818,0.31540800865800867,0.09487492373398414
True,Deliberate,no_reminder_weak,No reminder,Weak task encoding,1.0,1.0,1.0,0.5,1,500,7.506,7.472,5.774,1.698,0.22724839400428265,0.794,0.29463614718614717,0.09703337453646477
True,Deliberate,no_reminder_weak,No reminder,Weak task encoding,1.0,1.0,1.0,0.5,2,500,7.714,7.686,5.822,1.864,0.24251886546968515,0.814,0.29824862914862915,0.10152740341419586
True,Deliberate,no_reminder_weak,No reminder,Weak task encoding,1.0,1.0,1.0,0.5,3,500,7.782,7.76,5.84,1.92,0.24742268041237114,0.822,0.30208722943722943,0.09828300769686205
True,Deliberate,no_reminder_weak,No reminder,Weak task encoding,1.0,1.0,1.0,0.5,4,500,7.522,7.498,5.674,1.824,0.2432648706321686,0.812,0.31338535353535346,0.09990749306197964
True,Deliberate,no_reminder_weak,No reminder,Weak task encoding,1.0,1.0,1.0,0.5,5,500,7.664,7.636,5.802,1.834,0.2401781037192247,0.796,0.29765209235209233,0.09903381642512077
True,Deliberate,no_reminder_weak,No reminder,Weak task encoding,1.0,1.0,1.0,0.5,6,500,7.67,7.642,5.86,1.782,0.23318503009683328,0.818,0.3035786435786436,0.09625829812914906
True,Deliberate,no_reminder_weak,No reminder,Weak task encoding,1.0,1.0,1.0,0.5,7,500,7.554,7.53,5.754,1.776,0.2358565737051793,0.786,0.2889033189033189,0.10477941176470588
True,Deliberate,no_reminder_weak,No reminder,Weak task encoding,1.0,1.0,1.0,0.5,8,500,7.636,7.618,5.812,1.806,0.23707009713835653,0.806,0.2991965367965368,0.09145789314820404
True,Deliberate,no_reminder_weak,No reminder,Weak task encoding,1.0,1.0,1.0,0.5,9,500,7.606,7.586,5.686,1.9,0.25046137621935144,0.812,0.3149785714285714,0.11057108140947752
True,Deliberate,no_reminder_strong,No reminder,Strong task encoding,2.0,1.0,1.0,0.5,0,500,7.59,7.564,5.706,1.858,0.24563722897937598,0.818,0.31513578643578644,0.09459871833994507
True,Deliberate,no_reminder_strong,No reminder,Strong task encoding,2.0,1.0,1.0,0.5,1,500,7.506,7.47,5.774,1.696,0.22704149933065595,0.794,0.29462503607503604,0.09709338280766852
True,Deliberate,no_reminder_strong,No reminder,Strong task encoding,2.0,1.0,1.0,0.5,2,500,7.714,7.686,5.824,1.862,0.24225865209471767,0.814,0.29824862914862915,0.10152740341419586
True,Deliberate,no_reminder_strong,No reminder,Strong task encoding,2.0,1.0,1.0,0.5,3,500,7.782,7.758,5.838,1.92,0.24748646558391338,0.822,0.3021781385281385,0.09863744075829384
True,Deliberate,no_reminder_strong,No reminder,Strong task encoding,2.0,1.0,1.0,0.5,4,500,7.522,7.498,5.674,1.824,0.2432648706321686,0.812,0.31358535353535355,0.09990749306197964
True,Deliberate,no_reminder_strong,No reminder,Strong task encoding,2.0,1.0,1.0,0.5,5,500,7.664,7.636,5.802,1.834,0.2401781037192247,0.796,0.29765209235209233,0.09903381642512077
True,Deliberate,no_reminder_strong,No reminder,Strong task encoding,2.0,1.0,1.0,0.5,6,500,7.67,7.638,5.854,1.784,0.23356899711966483,0.818,0.303741341991342,0.09607250755287008
True,Deliberate,no_reminder_strong,No reminder,Strong task encoding,2.0,1.0,1.0,0.5,7,500,7.554,7.526,5.752,1.774,0.2357161838958278,0.786,0.28901111111111105,0.10487580496780129
True,Deliberate,no_reminder_strong,No reminder,Strong task encoding,2.0,1.0,1.0,0.5,8,500,7.636,7.618,5.812,1.806,0.23707009713835653,0.806,0.2990147186147186,0.09175973437971627
True,Deliberate,no_reminder_strong,No reminder,Strong task encoding,2.0,1.0,1.0,0.5,9,500,7.606,7.584,5.688,1.896,0.25,0.812,0.3148357142857143,0.11060467942874506
True,Deliberate,reminder_weak,With reminder,Weak task encoding,1.0,1.0,1.0,0.5,0,500,7.59,7.552,5.726,1.826,0.24179025423728814,0.812,0.3142839105339106,0.0945821854912764
True,Deliberate,reminder_weak,With reminder,Weak task encoding,1.0,1.0,1.0,0.5,1,500,7.506,7.446,5.764,1.682,0.22589309696481333,0.794,0.2952504329004329,0.09744707347447074
True,Deliberate,reminder_weak,With reminder,Weak task encoding,1.0,1.0,1.0,0.5,2,500,7.714,7.654,5.802,1.852,0.24196498562842958,0.802,0.2995805194805195,0.10093683892414627
True,Deliberate,reminder_weak,With reminder,Weak task encoding,1.0,1.0,1.0,0.5,3,500,7.782,7.732,5.832,1.9,0.24573202276254527,0.82,0.30256810966810965,0.10020876826722339
True,Deliberate,reminder_weak,With reminder,Weak task encoding,1.0,1.0,1.0,0.5,4,500,7.522,7.466,5.656,1.81,0.24243236003214572,0.82,0.31664393939393937,0.10108864696734059
True,Deliberate,reminder_weak,With reminder,Weak task encoding,1.0,1.0,1.0,0.5,5,500,7.664,7.604,5.768,1.836,0.24145186743819042,0.808,0.2988275613275613,0.10140073081607795
True,Deliberate,reminder_weak,With reminder,Weak task encoding,1.0,1.0,1.0,0.5,6,500,7.67,7.608,5.822,1.786,0.2347528916929548,0.82,0.30443124098124097,0.09638187899057464
True,Deliberate,reminder_weak,With reminder,Weak task encoding,1.0,1.0,1.0,0.5,7,500,7.554,7.494,5.75,1.744,0.2327195089404857,0.782,0.290137518037518,0.10296846011131726
True,Deliberate,reminder_weak,With reminder,Weak task encoding,1.0,1.0,1.0,0.5,8,500,7.636,7.594,5.814,1.78,0.23439557545430603,0.798,0.2972611111111111,0.0911854103343465
True,Deliberate,reminder_weak,With reminder,Weak task encoding,1.0,1.0,1.0,0.5,9,500,7.606,7.562,5.666,1.896,0.2507273208145993,0.81,0.31649538239538244,0.10951361272560416
True,Deliberate,reminder_strong,With reminder,Strong task encoding,2.0,1.0,1.0,0.5,0,500,7.59,7.262,5.584,1.678,0.23106582208757917,0.786,0.3198253246753247,0.08537392455327597
True,Deliberate,reminder_strong,With reminder,Strong task encoding,2.0,1.0,1.0,0.5,1,500,7.506,7.098,5.482,1.616,0.2276697661313046,0.77,0.30460685425685424,0.09704784526637258
True,Deliberate,reminder_strong,With reminder,Strong task encoding,2.0,1.0,1.0,0.5,2,500,7.714,7.314,5.582,1.732,0.23680612523926717,0.792,0.30964379509379514,0.09947124917382684
True,Deliberate,reminder_strong,With reminder,Strong task encoding,2.0,1.0,1.0,0.5,3,500,7.782,7.354,5.594,1.76,0.23932553712265434,0.798,0.3090637806637806,0.10147783251231528
True,Deliberate,reminder_strong,With reminder,Strong task encoding,2.0,1.0,1.0,0.5,4,500,7.522,7.15,5.496,1.654,0.23132867132867133,0.806,0.3268419191919192,0.09925725860904794
True,Deliberate,reminder_strong,With reminder,Strong task encoding,2.0,1.0,1.0,0.5,5,500,7.664,7.26,5.544,1.716,0.23636363636363636,0.78,0.30346233766233766,0.10119442601194426
True,Deliberate,reminder_strong,With reminder,Strong task encoding,2.0,1.0,1.0,0.5,6,500,7.67,7.298,5.64,1.658,0.22718553028226912,0.796,0.31289862914862915,0.09930943768497205
True,Deliberate,reminder_strong,With reminder,Strong task encoding,2.0,1.0,1.0,0.5,7,500,7.554,7.164,5.55,1.614,0.22529313232830822,0.782,0.30021385281385277,0.10285714285714286
True,Deliberate,reminder_strong,With reminder,Strong task encoding,2.0,1.0,1.0,0.5,8,500,7.636,7.318,5.608,1.71,0.23367040174911177,0.78,0.3035266233766234,0.09422888816432996
True,Deliberate,reminder_strong,With reminder,Strong task encoding,2.0,1.0,1.0,0.5,9,500,7.606,7.27,5.522,1.748,0.24044016506189822,0.77,0.3168772005772006,0.10644628099173553
