allow_repeated_recalls,batch_id,metric,unguided_no_reminder_task_cost,unguided_reminder_task_cost,unguided_reminder_specific_sensitivity,deliberate_no_reminder_task_cost,deliberate_reminder_task_cost,deliberate_reminder_specific_sensitivity,selective_protection
False,0,total,0.6859999999999999,2.07,1.384,0.002000000000000668,0.43599999999999994,0.4339999999999993,0.9500000000000006
False,0,unique,0.6859999999999999,2.07,1.384,0.002000000000000668,0.43599999999999994,0.4339999999999993,0.9500000000000006
False,0,repeated,0.0,0.0,0.0,0.0,0.0,0.0,0.0
False,1,total,0.6659999999999999,1.9620000000000002,1.2960000000000003,0.0,0.45199999999999996,0.45199999999999996,0.8440000000000003
False,1,unique,0.6659999999999999,1.9620000000000002,1.2960000000000003,0.0,0.45199999999999996,0.45199999999999996,0.8440000000000003
False,1,repeated,0.0,0.0,0.0,0.0,0.0,0.0,0.0
False,2,total,0.73,2.028,1.298,0.0019999999999997797,0.4320000000000004,0.4300000000000006,0.8679999999999994
False,2,unique,0.73,2.028,1.298,0.0019999999999997797,0.4320000000000004,0.4300000000000006,0.8679999999999994
False,2,repeated,0.0,0.0,0.0,0.0,0.0,0.0,0.0
False,3,total,0.7919999999999998,1.8779999999999997,1.0859999999999999,0.004000000000000448,0.5,0.49599999999999955,0.5900000000000003
False,3,unique,0.7919999999999998,1.8779999999999997,1.0859999999999999,0.004000000000000448,0.5,0.49599999999999955,0.5900000000000003
False,3,repeated,0.0,0.0,0.0,0.0,0.0,0.0,0.0
False,4,total,0.742,1.9339999999999997,1.1919999999999997,0.0,0.46999999999999975,0.46999999999999975,0.722
False,4,unique,0.742,1.9339999999999997,1.1919999999999997,0.0,0.46999999999999975,0.46999999999999975,0.722
False,4,repeated,0.0,0.0,0.0,0.0,0.0,0.0,0.0
False,5,total,0.7480000000000002,1.8900000000000001,1.142,0.0,0.45999999999999996,0.45999999999999996,0.6819999999999999
False,5,unique,0.7480000000000002,1.8900000000000001,1.142,0.0,0.45999999999999996,0.45999999999999996,0.6819999999999999
False,5,repeated,0.0,0.0,0.0,0.0,0.0,0.0,0.0
False,6,total,0.7600000000000002,2.052,1.2919999999999998,0.0,0.40800000000000036,0.40800000000000036,0.8839999999999995
False,6,unique,0.7600000000000002,2.052,1.2919999999999998,0.0,0.40800000000000036,0.40800000000000036,0.8839999999999995
False,6,repeated,0.0,0.0,0.0,0.0,0.0,0.0,0.0
False,7,total,0.794,1.9660000000000002,1.1720000000000002,0.0019999999999997797,0.41000000000000014,0.40800000000000036,0.7639999999999998
False,7,unique,0.794,1.9660000000000002,1.1720000000000002,0.0019999999999997797,0.41000000000000014,0.40800000000000036,0.7639999999999998
False,7,repeated,0.0,0.0,0.0,0.0,0.0,0.0,0.0
False,8,total,0.71,1.9440000000000002,1.2340000000000002,0.002000000000000668,0.39400000000000013,0.39199999999999946,0.8420000000000007
False,8,unique,0.71,1.9440000000000002,1.2340000000000002,0.002000000000000668,0.39400000000000013,0.39199999999999946,0.8420000000000007
False,8,repeated,0.0,0.0,0.0,0.0,0.0,0.0,0.0
False,9,total,0.7200000000000002,1.872,1.152,0.0,0.4320000000000004,0.4320000000000004,0.7199999999999995
False,9,unique,0.7200000000000002,1.872,1.152,0.0,0.4320000000000004,0.4320000000000004,0.7199999999999995
False,9,repeated,0.0,0.0,0.0,0.0,0.0,0.0,0.0
True,0,total,0.504,2.056,1.552,0.0019999999999997797,0.29000000000000004,0.28800000000000026,1.2639999999999998
True,0,unique,0.3879999999999999,1.512,1.124,-0.004000000000000448,0.14200000000000035,0.1460000000000008,0.9779999999999993
True,0,repeated,0.11599999999999999,0.5439999999999999,0.42799999999999994,0.006000000000000005,0.14800000000000013,0.14200000000000013,0.2859999999999998
True,1,total,0.38400000000000034,1.862,1.4779999999999998,0.002000000000000668,0.34799999999999986,0.3459999999999992,1.1320000000000006
True,1,unique,0.28400000000000025,1.356,1.0719999999999998,0.0,0.28200000000000003,0.28200000000000003,0.7899999999999998
True,1,repeated,0.09999999999999998,0.506,0.406,0.0020000000000000018,0.06599999999999984,0.06399999999999983,0.3420000000000002
True,2,total,0.4740000000000002,1.9340000000000002,1.46,0.0,0.33999999999999986,0.33999999999999986,1.12
True,2,unique,0.3679999999999999,1.332,0.9640000000000002,-0.0019999999999997797,0.21999999999999975,0.22199999999999953,0.7420000000000007
True,2,repeated,0.10599999999999998,0.602,0.496,0.0020000000000000018,0.1200000000000001,0.1180000000000001,0.3779999999999999
True,3,total,0.4780000000000002,1.642,1.1639999999999997,0.0019999999999997797,0.3780000000000001,0.37600000000000033,0.7879999999999994
True,3,unique,0.33999999999999986,1.2,0.8600000000000001,0.0019999999999997797,0.23799999999999955,0.23599999999999977,0.6240000000000003
True,3,repeated,0.138,0.442,0.304,0.0,0.1399999999999999,0.1399999999999999,0.1640000000000001
True,4,total,0.5140000000000002,1.828,1.3139999999999998,0.0,0.31599999999999984,0.31599999999999984,0.998
True,4,unique,0.3540000000000001,1.3119999999999998,0.9579999999999997,0.0,0.15999999999999925,0.15999999999999925,0.7980000000000005
True,4,repeated,0.15999999999999992,0.516,0.3560000000000001,0.0,0.15600000000000014,0.15600000000000014,0.19999999999999996
True,5,total,0.4079999999999999,1.792,1.3840000000000001,0.0,0.3440000000000003,0.3440000000000003,1.0399999999999998
True,5,unique,0.32599999999999985,1.2759999999999998,0.95,0.0,0.2240000000000002,0.2240000000000002,0.7259999999999998
True,5,repeated,0.08200000000000007,0.516,0.43399999999999994,0.0,0.1200000000000001,0.1200000000000001,0.31399999999999983
True,6,total,0.44599999999999973,1.96,1.5140000000000002,0.004000000000000448,0.3099999999999996,0.30599999999999916,1.208000000000001
True,6,unique,0.2999999999999998,1.3960000000000001,1.0960000000000003,0.006000000000000227,0.18200000000000038,0.17600000000000016,0.9200000000000002
True,6,repeated,0.14600000000000002,0.564,0.4179999999999999,-0.0020000000000000018,0.1280000000000001,0.13000000000000012,0.2879999999999998
True,7,total,0.4939999999999998,1.86,1.3660000000000003,0.004000000000000448,0.33000000000000007,0.3259999999999996,1.0400000000000007
True,7,unique,0.3599999999999999,1.35,0.9900000000000002,0.0019999999999997797,0.20000000000000018,0.1980000000000004,0.7919999999999998
True,7,repeated,0.134,0.51,0.376,0.0020000000000000018,0.1299999999999999,0.1279999999999999,0.2480000000000001
True,8,total,0.5020000000000002,1.774,1.2719999999999998,0.0,0.2760000000000007,0.2760000000000007,0.9959999999999991
True,8,unique,0.3740000000000001,1.246,0.8719999999999999,0.0,0.2060000000000004,0.2060000000000004,0.6659999999999995
True,8,repeated,0.128,0.5279999999999999,0.3999999999999999,0.0,0.07000000000000006,0.07000000000000006,0.32999999999999985
True,9,total,0.4500000000000002,1.7659999999999998,1.3159999999999996,0.002000000000000668,0.2920000000000007,0.29000000000000004,1.0259999999999996
True,9,unique,0.3460000000000001,1.254,0.9079999999999999,-0.0019999999999997797,0.14400000000000013,0.1459999999999999,0.762
True,9,repeated,0.10400000000000009,0.512,0.4079999999999999,0.0040000000000000036,0.1479999999999999,0.1439999999999999,0.264
