start_drift_scale,rejected_recall_drift_scale,reminder_condition,task_condition,task_mcf_scale,film_cue_reinstatement,first_cue_after,film_return_probability,transition_count,film_return_count
0.0,1.0,No reminder,Weak task encoding,1.0,0.9,0,0.15469751602564102,19968,3089
0.0,1.0,No reminder,Strong task encoding,2.0,0.9,0,0.08475164987843001,23032,1952
0.0,1.0,With reminder,Weak task encoding,1.0,0.9,0,0.16293468646711046,21481,3500
0.0,1.0,With reminder,Strong task encoding,2.0,0.9,0,0.04465920651068159,29490,1317
0.0,0.75,No reminder,Weak task encoding,1.0,0.9,0,0.23682071528100326,17224,4079
0.0,0.75,No reminder,Strong task encoding,2.0,0.9,0,0.15626567673321962,19934,3115
0.0,0.75,With reminder,Weak task encoding,1.0,0.9,0,0.24810274372446,18843,4675
0.0,0.75,With reminder,Strong task encoding,2.0,0.9,0,0.07975958988863355,28285,2256
0.0,0.5,No reminder,Weak task encoding,1.0,0.9,0,0.32292656440885026,14734,4758
0.0,0.5,No reminder,Strong task encoding,2.0,0.9,0,0.24577287444537715,16678,4099
0.0,0.5,With reminder,Weak task encoding,1.0,0.9,0,0.33208617464244766,16571,5503
0.0,0.5,With reminder,Strong task encoding,2.0,0.9,0,0.13158879904162923,26712,3515
0.0,0.25,No reminder,Weak task encoding,1.0,0.9,0,0.40179422038742457,12596,5061
0.0,0.25,No reminder,Strong task encoding,2.0,0.9,0,0.3783624002364765,13532,5120
0.0,0.25,With reminder,Weak task encoding,1.0,0.9,0,0.411898055918115,14557,5996
0.0,0.25,With reminder,Strong task encoding,2.0,0.9,0,0.2298763880159229,23865,5486
0.0,0.0,No reminder,Weak task encoding,1.0,0.9,0,0.5066303018903414,10633,5387
0.0,0.0,No reminder,Strong task encoding,2.0,0.9,0,0.4811865593279664,11428,5499
0.0,0.0,With reminder,Weak task encoding,1.0,0.9,0,0.49200939180489284,13203,6496
0.0,0.0,With reminder,Strong task encoding,2.0,0.9,0,0.3591027340107004,20373,7316
1.0,1.0,No reminder,Weak task encoding,1.0,0.9,0,0.3379116041556612,5679,1919
1.0,1.0,No reminder,Strong task encoding,2.0,0.9,0,0.2415495064313491,6686,1615
1.0,1.0,With reminder,Weak task encoding,1.0,0.9,0,0.31796690307328607,9306,2959
1.0,1.0,With reminder,Strong task encoding,2.0,0.9,0,0.06251048833696929,23836,1490
1.0,0.75,No reminder,Weak task encoding,1.0,0.9,0,0.5497618450739534,3989,2193
1.0,0.75,No reminder,Strong task encoding,2.0,0.9,0,0.4461476401774909,4958,2212
1.0,0.75,With reminder,Weak task encoding,1.0,0.9,0,0.4908874801901743,7572,3717
1.0,0.75,With reminder,Strong task encoding,2.0,0.9,0,0.12498872756786004,22178,2772
1.0,0.5,No reminder,Weak task encoding,1.0,0.9,0,0.7086944366787811,3577,2535
1.0,0.5,No reminder,Strong task encoding,2.0,0.9,0,0.6447541414672627,3803,2452
1.0,0.5,With reminder,Weak task encoding,1.0,0.9,0,0.6271265803027938,6407,4018
1.0,0.5,With reminder,Strong task encoding,2.0,0.9,0,0.2190088868805543,19917,4362
1.0,0.25,No reminder,Weak task encoding,1.0,0.9,0,0.7952144188937228,3218,2559
1.0,0.25,No reminder,Strong task encoding,2.0,0.9,0,0.7757201646090535,3402,2639
1.0,0.25,With reminder,Weak task encoding,1.0,0.9,0,0.7036661598242946,5919,4165
1.0,0.25,With reminder,Strong task encoding,2.0,0.9,0,0.36446295535871415,17047,6213
1.0,0.0,No reminder,Weak task encoding,1.0,0.9,0,0.8613403763618356,3029,2609
1.0,0.0,No reminder,Strong task encoding,2.0,0.9,0,0.8573786728293166,3029,2597
1.0,0.0,With reminder,Weak task encoding,1.0,0.9,0,0.768453911127433,5446,4185
1.0,0.0,With reminder,Strong task encoding,2.0,0.9,0,0.5482870537324198,13865,7602
1.5,1.0,No reminder,Weak task encoding,1.0,0.9,0,0.4049586776859504,3630,1470
1.5,1.0,No reminder,Strong task encoding,2.0,0.9,0,0.3302984319676277,3954,1306
1.5,1.0,With reminder,Weak task encoding,1.0,0.9,0,0.36759710530202333,6771,2489
1.5,1.0,With reminder,Strong task encoding,2.0,0.9,0,0.07001204707626726,21582,1511
1.5,0.75,No reminder,Weak task encoding,1.0,0.9,0,0.6128311522502394,3133,1920
1.5,0.75,No reminder,Strong task encoding,2.0,0.9,0,0.5399262899262899,3256,1758
1.5,0.75,With reminder,Weak task encoding,1.0,0.9,0,0.5432922655715263,5844,3175
1.5,0.75,With reminder,Strong task encoding,2.0,0.9,0,0.1408186065407272,19692,2773
1.5,0.5,No reminder,Weak task encoding,1.0,0.9,0,0.7349218168279971,2686,1974
1.5,0.5,No reminder,Strong task encoding,2.0,0.9,0,0.6918396564065855,2794,1933
1.5,0.5,With reminder,Weak task encoding,1.0,0.9,0,0.6394726786396637,5234,3347
1.5,0.5,With reminder,Strong task encoding,2.0,0.9,0,0.24479853269903135,17447,4271
1.5,0.25,No reminder,Weak task encoding,1.0,0.9,0,0.8255905511811024,2540,2097
1.5,0.25,No reminder,Strong task encoding,2.0,0.9,0,0.8038430744595677,2498,2008
1.5,0.25,With reminder,Weak task encoding,1.0,0.9,0,0.7174744897959183,4704,3375
1.5,0.25,With reminder,Strong task encoding,2.0,0.9,0,0.4011371237458194,14950,5997
1.5,0.0,No reminder,Weak task encoding,1.0,0.9,0,0.8635961027457927,2258,1950
1.5,0.0,No reminder,Strong task encoding,2.0,0.9,0,0.8404390037990713,2369,1991
1.5,0.0,With reminder,Weak task encoding,1.0,0.9,0,0.7740447957839263,4554,3525
1.5,0.0,With reminder,Strong task encoding,2.0,0.9,0,0.584396467124632,12228,7146
2.0,1.0,No reminder,Weak task encoding,1.0,0.9,0,0.3996227431959041,3711,1483
2.0,1.0,No reminder,Strong task encoding,2.0,0.9,0,0.3249061326658323,3995,1298
2.0,1.0,With reminder,Weak task encoding,1.0,0.9,0,0.37261192941519616,6857,2555
2.0,1.0,With reminder,Strong task encoding,2.0,0.9,0,0.06689473440895012,21631,1447
2.0,0.75,No reminder,Weak task encoding,1.0,0.9,0,0.5956701687360713,3141,1871
2.0,0.75,No reminder,Strong task encoding,2.0,0.9,0,0.5295384615384615,3250,1721
2.0,0.75,With reminder,Weak task encoding,1.0,0.9,0,0.5365431243505369,5774,3098
2.0,0.75,With reminder,Strong task encoding,2.0,0.9,0,0.1363863863863864,19980,2725
2.0,0.5,No reminder,Weak task encoding,1.0,0.9,0,0.7223679280629449,2669,1928
2.0,0.5,No reminder,Strong task encoding,2.0,0.9,0,0.7062104871699516,2689,1899
2.0,0.5,With reminder,Weak task encoding,1.0,0.9,0,0.643220007815553,5118,3292
2.0,0.5,With reminder,Strong task encoding,2.0,0.9,0,0.23991820970123823,17606,4224
2.0,0.25,No reminder,Weak task encoding,1.0,0.9,0,0.7898493259318001,2522,1992
2.0,0.25,No reminder,Strong task encoding,2.0,0.9,0,0.8000804505229284,2486,1989
2.0,0.25,With reminder,Weak task encoding,1.0,0.9,0,0.7084388185654008,4740,3358
2.0,0.25,With reminder,Strong task encoding,2.0,0.9,0,0.4014084507042254,14484,5814
2.0,0.0,No reminder,Weak task encoding,1.0,0.9,0,0.8559688581314879,2312,1979
2.0,0.0,No reminder,Strong task encoding,2.0,0.9,0,0.8570205479452054,2336,2002
2.0,0.0,With reminder,Weak task encoding,1.0,0.9,0,0.7800091282519398,4382,3418
2.0,0.0,With reminder,Strong task encoding,2.0,0.9,0,0.5748050882232253,12185,7004
2.5,1.0,No reminder,Weak task encoding,1.0,0.9,0,0.4056919642857143,3584,1454
2.5,1.0,No reminder,Strong task encoding,2.0,0.9,0,0.3190394511149228,4081,1302
2.5,1.0,With reminder,Weak task encoding,1.0,0.9,0,0.36678966789667894,6775,2485
2.5,1.0,With reminder,Strong task encoding,2.0,0.9,0,0.06945591338654923,21798,1514
2.5,0.75,No reminder,Weak task encoding,1.0,0.9,0,0.5991916470191984,2969,1779
2.5,0.75,No reminder,Strong task encoding,2.0,0.9,0,0.5286236297198539,3284,1736
2.5,0.75,With reminder,Weak task encoding,1.0,0.9,0,0.5245130960376091,5956,3124
2.5,0.75,With reminder,Strong task encoding,2.0,0.9,0,0.13829361105547766,19972,2762
2.5,0.5,No reminder,Weak task encoding,1.0,0.9,0,0.7414505824877865,2661,1973
2.5,0.5,No reminder,Strong task encoding,2.0,0.9,0,0.694162880111849,2861,1986
2.5,0.5,With reminder,Weak task encoding,1.0,0.9,0,0.6303086997193639,5345,3369
2.5,0.5,With reminder,Strong task encoding,2.0,0.9,0,0.24888507718696398,17490,4353
2.5,0.25,No reminder,Weak task encoding,1.0,0.9,0,0.8121434392828036,2454,1993
2.5,0.25,No reminder,Strong task encoding,2.0,0.9,0,0.8055445544554456,2525,2034
2.5,0.25,With reminder,Weak task encoding,1.0,0.9,0,0.7074119574119574,4884,3455
2.5,0.25,With reminder,Strong task encoding,2.0,0.9,0,0.4012888501040478,14897,5978
2.5,0.0,No reminder,Weak task encoding,1.0,0.9,0,0.870362473347548,2345,2041
2.5,0.0,No reminder,Strong task encoding,2.0,0.9,0,0.8578431372549019,2448,2100
2.5,0.0,With reminder,Weak task encoding,1.0,0.9,0,0.7655652955720387,4449,3406
2.5,0.0,With reminder,Strong task encoding,2.0,0.9,0,0.5778211699617606,12291,7102
