retrieval_condition,recall_drift_scale,phase,recall_probability_mass
Unguided retrieval,0.0,break,0.003400000001420267
Unguided retrieval,0.0,filler,6.543199960142374
Unguided retrieval,0.0,film,0.0017999999545281753
Unguided retrieval,0.0,task,1.1236000070348382
Unguided retrieval,0.15,break,0.005000000091968104
Unguided retrieval,0.15,filler,6.157799940556288
Unguided retrieval,0.15,film,0.0033999999577645212
Unguided retrieval,0.15,task,1.4882000121288002
Unguided retrieval,0.3,break,0.003999999942607246
Unguided retrieval,0.3,filler,5.796600021421909
Unguided retrieval,0.3,film,0.001799999998183921
Unguided retrieval,0.3,task,1.8750000046566129
Unguided retrieval,0.45,break,0.0029999999242136255
Unguided retrieval,0.45,filler,5.465599972754717
Unguided retrieval,0.45,film,0.001999999993131496
Unguided retrieval,0.45,task,2.1617999924346805
Unguided retrieval,0.6,break,0.004400000019813888
Unguided retrieval,0.6,filler,5.13780003041029
Unguided retrieval,0.6,film,0.002599999977974221
Unguided retrieval,0.6,task,2.484200032427907
Unguided retrieval,0.75,break,0.003999999971711077
Unguided retrieval,0.75,filler,4.972000017762184
Unguided retrieval,0.75,film,0.002999999967869371
Unguided retrieval,0.75,task,2.735199999064207
Unguided retrieval,0.9,break,0.004999999961000867
Unguided retrieval,0.9,filler,4.707399986684322
Unguided retrieval,0.9,film,0.009000000165542588
Unguided retrieval,0.9,task,2.903999999165535
Unguided retrieval,1.0,break,0.0078000001376494765
Unguided retrieval,1.0,filler,4.568599924445152
Unguided retrieval,1.0,film,0.004600000131176785
Unguided retrieval,1.0,task,3.039599996060133
Deliberate recall,0.0,break,0.03279999994265381
Deliberate recall,0.0,filler,2.3336000107228756
Deliberate recall,0.0,film,4.0956000573933125
Deliberate recall,0.0,task,1.2092000022530556
Deliberate recall,0.15,break,0.045600000230479054
Deliberate recall,0.15,filler,1.7506000017747283
Deliberate recall,0.15,film,3.753400042653084
Deliberate recall,0.15,task,2.0788000226020813
Deliberate recall,0.3,break,0.05659999897761736
Deliberate recall,0.3,filler,1.3968000002205372
Deliberate recall,0.3,film,3.237999975681305
Deliberate recall,0.3,task,2.9328000098466873
Deliberate recall,0.45,break,0.059800000992254354
Deliberate recall,0.45,filler,1.2528000008314848
Deliberate recall,0.45,film,2.901999980211258
Deliberate recall,0.45,task,3.4054000228643417
Deliberate recall,0.6,break,0.0643999996536877
Deliberate recall,0.6,filler,1.1544000022113323
Deliberate recall,0.6,film,2.6581999994814396
Deliberate recall,0.6,task,3.722800001502037
Deliberate recall,0.75,break,0.06100000090373214
Deliberate recall,0.75,filler,1.1417999994009733
Deliberate recall,0.75,film,2.4933999851346016
Deliberate recall,0.75,task,3.922000005841255
Deliberate recall,0.9,break,0.06920000079844613
Deliberate recall,0.9,filler,1.0672000125050545
Deliberate recall,0.9,film,2.381600007414818
Deliberate recall,0.9,task,4.099400028586388
Deliberate recall,1.0,break,0.07199999890872277
Deliberate recall,1.0,filler,1.0943999961018562
Deliberate recall,1.0,film,2.323399994522333
Deliberate recall,1.0,task,4.154199987649918
