deliberate_rejected_recall_drift_scale,target_monitoring_strength,film_item_support_boost,unguided_film_reminder_drop,deliberate_film_reminder_drop,drop_gap_unguided_minus_deliberate,deliberate_endpoint_loss,delib_no_weak,delib_no_strong,delib_rem_weak,delib_rem_strong
1.0,0.0,0.75,1.9969999883323908,1.0758000314235687,0.9211999569088221,1.1190000474452972,7.534400045871735,7.5730000436306,7.491200029850006,6.415399998426437
1.0,0.0,1.0,1.9969999883323908,0.6693999469280243,1.3276000414043665,0.7115999758243561,7.6128000020980835,7.636399894952774,7.570599973201752,6.901200026273727
0.75,0.25,0.75,1.9969999883323908,0.9594001173973083,1.0375998709350824,1.0004000067710876,7.536399990320206,7.575799942016602,7.495400100946426,6.535999983549118
0.75,0.25,1.0,1.9969999883323908,0.6146000325679779,1.3823999557644129,0.6565999984741211,7.613200008869171,7.637199968099594,7.571200042963028,6.95660001039505
0.5,0.5,0.75,1.9969999883323908,0.8707999587059021,1.1262000296264887,0.9099999964237213,7.537599980831146,7.577399909496307,7.498399943113327,6.627599984407425
0.5,0.5,1.0,1.9969999883323908,0.5767998993396759,1.4202000889927149,0.6177999377250671,7.613200008869171,7.637599974870682,7.57219997048378,6.995400071144104
0.25,0.75,0.75,1.9969999883323908,0.7971999943256378,1.199799994006753,0.8350000083446503,7.5383999943733215,7.578199982643127,7.500599980354309,6.703399986028671
0.25,0.75,1.0,1.9969999883323908,0.5466000139713287,1.450399974361062,0.5869999825954437,7.613199979066849,7.638000100851059,7.572800010442734,7.026199996471405
0.0,1.0,0.75,1.9969999883323908,0.7401999831199646,1.2568000052124262,0.7768000066280365,7.539199978113174,7.578400015830994,7.5025999546051025,6.762399971485138
0.0,1.0,1.0,1.9969999883323908,0.5186000168323517,1.478399971500039,0.5582000017166138,7.613199979066849,7.638000011444092,7.573599994182587,7.054999977350235
