value,position,phase,recall_prob
0.0,1,film,0.2896000146865845
0.0,2,film,0.22619999945163727
0.0,3,film,0.1850000023841858
0.0,4,film,0.16760000586509705
0.0,5,film,0.1501999944448471
0.0,6,film,0.1444000005722046
0.0,7,film,0.13459999859333038
0.0,8,film,0.12939999997615814
0.0,9,film,0.12439999729394913
0.0,10,film,0.12359999865293503
0.0,11,film,0.12120000272989273
0.0,12,film,0.12620000541210175
0.0,13,film,0.11699999868869781
0.0,14,film,0.11860000342130661
0.0,15,film,0.12080000340938568
0.0,16,film,0.13019999861717224
0.0,17,break,0.12720000743865967
0.0,18,break,0.12080000340938568
0.0,19,break,0.11840000003576279
0.0,20,break,0.11500000208616257
0.0,21,break,0.11959999799728394
0.0,22,break,0.1136000007390976
0.0,23,break,0.11180000007152557
0.0,24,break,0.11999999731779099
0.0,25,break,0.11479999870061874
0.0,26,break,0.11180000007152557
0.0,27,break,0.11460000276565552
0.0,28,break,0.11900000274181366
0.0,29,break,0.10740000009536743
0.0,30,break,0.11060000211000443
0.0,31,break,0.10599999874830246
0.0,32,break,0.11339999735355377
0.0,33,interference,0.0934000015258789
0.0,34,interference,0.09080000221729279
0.0,35,interference,0.09600000083446503
0.0,36,interference,0.09719999879598618
0.0,37,interference,0.09440000355243683
0.0,38,interference,0.09179999679327011
0.0,39,interference,0.09440000355243683
0.0,40,interference,0.08919999748468399
0.0,41,interference,0.08980000019073486
0.0,42,interference,0.09619999676942825
0.0,43,interference,0.0949999988079071
0.0,44,interference,0.09120000153779984
0.0,45,interference,0.08839999884366989
0.0,46,interference,0.08959999680519104
0.0,47,interference,0.09099999815225601
0.0,48,interference,0.09440000355243683
0.0,49,filler,0.11620000004768372
0.0,50,filler,0.11659999936819077
0.0,51,filler,0.10899999737739563
0.0,52,filler,0.10920000076293945
0.0,53,filler,0.12839999794960022
0.0,54,filler,0.11339999735355377
0.0,55,filler,0.11980000138282776
0.0,56,filler,0.11699999868869781
0.0,57,filler,0.12120000272989273
0.0,58,filler,0.11159999668598175
0.0,59,filler,0.12039999663829803
0.0,60,filler,0.12559999525547028
0.0,61,filler,0.12720000743865967
0.0,62,filler,0.13040000200271606
0.0,63,filler,0.13699999451637268
0.0,64,filler,0.1485999971628189
0.33,1,film,0.29760000109672546
0.33,2,film,0.22699999809265137
0.33,3,film,0.1915999948978424
0.33,4,film,0.1573999971151352
0.33,5,film,0.15559999644756317
0.33,6,film,0.1387999951839447
0.33,7,film,0.12939999997615814
0.33,8,film,0.12680000066757202
0.33,9,film,0.12039999663829803
0.33,10,film,0.12540000677108765
0.33,11,film,0.11720000207424164
0.33,12,film,0.11599999666213989
0.33,13,film,0.1265999972820282
0.33,14,film,0.11640000343322754
0.33,15,film,0.11680000275373459
0.33,16,film,0.12380000203847885
0.33,17,break,0.11479999870061874
0.33,18,break,0.11259999871253967
0.33,19,break,0.11640000343322754
0.33,20,break,0.12020000070333481
0.33,21,break,0.11400000005960464
0.33,22,break,0.11680000275373459
0.33,23,break,0.10360000282526016
0.33,24,break,0.10360000282526016
0.33,25,break,0.11180000007152557
0.33,26,break,0.10859999805688858
0.33,27,break,0.10719999670982361
0.33,28,break,0.11620000004768372
0.33,29,break,0.10379999876022339
0.33,30,break,0.10819999873638153
0.33,31,break,0.1080000028014183
0.33,32,break,0.1096000000834465
0.33,33,interference,0.10499999672174454
0.33,34,interference,0.09539999812841415
0.33,35,interference,0.0966000035405159
0.33,36,interference,0.10300000011920929
0.33,37,interference,0.0982000008225441
0.33,38,interference,0.09880000352859497
0.33,39,interference,0.10019999742507935
0.33,40,interference,0.10119999945163727
0.33,41,interference,0.10419999808073044
0.33,42,interference,0.09239999949932098
0.33,43,interference,0.09719999879598618
0.33,44,interference,0.09640000015497208
0.33,45,interference,0.09719999879598618
0.33,46,interference,0.09459999948740005
0.33,47,interference,0.09860000014305115
0.33,48,interference,0.09200000017881393
0.33,49,filler,0.11020000278949738
0.33,50,filler,0.11840000003576279
0.33,51,filler,0.11159999668598175
0.33,52,filler,0.11420000344514847
0.33,53,filler,0.11140000075101852
0.33,54,filler,0.11680000275373459
0.33,55,filler,0.1103999987244606
0.33,56,filler,0.11020000278949738
0.33,57,filler,0.11060000211000443
0.33,58,filler,0.11500000208616257
0.33,59,filler,0.12780000269412994
0.33,60,filler,0.12020000070333481
0.33,61,filler,0.12999999523162842
0.33,62,filler,0.12960000336170197
0.33,63,filler,0.13860000669956207
0.33,64,filler,0.15880000591278076
0.67,1,film,0.28459998965263367
0.67,2,film,0.22120000422000885
0.67,3,film,0.1972000002861023
0.67,4,film,0.15299999713897705
0.67,5,film,0.15700000524520874
0.67,6,film,0.1356000006198883
0.67,7,film,0.12839999794960022
0.67,8,film,0.12860000133514404
0.67,9,film,0.12319999933242798
0.67,10,film,0.11739999800920486
0.67,11,film,0.12319999933242798
0.67,12,film,0.12039999663829803
0.67,13,film,0.11159999668598175
0.67,14,film,0.11159999668598175
0.67,15,film,0.1265999972820282
0.67,16,film,0.11680000275373459
0.67,17,break,0.12080000340938568
0.67,18,break,0.11159999668598175
0.67,19,break,0.11860000342130661
0.67,20,break,0.11460000276565552
0.67,21,break,0.10540000349283218
0.67,22,break,0.11060000211000443
0.67,23,break,0.12280000001192093
0.67,24,break,0.11020000278949738
0.67,25,break,0.10859999805688858
0.67,26,break,0.1103999987244606
0.67,27,break,0.11140000075101852
0.67,28,break,0.10559999942779541
0.67,29,break,0.10639999806880951
0.67,30,break,0.10360000282526016
0.67,31,break,0.10239999741315842
0.67,32,break,0.1096000000834465
0.67,33,interference,0.1080000028014183
0.67,34,interference,0.11559999734163284
0.67,35,interference,0.1128000020980835
0.67,36,interference,0.10000000149011612
0.67,37,interference,0.10899999737739563
0.67,38,interference,0.10239999741315842
0.67,39,interference,0.10220000147819519
0.67,40,interference,0.09839999675750732
0.67,41,interference,0.10459999740123749
0.67,42,interference,0.10599999874830246
0.67,43,interference,0.09839999675750732
0.67,44,interference,0.1111999973654747
0.67,45,interference,0.10339999943971634
0.67,46,interference,0.10119999945163727
0.67,47,interference,0.10320000350475311
0.67,48,interference,0.10100000351667404
0.67,49,filler,0.10740000009536743
0.67,50,filler,0.11479999870061874
0.67,51,filler,0.10599999874830246
0.67,52,filler,0.10440000146627426
0.67,53,filler,0.10540000349283218
0.67,54,filler,0.11379999667406082
0.67,55,filler,0.11800000071525574
0.67,56,filler,0.10580000281333923
0.67,57,filler,0.12219999730587006
0.67,58,filler,0.11379999667406082
0.67,59,filler,0.11299999803304672
0.67,60,filler,0.11540000140666962
0.67,61,filler,0.12759999930858612
0.67,62,filler,0.12620000541210175
0.67,63,filler,0.14139999449253082
0.67,64,filler,0.15440000593662262
1.0,1,film,0.2888000011444092
1.0,2,film,0.19920000433921814
1.0,3,film,0.1695999950170517
1.0,4,film,0.16300000250339508
1.0,5,film,0.1451999992132187
1.0,6,film,0.13500000536441803
1.0,7,film,0.12359999865293503
1.0,8,film,0.12800000607967377
1.0,9,film,0.11840000003576279
1.0,10,film,0.11680000275373459
1.0,11,film,0.1143999993801117
1.0,12,film,0.11860000342130661
1.0,13,film,0.11400000005960464
1.0,14,film,0.1128000020980835
1.0,15,film,0.11240000277757645
1.0,16,film,0.11680000275373459
1.0,17,break,0.11460000276565552
1.0,18,break,0.12200000137090683
1.0,19,break,0.10740000009536743
1.0,20,break,0.11739999800920486
1.0,21,break,0.10859999805688858
1.0,22,break,0.10100000351667404
1.0,23,break,0.1128000020980835
1.0,24,break,0.11159999668598175
1.0,25,break,0.11379999667406082
1.0,26,break,0.11159999668598175
1.0,27,break,0.10740000009536743
1.0,28,break,0.10559999942779541
1.0,29,break,0.10119999945163727
1.0,30,break,0.10199999809265137
1.0,31,break,0.10639999806880951
1.0,32,break,0.10320000350475311
1.0,33,interference,0.12240000069141388
1.0,34,interference,0.11479999870061874
1.0,35,interference,0.11819999665021896
1.0,36,interference,0.1120000034570694
1.0,37,interference,0.11500000208616257
1.0,38,interference,0.1088000014424324
1.0,39,interference,0.10859999805688858
1.0,40,interference,0.11339999735355377
1.0,41,interference,0.10999999940395355
1.0,42,interference,0.10999999940395355
1.0,43,interference,0.10599999874830246
1.0,44,interference,0.10559999942779541
1.0,45,interference,0.10459999740123749
1.0,46,interference,0.09640000015497208
1.0,47,interference,0.10540000349283218
1.0,48,interference,0.10400000214576721
1.0,49,filler,0.10540000349283218
1.0,50,filler,0.10339999943971634
1.0,51,filler,0.11060000211000443
1.0,52,filler,0.11140000075101852
1.0,53,filler,0.10679999738931656
1.0,54,filler,0.10920000076293945
1.0,55,filler,0.11620000004768372
1.0,56,filler,0.11079999804496765
1.0,57,filler,0.1143999993801117
1.0,58,filler,0.11559999734163284
1.0,59,filler,0.12080000340938568
1.0,60,filler,0.11739999800920486
1.0,61,filler,0.12240000069141388
1.0,62,filler,0.12139999866485596
1.0,63,filler,0.133200004696846
1.0,64,filler,0.14640000462532043
1.33,1,film,0.2759999930858612
1.33,2,film,0.1995999962091446
1.33,3,film,0.17739999294281006
1.33,4,film,0.1485999971628189
1.33,5,film,0.14399999380111694
1.33,6,film,0.13040000200271606
1.33,7,film,0.12460000067949295
1.33,8,film,0.12600000202655792
1.33,9,film,0.12559999525547028
1.33,10,film,0.11779999732971191
1.33,11,film,0.12020000070333481
1.33,12,film,0.11060000211000443
1.33,13,film,0.11580000072717667
1.33,14,film,0.11460000276565552
1.33,15,film,0.10559999942779541
1.33,16,film,0.11479999870061874
1.33,17,break,0.1120000034570694
1.33,18,break,0.11259999871253967
1.33,19,break,0.10260000079870224
1.33,20,break,0.10260000079870224
1.33,21,break,0.10419999808073044
1.33,22,break,0.09939999878406525
1.33,23,break,0.10159999877214432
1.33,24,break,0.10300000011920929
1.33,25,break,0.10220000147819519
1.33,26,break,0.09880000352859497
1.33,27,break,0.10119999945163727
1.33,28,break,0.10480000078678131
1.33,29,break,0.10580000281333923
1.33,30,break,0.10279999673366547
1.33,31,break,0.10559999942779541
1.33,32,break,0.1005999967455864
1.33,33,interference,0.13940000534057617
1.33,34,interference,0.12700000405311584
1.33,35,interference,0.13220000267028809
1.33,36,interference,0.12300000339746475
1.33,37,interference,0.11599999666213989
1.33,38,interference,0.12020000070333481
1.33,39,interference,0.11800000071525574
1.33,40,interference,0.11400000005960464
1.33,41,interference,0.12240000069141388
1.33,42,interference,0.11879999935626984
1.33,43,interference,0.10899999737739563
1.33,44,interference,0.11479999870061874
1.33,45,interference,0.11699999868869781
1.33,46,interference,0.1143999993801117
1.33,47,interference,0.1151999980211258
1.33,48,interference,0.11620000004768372
1.33,49,filler,0.10300000011920929
1.33,50,filler,0.10459999740123749
1.33,51,filler,0.11320000141859055
1.33,52,filler,0.10700000077486038
1.33,53,filler,0.10180000215768814
1.33,54,filler,0.10260000079870224
1.33,55,filler,0.10700000077486038
1.33,56,filler,0.10760000348091125
1.33,57,filler,0.0934000015258789
1.33,58,filler,0.1111999973654747
1.33,59,filler,0.1120000034570694
1.33,60,filler,0.11840000003576279
1.33,61,filler,0.12520000338554382
1.33,62,filler,0.12600000202655792
1.33,63,filler,0.13339999318122864
1.33,64,filler,0.1451999992132187
1.67,1,film,0.27219998836517334
1.67,2,film,0.19939999282360077
1.67,3,film,0.17000000178813934
1.67,4,film,0.15160000324249268
1.67,5,film,0.13699999451637268
1.67,6,film,0.1281999945640564
1.67,7,film,0.12280000001192093
1.67,8,film,0.10779999941587448
1.67,9,film,0.11659999936819077
1.67,10,film,0.1128000020980835
1.67,11,film,0.11379999667406082
1.67,12,film,0.1096000000834465
1.67,13,film,0.1088000014424324
1.67,14,film,0.1096000000834465
1.67,15,film,0.10819999873638153
1.67,16,film,0.11060000211000443
1.67,17,break,0.11240000277757645
1.67,18,break,0.10899999737739563
1.67,19,break,0.10540000349283218
1.67,20,break,0.09860000014305115
1.67,21,break,0.0934000015258789
1.67,22,break,0.09719999879598618
1.67,23,break,0.1088000014424324
1.67,24,break,0.08720000088214874
1.67,25,break,0.1005999967455864
1.67,26,break,0.10019999742507935
1.67,27,break,0.10840000212192535
1.67,28,break,0.1005999967455864
1.67,29,break,0.094200000166893
1.67,30,break,0.09860000014305115
1.67,31,break,0.10379999876022339
1.67,32,break,0.09880000352859497
1.67,33,interference,0.155799999833107
1.67,34,interference,0.14900000393390656
1.67,35,interference,0.13439999520778656
1.67,36,interference,0.14380000531673431
1.67,37,interference,0.13179999589920044
1.67,38,interference,0.13259999454021454
1.67,39,interference,0.12720000743865967
1.67,40,interference,0.1306000053882599
1.67,41,interference,0.12219999730587006
1.67,42,interference,0.1281999945640564
1.67,43,interference,0.13199999928474426
1.67,44,interference,0.12399999797344208
1.67,45,interference,0.12800000607967377
1.67,46,interference,0.12479999661445618
1.67,47,interference,0.11919999867677689
1.67,48,interference,0.1225999966263771
1.67,49,filler,0.10480000078678131
1.67,50,filler,0.10760000348091125
1.67,51,filler,0.10679999738931656
1.67,52,filler,0.10480000078678131
1.67,53,filler,0.1096000000834465
1.67,54,filler,0.10679999738931656
1.67,55,filler,0.09560000151395798
1.67,56,filler,0.10599999874830246
1.67,57,filler,0.11060000211000443
1.67,58,filler,0.1136000007390976
1.67,59,filler,0.10999999940395355
1.67,60,filler,0.12120000272989273
1.67,61,filler,0.11919999867677689
1.67,62,filler,0.12680000066757202
1.67,63,filler,0.12700000405311584
1.67,64,filler,0.14839999377727509
2.0,1,film,0.2741999924182892
2.0,2,film,0.19779999554157257
2.0,3,film,0.16779999434947968
2.0,4,film,0.14380000531673431
2.0,5,film,0.13120000064373016
2.0,6,film,0.12280000001192093
2.0,7,film,0.11959999799728394
2.0,8,film,0.1103999987244606
2.0,9,film,0.10819999873638153
2.0,10,film,0.10320000350475311
2.0,11,film,0.10339999943971634
2.0,12,film,0.10400000214576721
2.0,13,film,0.10199999809265137
2.0,14,film,0.0989999994635582
2.0,15,film,0.10000000149011612
2.0,16,film,0.10459999740123749
2.0,17,break,0.10400000214576721
2.0,18,break,0.10480000078678131
2.0,19,break,0.10480000078678131
2.0,20,break,0.10159999877214432
2.0,21,break,0.09019999951124191
2.0,22,break,0.10119999945163727
2.0,23,break,0.094200000166893
2.0,24,break,0.09440000355243683
2.0,25,break,0.08860000222921371
2.0,26,break,0.10000000149011612
2.0,27,break,0.09459999948740005
2.0,28,break,0.0957999974489212
2.0,29,break,0.09300000220537186
2.0,30,break,0.08980000019073486
2.0,31,break,0.09000000357627869
2.0,32,break,0.09319999814033508
2.0,33,interference,0.1728000044822693
2.0,34,interference,0.15780000388622284
2.0,35,interference,0.16120000183582306
2.0,36,interference,0.1485999971628189
2.0,37,interference,0.1518000066280365
2.0,38,interference,0.1420000046491623
2.0,39,interference,0.13920000195503235
2.0,40,interference,0.14319999516010284
2.0,41,interference,0.13300000131130219
2.0,42,interference,0.1340000033378601
2.0,43,interference,0.13940000534057617
2.0,44,interference,0.13179999589920044
2.0,45,interference,0.14219999313354492
2.0,46,interference,0.1371999979019165
2.0,47,interference,0.13580000400543213
2.0,48,interference,0.13199999928474426
2.0,49,filler,0.09960000216960907
2.0,50,filler,0.09939999878406525
2.0,51,filler,0.09939999878406525
2.0,52,filler,0.09740000218153
2.0,53,filler,0.0982000008225441
2.0,54,filler,0.09759999811649323
2.0,55,filler,0.0982000008225441
2.0,56,filler,0.09520000219345093
2.0,57,filler,0.10000000149011612
2.0,58,filler,0.10159999877214432
2.0,59,filler,0.10239999741315842
2.0,60,filler,0.10760000348091125
2.0,61,filler,0.11980000138282776
2.0,62,filler,0.11180000007152557
2.0,63,filler,0.13220000267028809
2.0,64,filler,0.13660000264644623
2.33,1,film,0.2574000060558319
2.33,2,film,0.19099999964237213
2.33,3,film,0.1573999971151352
2.33,4,film,0.13779999315738678
2.33,5,film,0.13519999384880066
2.33,6,film,0.121799997985363
2.33,7,film,0.10580000281333923
2.33,8,film,0.10199999809265137
2.33,9,film,0.1005999967455864
2.33,10,film,0.10019999742507935
2.33,11,film,0.09860000014305115
2.33,12,film,0.10279999673366547
2.33,13,film,0.09740000218153
2.33,14,film,0.10320000350475311
2.33,15,film,0.0989999994635582
2.33,16,film,0.10019999742507935
2.33,17,break,0.09839999675750732
2.33,18,break,0.10040000081062317
2.33,19,break,0.09600000083446503
2.33,20,break,0.08720000088214874
2.33,21,break,0.09380000084638596
2.33,22,break,0.09139999747276306
2.33,23,break,0.09399999678134918
2.33,24,break,0.08940000087022781
2.33,25,break,0.08619999885559082
2.33,26,break,0.09300000220537186
2.33,27,break,0.08980000019073486
2.33,28,break,0.08640000224113464
2.33,29,break,0.08579999953508377
2.33,30,break,0.08420000225305557
2.33,31,break,0.09059999883174896
2.33,32,break,0.08739999681711197
2.33,33,interference,0.20020000636577606
2.33,34,interference,0.1817999929189682
2.33,35,interference,0.18199999630451202
2.33,36,interference,0.1671999990940094
2.33,37,interference,0.16459999978542328
2.33,38,interference,0.1526000052690506
2.33,39,interference,0.1509999930858612
2.33,40,interference,0.15399999916553497
2.33,41,interference,0.15559999644756317
2.33,42,interference,0.14920000731945038
2.33,43,interference,0.1462000012397766
2.33,44,interference,0.15520000457763672
2.33,45,interference,0.14239999651908875
2.33,46,interference,0.1420000046491623
2.33,47,interference,0.15199999511241913
2.33,48,interference,0.14180000126361847
2.33,49,filler,0.10140000283718109
2.33,50,filler,0.09600000083446503
2.33,51,filler,0.08399999886751175
2.33,52,filler,0.09600000083446503
2.33,53,filler,0.09600000083446503
2.33,54,filler,0.09759999811649323
2.33,55,filler,0.08900000154972076
2.33,56,filler,0.09220000356435776
2.33,57,filler,0.09600000083446503
2.33,58,filler,0.09740000218153
2.33,59,filler,0.09759999811649323
2.33,60,filler,0.10119999945163727
2.33,61,filler,0.10400000214576721
2.33,62,filler,0.11400000005960464
2.33,63,filler,0.11900000274181366
2.33,64,filler,0.14419999718666077
2.67,1,film,0.2619999945163727
2.67,2,film,0.18940000236034393
2.67,3,film,0.15360000729560852
2.67,4,film,0.1340000033378601
2.67,5,film,0.11659999936819077
2.67,6,film,0.10440000146627426
2.67,7,film,0.10300000011920929
2.67,8,film,0.09380000084638596
2.67,9,film,0.09780000150203705
2.67,10,film,0.09319999814033508
2.67,11,film,0.10320000350475311
2.67,12,film,0.09239999949932098
2.67,13,film,0.09399999678134918
2.67,14,film,0.09319999814033508
2.67,15,film,0.09560000151395798
2.67,16,film,0.09040000289678574
2.67,17,break,0.09260000288486481
2.67,18,break,0.09200000017881393
2.67,19,break,0.09019999951124191
2.67,20,break,0.07800000160932541
2.67,21,break,0.0843999981880188
2.67,22,break,0.08739999681711197
2.67,23,break,0.0828000009059906
2.67,24,break,0.08240000158548355
2.67,25,break,0.08699999749660492
2.67,26,break,0.08780000358819962
2.67,27,break,0.08500000089406967
2.67,28,break,0.08299999684095383
2.67,29,break,0.08959999680519104
2.67,30,break,0.08860000222921371
2.67,31,break,0.08240000158548355
2.67,32,break,0.07779999822378159
2.67,33,interference,0.20679999887943268
2.67,34,interference,0.2125999927520752
2.67,35,interference,0.20059999823570251
2.67,36,interference,0.19480000436306
2.67,37,interference,0.186599999666214
2.67,38,interference,0.1754000037908554
2.67,39,interference,0.1809999942779541
2.67,40,interference,0.17599999904632568
2.67,41,interference,0.17299999296665192
2.67,42,interference,0.1695999950170517
2.67,43,interference,0.1648000031709671
2.67,44,interference,0.1656000018119812
2.67,45,interference,0.16660000383853912
2.67,46,interference,0.17219999432563782
2.67,47,interference,0.164000004529953
2.67,48,interference,0.15839999914169312
2.67,49,filler,0.09220000356435776
2.67,50,filler,0.08399999886751175
2.67,51,filler,0.08540000021457672
2.67,52,filler,0.09120000153779984
2.67,53,filler,0.08479999750852585
2.67,54,filler,0.08980000019073486
2.67,55,filler,0.0949999988079071
2.67,56,filler,0.08240000158548355
2.67,57,filler,0.09139999747276306
2.67,58,filler,0.0949999988079071
2.67,59,filler,0.08579999953508377
2.67,60,filler,0.0934000015258789
2.67,61,filler,0.09700000286102295
2.67,62,filler,0.1096000000834465
2.67,63,filler,0.11379999667406082
2.67,64,filler,0.13439999520778656
3.0,1,film,0.262800008058548
3.0,2,film,0.1785999983549118
3.0,3,film,0.15060000121593475
3.0,4,film,0.13539999723434448
3.0,5,film,0.12219999730587006
3.0,6,film,0.10719999670982361
3.0,7,film,0.09619999676942825
3.0,8,film,0.09560000151395798
3.0,9,film,0.08900000154972076
3.0,10,film,0.0934000015258789
3.0,11,film,0.08820000290870667
3.0,12,film,0.0843999981880188
3.0,13,film,0.08420000225305557
3.0,14,film,0.08699999749660492
3.0,15,film,0.08619999885559082
3.0,16,film,0.08760000020265579
3.0,17,break,0.08380000293254852
3.0,18,break,0.08179999887943268
3.0,19,break,0.08340000361204147
3.0,20,break,0.08100000023841858
3.0,21,break,0.07959999889135361
3.0,22,break,0.08020000159740448
3.0,23,break,0.07580000162124634
3.0,24,break,0.08460000157356262
3.0,25,break,0.07779999822378159
3.0,26,break,0.07660000026226044
3.0,27,break,0.07760000228881836
3.0,28,break,0.07519999891519547
3.0,29,break,0.08079999685287476
3.0,30,break,0.07639999687671661
3.0,31,break,0.07280000299215317
3.0,32,break,0.07360000163316727
3.0,33,interference,0.24300000071525574
3.0,34,interference,0.22259999811649323
3.0,35,interference,0.21940000355243683
3.0,36,interference,0.2054000049829483
3.0,37,interference,0.20919999480247498
3.0,38,interference,0.19280000030994415
3.0,39,interference,0.1940000057220459
3.0,40,interference,0.18619999289512634
3.0,41,interference,0.18019999563694
3.0,42,interference,0.18559999763965607
3.0,43,interference,0.17499999701976776
3.0,44,interference,0.18219999969005585
3.0,45,interference,0.18000000715255737
3.0,46,interference,0.1889999955892563
3.0,47,interference,0.17319999635219574
3.0,48,interference,0.17560000717639923
3.0,49,filler,0.0803999975323677
3.0,50,filler,0.07739999890327454
3.0,51,filler,0.08299999684095383
3.0,52,filler,0.0803999975323677
3.0,53,filler,0.0820000022649765
3.0,54,filler,0.07680000364780426
3.0,55,filler,0.07680000364780426
3.0,56,filler,0.08219999819993973
3.0,57,filler,0.0851999968290329
3.0,58,filler,0.08739999681711197
3.0,59,filler,0.08540000021457672
3.0,60,filler,0.09480000287294388
3.0,61,filler,0.08799999952316284
3.0,62,filler,0.10000000149011612
3.0,63,filler,0.1080000028014183
3.0,64,filler,0.12600000202655792
