rejected_recall_drift_scale,target_monitoring_strength,retrieval_setting,film_item_support_boost,no_rem_weak,no_rem_strong,rem_weak,rem_strong,no_rem_task_drop,film_rem_task_drop,endpoint_loss
1.0,0.0,Start-of-film reinstatement,0.0,6.271399974822998,5.924999982118607,5.4456000328063965,1.9827999994158745,0.3463999927043915,3.462800033390522,4.288599975407124
1.0,0.0,Start-of-film reinstatement + film-item boost,0.75,7.534400045871735,7.5730000436306,7.491200029850006,6.415399998426437,-0.038599997758865356,1.0758000314235687,1.1190000474452972
1.0,0.0,Start-of-film reinstatement + film-item boost,1.0,7.6128000020980835,7.636399894952774,7.570599973201752,6.901200026273727,-0.023599892854690552,0.6693999469280243,0.7115999758243561
1.0,0.0,Unguided recall,0.0,3.25560000538826,2.4440000131726265,2.789599984884262,0.7925999965518713,0.8115999922156334,1.9969999883323908,2.4630000088363886
0.75,0.25,Start-of-film reinstatement,0.0,6.604200005531311,6.38280001282692,5.8721999526023865,2.388400018215179,0.2213999927043906,3.4837999343872075,4.215799987316132
0.75,0.25,Start-of-film reinstatement + film-item boost,0.75,7.536399990320206,7.575799942016602,7.495400100946426,6.535999983549118,-0.039399951696395874,0.9594001173973083,1.0004000067710876
0.75,0.25,Start-of-film reinstatement + film-item boost,1.0,7.613200008869171,7.637199968099594,7.571200042963028,6.95660001039505,-0.023999959230422974,0.6146000325679779,0.6565999984741211
0.75,0.25,Unguided recall,0.0,3.903399989008903,3.145400010049343,3.4049999937415123,1.0834000073373318,0.75799997895956,2.3215999864041805,2.8199999816715713
0.5,0.5,Start-of-film reinstatement,0.0,6.7665999829769135,6.65719997882843,6.105800032615662,2.9016000106930733,0.10940000414848328,3.2042000219225883,3.86499997228384
0.5,0.5,Start-of-film reinstatement + film-item boost,0.75,7.537599980831146,7.577399909496307,7.498399943113327,6.627599984407425,-0.03979992866516113,0.8707999587059021,0.9099999964237213
0.5,0.5,Start-of-film reinstatement + film-item boost,1.0,7.613200008869171,7.637599974870682,7.57219997048378,6.995400071144104,-0.02439996600151062,0.5767998993396759,0.6177999377250671
0.5,0.5,Unguided recall,0.0,4.468799956142902,3.971799984574318,3.94020003080368,1.51740001142025,0.49699997156858444,2.42280001938343,2.9513999447226524
0.25,0.75,Start-of-film reinstatement,0.0,6.859999984502792,6.7811999917030334,6.2506000101566315,3.670199990272522,0.07879999279975891,2.5804000198841095,3.1897999942302704
0.25,0.75,Start-of-film reinstatement + film-item boost,0.75,7.5383999943733215,7.578199982643127,7.500599980354309,6.703399986028671,-0.03979998826980591,0.7971999943256378,0.8350000083446503
0.25,0.75,Start-of-film reinstatement + film-item boost,1.0,7.613199979066849,7.638000100851059,7.572800010442734,7.026199996471405,-0.024800121784210205,0.5466000139713287,0.5869999825954437
0.25,0.75,Unguided recall,0.0,4.92419995367527,4.662199959158897,4.397399984300137,2.181199997663498,0.2619999945163727,2.2161999866366386,2.742999956011772
0.0,1.0,Start-of-film reinstatement,0.0,6.91499999165535,6.84960001707077,6.359800010919571,4.404599949717522,0.06539997458457947,1.9552000612020493,2.510400041937828
0.0,1.0,Start-of-film reinstatement + film-item boost,0.75,7.539199978113174,7.578400015830994,7.5025999546051025,6.762399971485138,-0.039200037717819214,0.7401999831199646,0.7768000066280365
0.0,1.0,Start-of-film reinstatement + film-item boost,1.0,7.613199979066849,7.638000011444092,7.573599994182587,7.054999977350235,-0.024800032377243042,0.5186000168323517,0.5582000017166138
0.0,1.0,Unguided recall,0.0,5.333999961614609,5.153000026941299,4.770199999213219,2.9899999797344208,0.18099993467330933,1.780200019478798,2.343999981880188
