retrieval_condition,recall_drift_scale,position,phase,recall_probability
Unguided retrieval,0.0,1,film,0.0
Unguided retrieval,0.0,2,film,0.0
Unguided retrieval,0.0,3,film,0.0
Unguided retrieval,0.0,4,film,0.0
Unguided retrieval,0.0,5,film,0.00019999999494757503
Unguided retrieval,0.0,6,film,0.0
Unguided retrieval,0.0,7,film,0.00019999999494757503
Unguided retrieval,0.0,8,film,0.00019999999494757503
Unguided retrieval,0.0,9,film,0.0
Unguided retrieval,0.0,10,film,0.0
Unguided retrieval,0.0,11,film,0.00019999999494757503
Unguided retrieval,0.0,12,film,0.00019999999494757503
Unguided retrieval,0.0,13,film,0.00019999999494757503
Unguided retrieval,0.0,14,film,0.0
Unguided retrieval,0.0,15,film,0.00039999998989515007
Unguided retrieval,0.0,16,film,0.00019999999494757503
Unguided retrieval,0.0,17,break,0.00039999998989515007
Unguided retrieval,0.0,18,break,0.00019999999494757503
Unguided retrieval,0.0,19,break,0.0006000000284984708
Unguided retrieval,0.0,20,break,0.0
Unguided retrieval,0.0,21,break,0.00019999999494757503
Unguided retrieval,0.0,22,break,0.00019999999494757503
Unguided retrieval,0.0,23,break,0.00019999999494757503
Unguided retrieval,0.0,24,break,0.0006000000284984708
Unguided retrieval,0.0,25,break,0.00019999999494757503
Unguided retrieval,0.0,26,break,0.0
Unguided retrieval,0.0,27,break,0.00019999999494757503
Unguided retrieval,0.0,28,break,0.0
Unguided retrieval,0.0,29,break,0.0
Unguided retrieval,0.0,30,break,0.00019999999494757503
Unguided retrieval,0.0,31,break,0.00019999999494757503
Unguided retrieval,0.0,32,break,0.00019999999494757503
Unguided retrieval,0.0,33,task,0.004999999888241291
Unguided retrieval,0.0,34,task,0.009200000204145908
Unguided retrieval,0.0,35,task,0.010599999688565731
Unguided retrieval,0.0,36,task,0.013199999928474426
Unguided retrieval,0.0,37,task,0.01600000075995922
Unguided retrieval,0.0,38,task,0.020999999716877937
Unguided retrieval,0.0,39,task,0.028599999845027924
Unguided retrieval,0.0,40,task,0.039799999445676804
Unguided retrieval,0.0,41,task,0.0406000018119812
Unguided retrieval,0.0,42,task,0.055799998342990875
Unguided retrieval,0.0,43,task,0.06960000097751617
Unguided retrieval,0.0,44,task,0.08780000358819962
Unguided retrieval,0.0,45,task,0.12060000002384186
Unguided retrieval,0.0,46,task,0.15240000188350677
Unguided retrieval,0.0,47,task,0.1979999989271164
Unguided retrieval,0.0,48,task,0.25540000200271606
Unguided retrieval,0.0,49,filler,0.03519999980926514
Unguided retrieval,0.0,50,filler,0.04740000143647194
Unguided retrieval,0.0,51,filler,0.0689999982714653
Unguided retrieval,0.0,52,filler,0.07580000162124634
Unguided retrieval,0.0,53,filler,0.11840000003576279
Unguided retrieval,0.0,54,filler,0.16459999978542328
Unguided retrieval,0.0,55,filler,0.21279999613761902
Unguided retrieval,0.0,56,filler,0.2913999855518341
Unguided retrieval,0.0,57,filler,0.3763999938964844
Unguided retrieval,0.0,58,filler,0.47119998931884766
Unguided retrieval,0.0,59,filler,0.5730000138282776
Unguided retrieval,0.0,60,filler,0.6851999759674072
Unguided retrieval,0.0,61,filler,0.7595999836921692
Unguided retrieval,0.0,62,filler,0.8450000286102295
Unguided retrieval,0.0,63,filler,0.892799973487854
Unguided retrieval,0.0,64,filler,0.9254000186920166
Unguided retrieval,0.15,1,film,0.00019999999494757503
Unguided retrieval,0.15,2,film,0.0
Unguided retrieval,0.15,3,film,0.00019999999494757503
Unguided retrieval,0.15,4,film,0.0
Unguided retrieval,0.15,5,film,0.0
Unguided retrieval,0.15,6,film,0.00039999998989515007
Unguided retrieval,0.15,7,film,0.0006000000284984708
Unguided retrieval,0.15,8,film,0.0
Unguided retrieval,0.15,9,film,0.00019999999494757503
Unguided retrieval,0.15,10,film,0.00039999998989515007
Unguided retrieval,0.15,11,film,0.0
Unguided retrieval,0.15,12,film,0.00039999998989515007
Unguided retrieval,0.15,13,film,0.00039999998989515007
Unguided retrieval,0.15,14,film,0.00019999999494757503
Unguided retrieval,0.15,15,film,0.00019999999494757503
Unguided retrieval,0.15,16,film,0.00019999999494757503
Unguided retrieval,0.15,17,break,0.0006000000284984708
Unguided retrieval,0.15,18,break,0.00039999998989515007
Unguided retrieval,0.15,19,break,0.0006000000284984708
Unguided retrieval,0.15,20,break,0.0006000000284984708
Unguided retrieval,0.15,21,break,0.0
Unguided retrieval,0.15,22,break,0.00019999999494757503
Unguided retrieval,0.15,23,break,0.00019999999494757503
Unguided retrieval,0.15,24,break,0.0006000000284984708
Unguided retrieval,0.15,25,break,0.00019999999494757503
Unguided retrieval,0.15,26,break,0.0
Unguided retrieval,0.15,27,break,0.0
Unguided retrieval,0.15,28,break,0.00019999999494757503
Unguided retrieval,0.15,29,break,0.00039999998989515007
Unguided retrieval,0.15,30,break,0.0006000000284984708
Unguided retrieval,0.15,31,break,0.00019999999494757503
Unguided retrieval,0.15,32,break,0.00019999999494757503
Unguided retrieval,0.15,33,task,0.005200000014156103
Unguided retrieval,0.15,34,task,0.011800000444054604
Unguided retrieval,0.15,35,task,0.016200000420212746
Unguided retrieval,0.15,36,task,0.01940000057220459
Unguided retrieval,0.15,37,task,0.02319999970495701
Unguided retrieval,0.15,38,task,0.03200000151991844
Unguided retrieval,0.15,39,task,0.03480000048875809
Unguided retrieval,0.15,40,task,0.051600001752376556
Unguided retrieval,0.15,41,task,0.06360000371932983
Unguided retrieval,0.15,42,task,0.07000000029802322
Unguided retrieval,0.15,43,task,0.10300000011920929
Unguided retrieval,0.15,44,task,0.12720000743865967
Unguided retrieval,0.15,45,task,0.16099999845027924
Unguided retrieval,0.15,46,task,0.20260000228881836
Unguided retrieval,0.15,47,task,0.2547999918460846
Unguided retrieval,0.15,48,task,0.3118000030517578
Unguided retrieval,0.15,49,filler,0.04019999876618385
Unguided retrieval,0.15,50,filler,0.05860000103712082
Unguided retrieval,0.15,51,filler,0.0729999989271164
Unguided retrieval,0.15,52,filler,0.09319999814033508
Unguided retrieval,0.15,53,filler,0.13019999861717224
Unguided retrieval,0.15,54,filler,0.15219999849796295
Unguided retrieval,0.15,55,filler,0.20880000293254852
Unguided retrieval,0.15,56,filler,0.26019999384880066
Unguided retrieval,0.15,57,filler,0.3312000036239624
Unguided retrieval,0.15,58,filler,0.42480000853538513
Unguided retrieval,0.15,59,filler,0.5145999789237976
Unguided retrieval,0.15,60,filler,0.6205999851226807
Unguided retrieval,0.15,61,filler,0.7052000164985657
Unguided retrieval,0.15,62,filler,0.7857999801635742
Unguided retrieval,0.15,63,filler,0.8565999865531921
Unguided retrieval,0.15,64,filler,0.9025999903678894
Unguided retrieval,0.3,1,film,0.0
Unguided retrieval,0.3,2,film,0.00019999999494757503
Unguided retrieval,0.3,3,film,0.00019999999494757503
Unguided retrieval,0.3,4,film,0.0
Unguided retrieval,0.3,5,film,0.0
Unguided retrieval,0.3,6,film,0.0
Unguided retrieval,0.3,7,film,0.0
Unguided retrieval,0.3,8,film,0.0
Unguided retrieval,0.3,9,film,0.0
Unguided retrieval,0.3,10,film,0.0
Unguided retrieval,0.3,11,film,0.0
Unguided retrieval,0.3,12,film,0.00019999999494757503
Unguided retrieval,0.3,13,film,0.0
Unguided retrieval,0.3,14,film,0.00019999999494757503
Unguided retrieval,0.3,15,film,0.00039999998989515007
Unguided retrieval,0.3,16,film,0.0006000000284984708
Unguided retrieval,0.3,17,break,0.0007999999797903001
Unguided retrieval,0.3,18,break,0.00019999999494757503
Unguided retrieval,0.3,19,break,0.00039999998989515007
Unguided retrieval,0.3,20,break,0.0006000000284984708
Unguided retrieval,0.3,21,break,0.00019999999494757503
Unguided retrieval,0.3,22,break,0.0007999999797903001
Unguided retrieval,0.3,23,break,0.0
Unguided retrieval,0.3,24,break,0.0
Unguided retrieval,0.3,25,break,0.0
Unguided retrieval,0.3,26,break,0.00019999999494757503
Unguided retrieval,0.3,27,break,0.0
Unguided retrieval,0.3,28,break,0.00019999999494757503
Unguided retrieval,0.3,29,break,0.00019999999494757503
Unguided retrieval,0.3,30,break,0.00019999999494757503
Unguided retrieval,0.3,31,break,0.00019999999494757503
Unguided retrieval,0.3,32,break,0.0
Unguided retrieval,0.3,33,task,0.00800000037997961
Unguided retrieval,0.3,34,task,0.014000000432133675
Unguided retrieval,0.3,35,task,0.01979999989271164
Unguided retrieval,0.3,36,task,0.02160000056028366
Unguided retrieval,0.3,37,task,0.03460000082850456
Unguided retrieval,0.3,38,task,0.041600000113248825
Unguided retrieval,0.3,39,task,0.050599999725818634
Unguided retrieval,0.3,40,task,0.060600001364946365
Unguided retrieval,0.3,41,task,0.0820000022649765
Unguided retrieval,0.3,42,task,0.10719999670982361
Unguided retrieval,0.3,43,task,0.13860000669956207
Unguided retrieval,0.3,44,task,0.16099999845027924
Unguided retrieval,0.3,45,task,0.22220000624656677
Unguided retrieval,0.3,46,task,0.2558000087738037
Unguided retrieval,0.3,47,task,0.30079999566078186
Unguided retrieval,0.3,48,task,0.35659998655319214
Unguided retrieval,0.3,49,filler,0.04699999839067459
Unguided retrieval,0.3,50,filler,0.07020000368356705
Unguided retrieval,0.3,51,filler,0.07240000367164612
Unguided retrieval,0.3,52,filler,0.09799999743700027
Unguided retrieval,0.3,53,filler,0.12039999663829803
Unguided retrieval,0.3,54,filler,0.1518000066280365
Unguided retrieval,0.3,55,filler,0.19359999895095825
Unguided retrieval,0.3,56,filler,0.24619999527931213
Unguided retrieval,0.3,57,filler,0.3188000023365021
Unguided retrieval,0.3,58,filler,0.3903999924659729
Unguided retrieval,0.3,59,filler,0.47600001096725464
Unguided retrieval,0.3,60,filler,0.5622000098228455
Unguided retrieval,0.3,61,filler,0.6489999890327454
Unguided retrieval,0.3,62,filler,0.7342000007629395
Unguided retrieval,0.3,63,filler,0.7982000112533569
Unguided retrieval,0.3,64,filler,0.8682000041007996
Unguided retrieval,0.45,1,film,0.0
Unguided retrieval,0.45,2,film,0.0
Unguided retrieval,0.45,3,film,0.0
Unguided retrieval,0.45,4,film,0.0
Unguided retrieval,0.45,5,film,0.0
Unguided retrieval,0.45,6,film,0.0
Unguided retrieval,0.45,7,film,0.0
Unguided retrieval,0.45,8,film,0.0
Unguided retrieval,0.45,9,film,0.00039999998989515007
Unguided retrieval,0.45,10,film,0.0
Unguided retrieval,0.45,11,film,0.0006000000284984708
Unguided retrieval,0.45,12,film,0.00019999999494757503
Unguided retrieval,0.45,13,film,0.0
Unguided retrieval,0.45,14,film,0.00039999998989515007
Unguided retrieval,0.45,15,film,0.00039999998989515007
Unguided retrieval,0.45,16,film,0.0
Unguided retrieval,0.45,17,break,0.00039999998989515007
Unguided retrieval,0.45,18,break,0.00039999998989515007
Unguided retrieval,0.45,19,break,0.00019999999494757503
Unguided retrieval,0.45,20,break,0.00019999999494757503
Unguided retrieval,0.45,21,break,0.00019999999494757503
Unguided retrieval,0.45,22,break,0.00019999999494757503
Unguided retrieval,0.45,23,break,0.00019999999494757503
Unguided retrieval,0.45,24,break,0.00039999998989515007
Unguided retrieval,0.45,25,break,0.00019999999494757503
Unguided retrieval,0.45,26,break,0.00019999999494757503
Unguided retrieval,0.45,27,break,0.00019999999494757503
Unguided retrieval,0.45,28,break,0.0
Unguided retrieval,0.45,29,break,0.0
Unguided retrieval,0.45,30,break,0.0
Unguided retrieval,0.45,31,break,0.0
Unguided retrieval,0.45,32,break,0.00019999999494757503
Unguided retrieval,0.45,33,task,0.013199999928474426
Unguided retrieval,0.45,34,task,0.014800000004470348
Unguided retrieval,0.45,35,task,0.022199999541044235
Unguided retrieval,0.45,36,task,0.03220000118017197
Unguided retrieval,0.45,37,task,0.04439999908208847
Unguided retrieval,0.45,38,task,0.04740000143647194
Unguided retrieval,0.45,39,task,0.06759999692440033
Unguided retrieval,0.45,40,task,0.08640000224113464
Unguided retrieval,0.45,41,task,0.10300000011920929
Unguided retrieval,0.45,42,task,0.11999999731779099
Unguided retrieval,0.45,43,task,0.1607999950647354
Unguided retrieval,0.45,44,task,0.19840000569820404
Unguided retrieval,0.45,45,task,0.2378000020980835
Unguided retrieval,0.45,46,task,0.29260000586509705
Unguided retrieval,0.45,47,task,0.33399999141693115
Unguided retrieval,0.45,48,task,0.3869999945163727
Unguided retrieval,0.45,49,filler,0.058800000697374344
Unguided retrieval,0.45,50,filler,0.07039999961853027
Unguided retrieval,0.45,51,filler,0.08160000294446945
Unguided retrieval,0.45,52,filler,0.09740000218153
Unguided retrieval,0.45,53,filler,0.12060000002384186
Unguided retrieval,0.45,54,filler,0.15160000324249268
Unguided retrieval,0.45,55,filler,0.1860000044107437
Unguided retrieval,0.45,56,filler,0.2370000034570694
Unguided retrieval,0.45,57,filler,0.28299999237060547
Unguided retrieval,0.45,58,filler,0.3693999946117401
Unguided retrieval,0.45,59,filler,0.4480000138282776
Unguided retrieval,0.45,60,filler,0.5235999822616577
Unguided retrieval,0.45,61,filler,0.5961999893188477
Unguided retrieval,0.45,62,filler,0.6790000200271606
Unguided retrieval,0.45,63,filler,0.7537999749183655
Unguided retrieval,0.45,64,filler,0.8091999888420105
Unguided retrieval,0.6,1,film,0.0
Unguided retrieval,0.6,2,film,0.0
Unguided retrieval,0.6,3,film,0.0
Unguided retrieval,0.6,4,film,0.0
Unguided retrieval,0.6,5,film,0.0
Unguided retrieval,0.6,6,film,0.0
Unguided retrieval,0.6,7,film,0.00019999999494757503
Unguided retrieval,0.6,8,film,0.0006000000284984708
Unguided retrieval,0.6,9,film,0.00019999999494757503
Unguided retrieval,0.6,10,film,0.00039999998989515007
Unguided retrieval,0.6,11,film,0.00039999998989515007
Unguided retrieval,0.6,12,film,0.00039999998989515007
Unguided retrieval,0.6,13,film,0.0
Unguided retrieval,0.6,14,film,0.0
Unguided retrieval,0.6,15,film,0.00019999999494757503
Unguided retrieval,0.6,16,film,0.00019999999494757503
Unguided retrieval,0.6,17,break,0.0007999999797903001
Unguided retrieval,0.6,18,break,0.0006000000284984708
Unguided retrieval,0.6,19,break,0.0006000000284984708
Unguided retrieval,0.6,20,break,0.0
Unguided retrieval,0.6,21,break,0.00039999998989515007
Unguided retrieval,0.6,22,break,0.0006000000284984708
Unguided retrieval,0.6,23,break,0.00019999999494757503
Unguided retrieval,0.6,24,break,0.00039999998989515007
Unguided retrieval,0.6,25,break,0.0
Unguided retrieval,0.6,26,break,0.00039999998989515007
Unguided retrieval,0.6,27,break,0.0
Unguided retrieval,0.6,28,break,0.00039999998989515007
Unguided retrieval,0.6,29,break,0.0
Unguided retrieval,0.6,30,break,0.0
Unguided retrieval,0.6,31,break,0.0
Unguided retrieval,0.6,32,break,0.0
Unguided retrieval,0.6,33,task,0.012000000104308128
Unguided retrieval,0.6,34,task,0.018200000748038292
Unguided retrieval,0.6,35,task,0.029200000688433647
Unguided retrieval,0.6,36,task,0.03680000081658363
Unguided retrieval,0.6,37,task,0.05040000006556511
Unguided retrieval,0.6,38,task,0.06279999762773514
Unguided retrieval,0.6,39,task,0.08640000224113464
Unguided retrieval,0.6,40,task,0.09860000014305115
Unguided retrieval,0.6,41,task,0.12680000066757202
Unguided retrieval,0.6,42,task,0.1632000058889389
Unguided retrieval,0.6,43,task,0.19259999692440033
Unguided retrieval,0.6,44,task,0.23100000619888306
Unguided retrieval,0.6,45,task,0.2773999869823456
Unguided retrieval,0.6,46,task,0.32280001044273376
Unguided retrieval,0.6,47,task,0.36320000886917114
Unguided retrieval,0.6,48,task,0.41280001401901245
Unguided retrieval,0.6,49,filler,0.06480000168085098
Unguided retrieval,0.6,50,filler,0.07660000026226044
Unguided retrieval,0.6,51,filler,0.0868000015616417
Unguided retrieval,0.6,52,filler,0.0989999994635582
Unguided retrieval,0.6,53,filler,0.1120000034570694
Unguided retrieval,0.6,54,filler,0.14180000126361847
Unguided retrieval,0.6,55,filler,0.1868000030517578
Unguided retrieval,0.6,56,filler,0.219200000166893
Unguided retrieval,0.6,57,filler,0.2614000141620636
Unguided retrieval,0.6,58,filler,0.32679998874664307
Unguided retrieval,0.6,59,filler,0.41339999437332153
Unguided retrieval,0.6,60,filler,0.4851999878883362
Unguided retrieval,0.6,61,filler,0.5648000240325928
Unguided retrieval,0.6,62,filler,0.6338000297546387
Unguided retrieval,0.6,63,filler,0.6985999941825867
Unguided retrieval,0.6,64,filler,0.7667999863624573
Unguided retrieval,0.75,1,film,0.00019999999494757503
Unguided retrieval,0.75,2,film,0.00019999999494757503
Unguided retrieval,0.75,3,film,0.0
Unguided retrieval,0.75,4,film,0.0
Unguided retrieval,0.75,5,film,0.0
Unguided retrieval,0.75,6,film,0.00019999999494757503
Unguided retrieval,0.75,7,film,0.00019999999494757503
Unguided retrieval,0.75,8,film,0.00019999999494757503
Unguided retrieval,0.75,9,film,0.0
Unguided retrieval,0.75,10,film,0.00019999999494757503
Unguided retrieval,0.75,11,film,0.0
Unguided retrieval,0.75,12,film,0.00039999998989515007
Unguided retrieval,0.75,13,film,0.00019999999494757503
Unguided retrieval,0.75,14,film,0.00019999999494757503
Unguided retrieval,0.75,15,film,0.00039999998989515007
Unguided retrieval,0.75,16,film,0.0006000000284984708
Unguided retrieval,0.75,17,break,0.0007999999797903001
Unguided retrieval,0.75,18,break,0.00039999998989515007
Unguided retrieval,0.75,19,break,0.0010000000474974513
Unguided retrieval,0.75,20,break,0.00019999999494757503
Unguided retrieval,0.75,21,break,0.00039999998989515007
Unguided retrieval,0.75,22,break,0.00019999999494757503
Unguided retrieval,0.75,23,break,0.00019999999494757503
Unguided retrieval,0.75,24,break,0.00019999999494757503
Unguided retrieval,0.75,25,break,0.0
Unguided retrieval,0.75,26,break,0.00039999998989515007
Unguided retrieval,0.75,27,break,0.0
Unguided retrieval,0.75,28,break,0.0
Unguided retrieval,0.75,29,break,0.00019999999494757503
Unguided retrieval,0.75,30,break,0.0
Unguided retrieval,0.75,31,break,0.0
Unguided retrieval,0.75,32,break,0.0
Unguided retrieval,0.75,33,task,0.01759999990463257
Unguided retrieval,0.75,34,task,0.02199999988079071
Unguided retrieval,0.75,35,task,0.032999999821186066
Unguided retrieval,0.75,36,task,0.04039999842643738
Unguided retrieval,0.75,37,task,0.058400001376867294
Unguided retrieval,0.75,38,task,0.07419999688863754
Unguided retrieval,0.75,39,task,0.09520000219345093
Unguided retrieval,0.75,40,task,0.12160000205039978
Unguided retrieval,0.75,41,task,0.14339999854564667
Unguided retrieval,0.75,42,task,0.18039999902248383
Unguided retrieval,0.75,43,task,0.20980000495910645
Unguided retrieval,0.75,44,task,0.25839999318122864
Unguided retrieval,0.75,45,task,0.3041999936103821
Unguided retrieval,0.75,46,task,0.3440000116825104
Unguided retrieval,0.75,47,task,0.3944000005722046
Unguided retrieval,0.75,48,task,0.4381999969482422
Unguided retrieval,0.75,49,filler,0.08020000159740448
Unguided retrieval,0.75,50,filler,0.0803999975323677
Unguided retrieval,0.75,51,filler,0.09000000357627869
Unguided retrieval,0.75,52,filler,0.10400000214576721
Unguided retrieval,0.75,53,filler,0.11299999803304672
Unguided retrieval,0.75,54,filler,0.13819999992847443
Unguided retrieval,0.75,55,filler,0.1703999936580658
Unguided retrieval,0.75,56,filler,0.2176000028848648
Unguided retrieval,0.75,57,filler,0.2669999897480011
Unguided retrieval,0.75,58,filler,0.3174000084400177
Unguided retrieval,0.75,59,filler,0.38420000672340393
Unguided retrieval,0.75,60,filler,0.4560000002384186
Unguided retrieval,0.75,61,filler,0.5333999991416931
Unguided retrieval,0.75,62,filler,0.6047999858856201
Unguided retrieval,0.75,63,filler,0.6800000071525574
Unguided retrieval,0.75,64,filler,0.7354000210762024
Unguided retrieval,0.9,1,film,0.0
Unguided retrieval,0.9,2,film,0.00039999998989515007
Unguided retrieval,0.9,3,film,0.0
Unguided retrieval,0.9,4,film,0.00039999998989515007
Unguided retrieval,0.9,5,film,0.0
Unguided retrieval,0.9,6,film,0.0
Unguided retrieval,0.9,7,film,0.0
Unguided retrieval,0.9,8,film,0.0
Unguided retrieval,0.9,9,film,0.00039999998989515007
Unguided retrieval,0.9,10,film,0.00039999998989515007
Unguided retrieval,0.9,11,film,0.0010000000474974513
Unguided retrieval,0.9,12,film,0.0015999999595806003
Unguided retrieval,0.9,13,film,0.00039999998989515007
Unguided retrieval,0.9,14,film,0.0020000000949949026
Unguided retrieval,0.9,15,film,0.0012000000569969416
Unguided retrieval,0.9,16,film,0.0012000000569969416
Unguided retrieval,0.9,17,break,0.00039999998989515007
Unguided retrieval,0.9,18,break,0.0007999999797903001
Unguided retrieval,0.9,19,break,0.0012000000569969416
Unguided retrieval,0.9,20,break,0.00019999999494757503
Unguided retrieval,0.9,21,break,0.00039999998989515007
Unguided retrieval,0.9,22,break,0.00039999998989515007
Unguided retrieval,0.9,23,break,0.00019999999494757503
Unguided retrieval,0.9,24,break,0.00039999998989515007
Unguided retrieval,0.9,25,break,0.00019999999494757503
Unguided retrieval,0.9,26,break,0.0
Unguided retrieval,0.9,27,break,0.0
Unguided retrieval,0.9,28,break,0.00019999999494757503
Unguided retrieval,0.9,29,break,0.0
Unguided retrieval,0.9,30,break,0.0
Unguided retrieval,0.9,31,break,0.00019999999494757503
Unguided retrieval,0.9,32,break,0.00039999998989515007
Unguided retrieval,0.9,33,task,0.019999999552965164
Unguided retrieval,0.9,34,task,0.03180000185966492
Unguided retrieval,0.9,35,task,0.03660000115633011
Unguided retrieval,0.9,36,task,0.05119999870657921
Unguided retrieval,0.9,37,task,0.06679999828338623
Unguided retrieval,0.9,38,task,0.08540000021457672
Unguided retrieval,0.9,39,task,0.0966000035405159
Unguided retrieval,0.9,40,task,0.1306000053882599
Unguided retrieval,0.9,41,task,0.16820000112056732
Unguided retrieval,0.9,42,task,0.19699999690055847
Unguided retrieval,0.9,43,task,0.2345999926328659
Unguided retrieval,0.9,44,task,0.2702000141143799
Unguided retrieval,0.9,45,task,0.31119999289512634
Unguided retrieval,0.9,46,task,0.350600004196167
Unguided retrieval,0.9,47,task,0.4041999876499176
Unguided retrieval,0.9,48,task,0.4490000009536743
Unguided retrieval,0.9,49,filler,0.0803999975323677
Unguided retrieval,0.9,50,filler,0.07779999822378159
Unguided retrieval,0.9,51,filler,0.09040000289678574
Unguided retrieval,0.9,52,filler,0.0949999988079071
Unguided retrieval,0.9,53,filler,0.11180000007152557
Unguided retrieval,0.9,54,filler,0.12520000338554382
Unguided retrieval,0.9,55,filler,0.17080000042915344
Unguided retrieval,0.9,56,filler,0.20319999754428864
Unguided retrieval,0.9,57,filler,0.2508000135421753
Unguided retrieval,0.9,58,filler,0.30379998683929443
Unguided retrieval,0.9,59,filler,0.36239999532699585
Unguided retrieval,0.9,60,filler,0.428600013256073
Unguided retrieval,0.9,61,filler,0.5040000081062317
Unguided retrieval,0.9,62,filler,0.5703999996185303
Unguided retrieval,0.9,63,filler,0.6373999714851379
Unguided retrieval,0.9,64,filler,0.6953999996185303
Unguided retrieval,1.0,1,film,0.00019999999494757503
Unguided retrieval,1.0,2,film,0.0
Unguided retrieval,1.0,3,film,0.0
Unguided retrieval,1.0,4,film,0.0
Unguided retrieval,1.0,5,film,0.0
Unguided retrieval,1.0,6,film,0.0
Unguided retrieval,1.0,7,film,0.0
Unguided retrieval,1.0,8,film,0.0
Unguided retrieval,1.0,9,film,0.0006000000284984708
Unguided retrieval,1.0,10,film,0.0010000000474974513
Unguided retrieval,1.0,11,film,0.0007999999797903001
Unguided retrieval,1.0,12,film,0.00019999999494757503
Unguided retrieval,1.0,13,film,0.0006000000284984708
Unguided retrieval,1.0,14,film,0.0
Unguided retrieval,1.0,15,film,0.0006000000284984708
Unguided retrieval,1.0,16,film,0.0006000000284984708
Unguided retrieval,1.0,17,break,0.0012000000569969416
Unguided retrieval,1.0,18,break,0.0010000000474974513
Unguided retrieval,1.0,19,break,0.00039999998989515007
Unguided retrieval,1.0,20,break,0.0012000000569969416
Unguided retrieval,1.0,21,break,0.0007999999797903001
Unguided retrieval,1.0,22,break,0.00019999999494757503
Unguided retrieval,1.0,23,break,0.00039999998989515007
Unguided retrieval,1.0,24,break,0.00039999998989515007
Unguided retrieval,1.0,25,break,0.00019999999494757503
Unguided retrieval,1.0,26,break,0.00039999998989515007
Unguided retrieval,1.0,27,break,0.0006000000284984708
Unguided retrieval,1.0,28,break,0.0006000000284984708
Unguided retrieval,1.0,29,break,0.0
Unguided retrieval,1.0,30,break,0.00019999999494757503
Unguided retrieval,1.0,31,break,0.00019999999494757503
Unguided retrieval,1.0,32,break,0.0
Unguided retrieval,1.0,33,task,0.018799999728798866
Unguided retrieval,1.0,34,task,0.02979999966919422
Unguided retrieval,1.0,35,task,0.035999998450279236
Unguided retrieval,1.0,36,task,0.050599999725818634
Unguided retrieval,1.0,37,task,0.06939999759197235
Unguided retrieval,1.0,38,task,0.08500000089406967
Unguided retrieval,1.0,39,task,0.11180000007152557
Unguided retrieval,1.0,40,task,0.1420000046491623
Unguided retrieval,1.0,41,task,0.16779999434947968
Unguided retrieval,1.0,42,task,0.20479999482631683
Unguided retrieval,1.0,43,task,0.2531999945640564
Unguided retrieval,1.0,44,task,0.29260000586509705
Unguided retrieval,1.0,45,task,0.33000001311302185
Unguided retrieval,1.0,46,task,0.373199999332428
Unguided retrieval,1.0,47,task,0.4131999909877777
Unguided retrieval,1.0,48,task,0.46140000224113464
Unguided retrieval,1.0,49,filler,0.0843999981880188
Unguided retrieval,1.0,50,filler,0.08540000021457672
Unguided retrieval,1.0,51,filler,0.08739999681711197
Unguided retrieval,1.0,52,filler,0.09520000219345093
Unguided retrieval,1.0,53,filler,0.10339999943971634
Unguided retrieval,1.0,54,filler,0.12759999930858612
Unguided retrieval,1.0,55,filler,0.16459999978542328
Unguided retrieval,1.0,56,filler,0.1956000030040741
Unguided retrieval,1.0,57,filler,0.23479999601840973
Unguided retrieval,1.0,58,filler,0.2865999937057495
Unguided retrieval,1.0,59,filler,0.3499999940395355
Unguided retrieval,1.0,60,filler,0.412200003862381
Unguided retrieval,1.0,61,filler,0.4867999851703644
Unguided retrieval,1.0,62,filler,0.5551999807357788
Unguided retrieval,1.0,63,filler,0.618399977684021
Unguided retrieval,1.0,64,filler,0.6809999942779541
Deliberate recall,0.0,1,film,0.8058000206947327
Deliberate recall,0.0,2,film,0.6478000283241272
Deliberate recall,0.0,3,film,0.5414000153541565
Deliberate recall,0.0,4,film,0.44519999623298645
Deliberate recall,0.0,5,film,0.35040000081062317
Deliberate recall,0.0,6,film,0.2784000039100647
Deliberate recall,0.0,7,film,0.2321999967098236
Deliberate recall,0.0,8,film,0.18459999561309814
Deliberate recall,0.0,9,film,0.14339999854564667
Deliberate recall,0.0,10,film,0.11400000005960464
Deliberate recall,0.0,11,film,0.09239999949932098
Deliberate recall,0.0,12,film,0.07840000092983246
Deliberate recall,0.0,13,film,0.0575999990105629
Deliberate recall,0.0,14,film,0.046799998730421066
Deliberate recall,0.0,15,film,0.04320000112056732
Deliberate recall,0.0,16,film,0.03400000184774399
Deliberate recall,0.0,17,break,0.00839999970048666
Deliberate recall,0.0,18,break,0.005200000014156103
Deliberate recall,0.0,19,break,0.004800000227987766
Deliberate recall,0.0,20,break,0.003599999938160181
Deliberate recall,0.0,21,break,0.003000000026077032
Deliberate recall,0.0,22,break,0.0020000000949949026
Deliberate recall,0.0,23,break,0.0015999999595806003
Deliberate recall,0.0,24,break,0.0007999999797903001
Deliberate recall,0.0,25,break,0.00039999998989515007
Deliberate recall,0.0,26,break,0.0006000000284984708
Deliberate recall,0.0,27,break,0.0007999999797903001
Deliberate recall,0.0,28,break,0.00039999998989515007
Deliberate recall,0.0,29,break,0.0006000000284984708
Deliberate recall,0.0,30,break,0.00019999999494757503
Deliberate recall,0.0,31,break,0.00039999998989515007
Deliberate recall,0.0,32,break,0.0
Deliberate recall,0.0,33,task,0.16820000112056732
Deliberate recall,0.0,34,task,0.13040000200271606
Deliberate recall,0.0,35,task,0.10279999673366547
Deliberate recall,0.0,36,task,0.09059999883174896
Deliberate recall,0.0,37,task,0.06880000233650208
Deliberate recall,0.0,38,task,0.06340000033378601
Deliberate recall,0.0,39,task,0.053199999034404755
Deliberate recall,0.0,40,task,0.05220000073313713
Deliberate recall,0.0,41,task,0.05000000074505806
Deliberate recall,0.0,42,task,0.05040000006556511
Deliberate recall,0.0,43,task,0.05400000140070915
Deliberate recall,0.0,44,task,0.05620000138878822
Deliberate recall,0.0,45,task,0.055399999022483826
Deliberate recall,0.0,46,task,0.05739999935030937
Deliberate recall,0.0,47,task,0.07159999758005142
Deliberate recall,0.0,48,task,0.08460000157356262
Deliberate recall,0.0,49,filler,0.009999999776482582
Deliberate recall,0.0,50,filler,0.012199999764561653
Deliberate recall,0.0,51,filler,0.015399999916553497
Deliberate recall,0.0,52,filler,0.01640000008046627
Deliberate recall,0.0,53,filler,0.020600000396370888
Deliberate recall,0.0,54,filler,0.032999999821186066
Deliberate recall,0.0,55,filler,0.0406000018119812
Deliberate recall,0.0,56,filler,0.05719999969005585
Deliberate recall,0.0,57,filler,0.07360000163316727
Deliberate recall,0.0,58,filler,0.10540000349283218
Deliberate recall,0.0,59,filler,0.1459999978542328
Deliberate recall,0.0,60,filler,0.18700000643730164
Deliberate recall,0.0,61,filler,0.26759999990463257
Deliberate recall,0.0,62,filler,0.3456000089645386
Deliberate recall,0.0,63,filler,0.4392000138759613
Deliberate recall,0.0,64,filler,0.5637999773025513
Deliberate recall,0.15,1,film,0.6794000267982483
Deliberate recall,0.15,2,film,0.548799991607666
Deliberate recall,0.15,3,film,0.44940000772476196
Deliberate recall,0.15,4,film,0.3758000135421753
Deliberate recall,0.15,5,film,0.3240000009536743
Deliberate recall,0.15,6,film,0.26420000195503235
Deliberate recall,0.15,7,film,0.23440000414848328
Deliberate recall,0.15,8,film,0.18860000371932983
Deliberate recall,0.15,9,film,0.15559999644756317
Deliberate recall,0.15,10,film,0.1225999966263771
Deliberate recall,0.15,11,film,0.10660000145435333
Deliberate recall,0.15,12,film,0.08699999749660492
Deliberate recall,0.15,13,film,0.066600002348423
Deliberate recall,0.15,14,film,0.05660000070929527
Deliberate recall,0.15,15,film,0.04899999871850014
Deliberate recall,0.15,16,film,0.04479999840259552
Deliberate recall,0.15,17,break,0.01140000019222498
Deliberate recall,0.15,18,break,0.009200000204145908
Deliberate recall,0.15,19,break,0.005400000140070915
Deliberate recall,0.15,20,break,0.00559999980032444
Deliberate recall,0.15,21,break,0.00419999985024333
Deliberate recall,0.15,22,break,0.0026000000070780516
Deliberate recall,0.15,23,break,0.0017999999690800905
Deliberate recall,0.15,24,break,0.00139999995008111
Deliberate recall,0.15,25,break,0.0012000000569969416
Deliberate recall,0.15,26,break,0.0012000000569969416
Deliberate recall,0.15,27,break,0.00019999999494757503
Deliberate recall,0.15,28,break,0.0006000000284984708
Deliberate recall,0.15,29,break,0.00039999998989515007
Deliberate recall,0.15,30,break,0.00019999999494757503
Deliberate recall,0.15,31,break,0.0
Deliberate recall,0.15,32,break,0.00019999999494757503
Deliberate recall,0.15,33,task,0.2526000142097473
Deliberate recall,0.15,34,task,0.20880000293254852
Deliberate recall,0.15,35,task,0.1834000051021576
Deliberate recall,0.15,36,task,0.1607999950647354
Deliberate recall,0.15,37,task,0.1371999979019165
Deliberate recall,0.15,38,task,0.11940000206232071
Deliberate recall,0.15,39,task,0.1136000007390976
Deliberate recall,0.15,40,task,0.10779999941587448
Deliberate recall,0.15,41,task,0.09860000014305115
Deliberate recall,0.15,42,task,0.09300000220537186
Deliberate recall,0.15,43,task,0.09099999815225601
Deliberate recall,0.15,44,task,0.08820000290870667
Deliberate recall,0.15,45,task,0.09799999743700027
Deliberate recall,0.15,46,task,0.10480000078678131
Deliberate recall,0.15,47,task,0.1136000007390976
Deliberate recall,0.15,48,task,0.1080000028014183
Deliberate recall,0.15,49,filler,0.017999999225139618
Deliberate recall,0.15,50,filler,0.01600000075995922
Deliberate recall,0.15,51,filler,0.014999999664723873
Deliberate recall,0.15,52,filler,0.01679999940097332
Deliberate recall,0.15,53,filler,0.020999999716877937
Deliberate recall,0.15,54,filler,0.029400000348687172
Deliberate recall,0.15,55,filler,0.03420000150799751
Deliberate recall,0.15,56,filler,0.04879999905824661
Deliberate recall,0.15,57,filler,0.060600001364946365
Deliberate recall,0.15,58,filler,0.08640000224113464
Deliberate recall,0.15,59,filler,0.10939999669790268
Deliberate recall,0.15,60,filler,0.13760000467300415
Deliberate recall,0.15,61,filler,0.18799999356269836
Deliberate recall,0.15,62,filler,0.2492000013589859
Deliberate recall,0.15,63,filler,0.3156000077724457
Deliberate recall,0.15,64,filler,0.40459999442100525
Deliberate recall,0.3,1,film,0.5425999760627747
Deliberate recall,0.3,2,film,0.43479999899864197
Deliberate recall,0.3,3,film,0.3646000027656555
Deliberate recall,0.3,4,film,0.3163999915122986
Deliberate recall,0.3,5,film,0.27619999647140503
Deliberate recall,0.3,6,film,0.23499999940395355
Deliberate recall,0.3,7,film,0.19740000367164612
Deliberate recall,0.3,8,film,0.1728000044822693
Deliberate recall,0.3,9,film,0.14300000667572021
Deliberate recall,0.3,10,film,0.12960000336170197
Deliberate recall,0.3,11,film,0.10679999738931656
Deliberate recall,0.3,12,film,0.08479999750852585
Deliberate recall,0.3,13,film,0.06780000030994415
Deliberate recall,0.3,14,film,0.06459999829530716
Deliberate recall,0.3,15,film,0.05739999935030937
Deliberate recall,0.3,16,film,0.044199999421834946
Deliberate recall,0.3,17,break,0.014999999664723873
Deliberate recall,0.3,18,break,0.01119999960064888
Deliberate recall,0.3,19,break,0.008200000040233135
Deliberate recall,0.3,20,break,0.005799999926239252
Deliberate recall,0.3,21,break,0.003599999938160181
Deliberate recall,0.3,22,break,0.0031999999191612005
Deliberate recall,0.3,23,break,0.003599999938160181
Deliberate recall,0.3,24,break,0.0026000000070780516
Deliberate recall,0.3,25,break,0.0007999999797903001
Deliberate recall,0.3,26,break,0.00139999995008111
Deliberate recall,0.3,27,break,0.0006000000284984708
Deliberate recall,0.3,28,break,0.0
Deliberate recall,0.3,29,break,0.0
Deliberate recall,0.3,30,break,0.00019999999494757503
Deliberate recall,0.3,31,break,0.00019999999494757503
Deliberate recall,0.3,32,break,0.00019999999494757503
Deliberate recall,0.3,33,task,0.2888000011444092
Deliberate recall,0.3,34,task,0.2770000100135803
Deliberate recall,0.3,35,task,0.23899999260902405
Deliberate recall,0.3,36,task,0.22540000081062317
Deliberate recall,0.3,37,task,0.20200000703334808
Deliberate recall,0.3,38,task,0.19020000100135803
Deliberate recall,0.3,39,task,0.17260000109672546
Deliberate recall,0.3,40,task,0.1728000044822693
Deliberate recall,0.3,41,task,0.16859999299049377
Deliberate recall,0.3,42,task,0.15060000121593475
Deliberate recall,0.3,43,task,0.14480000734329224
Deliberate recall,0.3,44,task,0.14419999718666077
Deliberate recall,0.3,45,task,0.13439999520778656
Deliberate recall,0.3,46,task,0.13339999318122864
Deliberate recall,0.3,47,task,0.13979999721050262
Deliberate recall,0.3,48,task,0.14920000731945038
Deliberate recall,0.3,49,filler,0.019600000232458115
Deliberate recall,0.3,50,filler,0.018400000408291817
Deliberate recall,0.3,51,filler,0.01759999990463257
Deliberate recall,0.3,52,filler,0.023399999365210533
Deliberate recall,0.3,53,filler,0.02160000056028366
Deliberate recall,0.3,54,filler,0.02419999986886978
Deliberate recall,0.3,55,filler,0.026200000196695328
Deliberate recall,0.3,56,filler,0.04320000112056732
Deliberate recall,0.3,57,filler,0.0551999993622303
Deliberate recall,0.3,58,filler,0.0674000009894371
Deliberate recall,0.3,59,filler,0.0843999981880188
Deliberate recall,0.3,60,filler,0.1143999993801117
Deliberate recall,0.3,61,filler,0.1446000039577484
Deliberate recall,0.3,62,filler,0.19499999284744263
Deliberate recall,0.3,63,filler,0.24240000545978546
Deliberate recall,0.3,64,filler,0.29919999837875366
Deliberate recall,0.45,1,film,0.4593999981880188
Deliberate recall,0.45,2,film,0.35519999265670776
Deliberate recall,0.45,3,film,0.313400000333786
Deliberate recall,0.45,4,film,0.2856000065803528
Deliberate recall,0.45,5,film,0.24699999392032623
Deliberate recall,0.45,6,film,0.21639999747276306
Deliberate recall,0.45,7,film,0.18080000579357147
Deliberate recall,0.45,8,film,0.16859999299049377
Deliberate recall,0.45,9,film,0.13519999384880066
Deliberate recall,0.45,10,film,0.12479999661445618
Deliberate recall,0.45,11,film,0.10339999943971634
Deliberate recall,0.45,12,film,0.08240000158548355
Deliberate recall,0.45,13,film,0.07720000296831131
Deliberate recall,0.45,14,film,0.055799998342990875
Deliberate recall,0.45,15,film,0.05119999870657921
Deliberate recall,0.45,16,film,0.04560000076889992
Deliberate recall,0.45,17,break,0.01860000006854534
Deliberate recall,0.45,18,break,0.013000000268220901
Deliberate recall,0.45,19,break,0.007000000216066837
Deliberate recall,0.45,20,break,0.005200000014156103
Deliberate recall,0.45,21,break,0.004800000227987766
Deliberate recall,0.45,22,break,0.004000000189989805
Deliberate recall,0.45,23,break,0.002199999988079071
Deliberate recall,0.45,24,break,0.0007999999797903001
Deliberate recall,0.45,25,break,0.00139999995008111
Deliberate recall,0.45,26,break,0.0010000000474974513
Deliberate recall,0.45,27,break,0.0006000000284984708
Deliberate recall,0.45,28,break,0.00019999999494757503
Deliberate recall,0.45,29,break,0.0006000000284984708
Deliberate recall,0.45,30,break,0.00019999999494757503
Deliberate recall,0.45,31,break,0.0
Deliberate recall,0.45,32,break,0.00019999999494757503
Deliberate recall,0.45,33,task,0.3147999942302704
Deliberate recall,0.45,34,task,0.2921999990940094
Deliberate recall,0.45,35,task,0.2770000100135803
Deliberate recall,0.45,36,task,0.2549999952316284
Deliberate recall,0.45,37,task,0.24660000205039978
Deliberate recall,0.45,38,task,0.22499999403953552
Deliberate recall,0.45,39,task,0.20600000023841858
Deliberate recall,0.45,40,task,0.18880000710487366
Deliberate recall,0.45,41,task,0.1915999948978424
Deliberate recall,0.45,42,task,0.17820000648498535
Deliberate recall,0.45,43,task,0.1826000064611435
Deliberate recall,0.45,44,task,0.1738000065088272
Deliberate recall,0.45,45,task,0.17499999701976776
Deliberate recall,0.45,46,task,0.16680000722408295
Deliberate recall,0.45,47,task,0.16760000586509705
Deliberate recall,0.45,48,task,0.16439999639987946
Deliberate recall,0.45,49,filler,0.022199999541044235
Deliberate recall,0.45,50,filler,0.017799999564886093
Deliberate recall,0.45,51,filler,0.024000000208616257
Deliberate recall,0.45,52,filler,0.021199999377131462
Deliberate recall,0.45,53,filler,0.023399999365210533
Deliberate recall,0.45,54,filler,0.029600000008940697
Deliberate recall,0.45,55,filler,0.03400000184774399
Deliberate recall,0.45,56,filler,0.04179999977350235
Deliberate recall,0.45,57,filler,0.054999999701976776
Deliberate recall,0.45,58,filler,0.07159999758005142
Deliberate recall,0.45,59,filler,0.08500000089406967
Deliberate recall,0.45,60,filler,0.10419999808073044
Deliberate recall,0.45,61,filler,0.12720000743865967
Deliberate recall,0.45,62,filler,0.15760000050067902
Deliberate recall,0.45,63,filler,0.19859999418258667
Deliberate recall,0.45,64,filler,0.23960000276565552
Deliberate recall,0.6,1,film,0.40720000863075256
Deliberate recall,0.6,2,film,0.3206000030040741
Deliberate recall,0.6,3,film,0.2831999957561493
Deliberate recall,0.6,4,film,0.24879999458789825
Deliberate recall,0.6,5,film,0.22660000622272491
Deliberate recall,0.6,6,film,0.19900000095367432
Deliberate recall,0.6,7,film,0.17579999566078186
Deliberate recall,0.6,8,film,0.15379999577999115
Deliberate recall,0.6,9,film,0.13019999861717224
Deliberate recall,0.6,10,film,0.10840000212192535
Deliberate recall,0.6,11,film,0.09619999676942825
Deliberate recall,0.6,12,film,0.08560000360012054
Deliberate recall,0.6,13,film,0.07259999960660934
Deliberate recall,0.6,14,film,0.058800000697374344
Deliberate recall,0.6,15,film,0.05339999869465828
Deliberate recall,0.6,16,film,0.03799999877810478
Deliberate recall,0.6,17,break,0.02019999921321869
Deliberate recall,0.6,18,break,0.013199999928474426
Deliberate recall,0.6,19,break,0.008799999952316284
Deliberate recall,0.6,20,break,0.006200000178068876
Deliberate recall,0.6,21,break,0.0034000000450760126
Deliberate recall,0.6,22,break,0.004000000189989805
Deliberate recall,0.6,23,break,0.0020000000949949026
Deliberate recall,0.6,24,break,0.0020000000949949026
Deliberate recall,0.6,25,break,0.00139999995008111
Deliberate recall,0.6,26,break,0.0012000000569969416
Deliberate recall,0.6,27,break,0.0007999999797903001
Deliberate recall,0.6,28,break,0.0007999999797903001
Deliberate recall,0.6,29,break,0.0
Deliberate recall,0.6,30,break,0.00019999999494757503
Deliberate recall,0.6,31,break,0.00019999999494757503
Deliberate recall,0.6,32,break,0.0
Deliberate recall,0.6,33,task,0.2955999970436096
Deliberate recall,0.6,34,task,0.28999999165534973
Deliberate recall,0.6,35,task,0.287200003862381
Deliberate recall,0.6,36,task,0.27559998631477356
Deliberate recall,0.6,37,task,0.25839999318122864
Deliberate recall,0.6,38,task,0.24240000545978546
Deliberate recall,0.6,39,task,0.23319999873638153
Deliberate recall,0.6,40,task,0.2287999987602234
Deliberate recall,0.6,41,task,0.21960000693798065
Deliberate recall,0.6,42,task,0.21140000224113464
Deliberate recall,0.6,43,task,0.21199999749660492
Deliberate recall,0.6,44,task,0.20000000298023224
Deliberate recall,0.6,45,task,0.18780000507831573
Deliberate recall,0.6,46,task,0.19580000638961792
Deliberate recall,0.6,47,task,0.19480000436306
Deliberate recall,0.6,48,task,0.19020000100135803
Deliberate recall,0.6,49,filler,0.02419999986886978
Deliberate recall,0.6,50,filler,0.023800000548362732
Deliberate recall,0.6,51,filler,0.02280000038444996
Deliberate recall,0.6,52,filler,0.024800000712275505
Deliberate recall,0.6,53,filler,0.027000000700354576
Deliberate recall,0.6,54,filler,0.029999999329447746
Deliberate recall,0.6,55,filler,0.0406000018119812
Deliberate recall,0.6,56,filler,0.04520000144839287
Deliberate recall,0.6,57,filler,0.04800000041723251
Deliberate recall,0.6,58,filler,0.061000000685453415
Deliberate recall,0.6,59,filler,0.07339999824762344
Deliberate recall,0.6,60,filler,0.09719999879598618
Deliberate recall,0.6,61,filler,0.12060000002384186
Deliberate recall,0.6,62,filler,0.13899999856948853
Deliberate recall,0.6,63,filler,0.17679999768733978
Deliberate recall,0.6,64,filler,0.20000000298023224
Deliberate recall,0.75,1,film,0.3684000074863434
Deliberate recall,0.75,2,film,0.2913999855518341
Deliberate recall,0.75,3,film,0.24160000681877136
Deliberate recall,0.75,4,film,0.2272000014781952
Deliberate recall,0.75,5,film,0.21400000154972076
Deliberate recall,0.75,6,film,0.1899999976158142
Deliberate recall,0.75,7,film,0.1615999937057495
Deliberate recall,0.75,8,film,0.15279999375343323
Deliberate recall,0.75,9,film,0.12919999659061432
Deliberate recall,0.75,10,film,0.11680000275373459
Deliberate recall,0.75,11,film,0.0934000015258789
Deliberate recall,0.75,12,film,0.07859999686479568
Deliberate recall,0.75,13,film,0.07240000367164612
Deliberate recall,0.75,14,film,0.06279999762773514
Deliberate recall,0.75,15,film,0.05339999869465828
Deliberate recall,0.75,16,film,0.039799999445676804
Deliberate recall,0.75,17,break,0.017000000923871994
Deliberate recall,0.75,18,break,0.012199999764561653
Deliberate recall,0.75,19,break,0.007799999788403511
Deliberate recall,0.75,20,break,0.006200000178068876
Deliberate recall,0.75,21,break,0.006000000052154064
Deliberate recall,0.75,22,break,0.002400000113993883
Deliberate recall,0.75,23,break,0.0020000000949949026
Deliberate recall,0.75,24,break,0.0007999999797903001
Deliberate recall,0.75,25,break,0.002199999988079071
Deliberate recall,0.75,26,break,0.0012000000569969416
Deliberate recall,0.75,27,break,0.0007999999797903001
Deliberate recall,0.75,28,break,0.0007999999797903001
Deliberate recall,0.75,29,break,0.00039999998989515007
Deliberate recall,0.75,30,break,0.00039999998989515007
Deliberate recall,0.75,31,break,0.00019999999494757503
Deliberate recall,0.75,32,break,0.0006000000284984708
Deliberate recall,0.75,33,task,0.3003999888896942
Deliberate recall,0.75,34,task,0.29760000109672546
Deliberate recall,0.75,35,task,0.29260000586509705
Deliberate recall,0.75,36,task,0.2831999957561493
Deliberate recall,0.75,37,task,0.2791999876499176
Deliberate recall,0.75,38,task,0.2587999999523163
Deliberate recall,0.75,39,task,0.25780001282691956
Deliberate recall,0.75,40,task,0.23880000412464142
Deliberate recall,0.75,41,task,0.23280000686645508
Deliberate recall,0.75,42,task,0.21940000355243683
Deliberate recall,0.75,43,task,0.2168000042438507
Deliberate recall,0.75,44,task,0.22139999270439148
Deliberate recall,0.75,45,task,0.20600000023841858
Deliberate recall,0.75,46,task,0.21940000355243683
Deliberate recall,0.75,47,task,0.20280000567436218
Deliberate recall,0.75,48,task,0.19499999284744263
Deliberate recall,0.75,49,filler,0.028999999165534973
Deliberate recall,0.75,50,filler,0.025200000032782555
Deliberate recall,0.75,51,filler,0.024000000208616257
Deliberate recall,0.75,52,filler,0.023800000548362732
Deliberate recall,0.75,53,filler,0.026200000196695328
Deliberate recall,0.75,54,filler,0.03099999949336052
Deliberate recall,0.75,55,filler,0.03579999879002571
Deliberate recall,0.75,56,filler,0.050200000405311584
Deliberate recall,0.75,57,filler,0.050599999725818634
Deliberate recall,0.75,58,filler,0.06800000369548798
Deliberate recall,0.75,59,filler,0.07660000026226044
Deliberate recall,0.75,60,filler,0.0957999974489212
Deliberate recall,0.75,61,filler,0.11640000343322754
Deliberate recall,0.75,62,filler,0.13539999723434448
Deliberate recall,0.75,63,filler,0.16539999842643738
Deliberate recall,0.75,64,filler,0.188400000333786
Deliberate recall,0.9,1,film,0.3336000144481659
Deliberate recall,0.9,2,film,0.2757999897003174
Deliberate recall,0.9,3,film,0.2468000054359436
Deliberate recall,0.9,4,film,0.22139999270439148
Deliberate recall,0.9,5,film,0.19460000097751617
Deliberate recall,0.9,6,film,0.18039999902248383
Deliberate recall,0.9,7,film,0.1664000004529953
Deliberate recall,0.9,8,film,0.13660000264644623
Deliberate recall,0.9,9,film,0.12460000067949295
Deliberate recall,0.9,10,film,0.1103999987244606
Deliberate recall,0.9,11,film,0.09600000083446503
Deliberate recall,0.9,12,film,0.07660000026226044
Deliberate recall,0.9,13,film,0.06440000236034393
Deliberate recall,0.9,14,film,0.05779999867081642
Deliberate recall,0.9,15,film,0.053199999034404755
Deliberate recall,0.9,16,film,0.0430000014603138
Deliberate recall,0.9,17,break,0.019999999552965164
Deliberate recall,0.9,18,break,0.012000000104308128
Deliberate recall,0.9,19,break,0.00860000029206276
Deliberate recall,0.9,20,break,0.007000000216066837
Deliberate recall,0.9,21,break,0.006000000052154064
Deliberate recall,0.9,22,break,0.004000000189989805
Deliberate recall,0.9,23,break,0.002400000113993883
Deliberate recall,0.9,24,break,0.0020000000949949026
Deliberate recall,0.9,25,break,0.0010000000474974513
Deliberate recall,0.9,26,break,0.00139999995008111
Deliberate recall,0.9,27,break,0.00039999998989515007
Deliberate recall,0.9,28,break,0.002400000113993883
Deliberate recall,0.9,29,break,0.0006000000284984708
Deliberate recall,0.9,30,break,0.0006000000284984708
Deliberate recall,0.9,31,break,0.00019999999494757503
Deliberate recall,0.9,32,break,0.0006000000284984708
Deliberate recall,0.9,33,task,0.29260000586509705
Deliberate recall,0.9,34,task,0.29260000586509705
Deliberate recall,0.9,35,task,0.2903999984264374
Deliberate recall,0.9,36,task,0.26579999923706055
Deliberate recall,0.9,37,task,0.27900001406669617
Deliberate recall,0.9,38,task,0.27379998564720154
Deliberate recall,0.9,39,task,0.2680000066757202
Deliberate recall,0.9,40,task,0.25600001215934753
Deliberate recall,0.9,41,task,0.2524000108242035
Deliberate recall,0.9,42,task,0.251800000667572
Deliberate recall,0.9,43,task,0.24320000410079956
Deliberate recall,0.9,44,task,0.2433999925851822
Deliberate recall,0.9,45,task,0.22939999401569366
Deliberate recall,0.9,46,task,0.22699999809265137
Deliberate recall,0.9,47,task,0.219200000166893
Deliberate recall,0.9,48,task,0.21480000019073486
Deliberate recall,0.9,49,filler,0.03280000016093254
Deliberate recall,0.9,50,filler,0.029200000688433647
Deliberate recall,0.9,51,filler,0.023600000888109207
Deliberate recall,0.9,52,filler,0.026000000536441803
Deliberate recall,0.9,53,filler,0.028599999845027924
Deliberate recall,0.9,54,filler,0.029400000348687172
Deliberate recall,0.9,55,filler,0.03460000082850456
Deliberate recall,0.9,56,filler,0.041999999433755875
Deliberate recall,0.9,57,filler,0.050999999046325684
Deliberate recall,0.9,58,filler,0.05820000171661377
Deliberate recall,0.9,59,filler,0.06880000233650208
Deliberate recall,0.9,60,filler,0.08900000154972076
Deliberate recall,0.9,61,filler,0.11100000143051147
Deliberate recall,0.9,62,filler,0.12620000541210175
Deliberate recall,0.9,63,filler,0.1459999978542328
Deliberate recall,0.9,64,filler,0.17080000042915344
Deliberate recall,1.0,1,film,0.31779998540878296
Deliberate recall,1.0,2,film,0.27219998836517334
Deliberate recall,1.0,3,film,0.23280000686645508
Deliberate recall,1.0,4,film,0.20419999957084656
Deliberate recall,1.0,5,film,0.18880000710487366
Deliberate recall,1.0,6,film,0.1834000051021576
Deliberate recall,1.0,7,film,0.15240000188350677
Deliberate recall,1.0,8,film,0.14159999787807465
Deliberate recall,1.0,9,film,0.12080000340938568
Deliberate recall,1.0,10,film,0.10639999806880951
Deliberate recall,1.0,11,film,0.09619999676942825
Deliberate recall,1.0,12,film,0.08860000222921371
Deliberate recall,1.0,13,film,0.06920000165700912
Deliberate recall,1.0,14,film,0.05660000070929527
Deliberate recall,1.0,15,film,0.04879999905824661
Deliberate recall,1.0,16,film,0.04360000044107437
Deliberate recall,1.0,17,break,0.01979999989271164
Deliberate recall,1.0,18,break,0.015799999237060547
Deliberate recall,1.0,19,break,0.009200000204145908
Deliberate recall,1.0,20,break,0.007799999788403511
Deliberate recall,1.0,21,break,0.004399999976158142
Deliberate recall,1.0,22,break,0.00419999985024333
Deliberate recall,1.0,23,break,0.0017999999690800905
Deliberate recall,1.0,24,break,0.0020000000949949026
Deliberate recall,1.0,25,break,0.0017999999690800905
Deliberate recall,1.0,26,break,0.00139999995008111
Deliberate recall,1.0,27,break,0.00139999995008111
Deliberate recall,1.0,28,break,0.0007999999797903001
Deliberate recall,1.0,29,break,0.0006000000284984708
Deliberate recall,1.0,30,break,0.0006000000284984708
Deliberate recall,1.0,31,break,0.00019999999494757503
Deliberate recall,1.0,32,break,0.00019999999494757503
Deliberate recall,1.0,33,task,0.30140000581741333
Deliberate recall,1.0,34,task,0.2946000099182129
Deliberate recall,1.0,35,task,0.2906000018119812
Deliberate recall,1.0,36,task,0.27559998631477356
Deliberate recall,1.0,37,task,0.2858000099658966
Deliberate recall,1.0,38,task,0.2712000012397766
Deliberate recall,1.0,39,task,0.26499998569488525
Deliberate recall,1.0,40,task,0.26019999384880066
Deliberate recall,1.0,41,task,0.25780001282691956
Deliberate recall,1.0,42,task,0.257999986410141
Deliberate recall,1.0,43,task,0.24379999935626984
Deliberate recall,1.0,44,task,0.2370000034570694
Deliberate recall,1.0,45,task,0.2345999926328659
Deliberate recall,1.0,46,task,0.2280000001192093
Deliberate recall,1.0,47,task,0.22540000081062317
Deliberate recall,1.0,48,task,0.22519999742507935
Deliberate recall,1.0,49,filler,0.03240000084042549
Deliberate recall,1.0,50,filler,0.0272000003606081
Deliberate recall,1.0,51,filler,0.026200000196695328
Deliberate recall,1.0,52,filler,0.02500000037252903
Deliberate recall,1.0,53,filler,0.030799999833106995
Deliberate recall,1.0,54,filler,0.03359999880194664
Deliberate recall,1.0,55,filler,0.03700000047683716
Deliberate recall,1.0,56,filler,0.044199999421834946
Deliberate recall,1.0,57,filler,0.05040000006556511
Deliberate recall,1.0,58,filler,0.06319999694824219
Deliberate recall,1.0,59,filler,0.07699999958276749
Deliberate recall,1.0,60,filler,0.09359999746084213
Deliberate recall,1.0,61,filler,0.10559999942779541
Deliberate recall,1.0,62,filler,0.12800000607967377
Deliberate recall,1.0,63,filler,0.147599995136261
Deliberate recall,1.0,64,filler,0.17260000109672546
