retrieval_condition,target_recall_drift_scale,position,phase,recall_probability
Unguided retrieval,0.0,1,film,0.02160000056028366
Unguided retrieval,0.0,2,film,0.019200000911951065
Unguided retrieval,0.0,3,film,0.028999999165534973
Unguided retrieval,0.0,4,film,0.03060000017285347
Unguided retrieval,0.0,5,film,0.030400000512599945
Unguided retrieval,0.0,6,film,0.032999999821186066
Unguided retrieval,0.0,7,film,0.035999998450279236
Unguided retrieval,0.0,8,film,0.03420000150799751
Unguided retrieval,0.0,9,film,0.03460000082850456
Unguided retrieval,0.0,10,film,0.03420000150799751
Unguided retrieval,0.0,11,film,0.03620000183582306
Unguided retrieval,0.0,12,film,0.039000000804662704
Unguided retrieval,0.0,13,film,0.032600000500679016
Unguided retrieval,0.0,14,film,0.03400000184774399
Unguided retrieval,0.0,15,film,0.03700000047683716
Unguided retrieval,0.0,16,film,0.03460000082850456
Unguided retrieval,0.0,17,break,0.014600000344216824
Unguided retrieval,0.0,18,break,0.00839999970048666
Unguided retrieval,0.0,19,break,0.00860000029206276
Unguided retrieval,0.0,20,break,0.003800000064074993
Unguided retrieval,0.0,21,break,0.004999999888241291
Unguided retrieval,0.0,22,break,0.003599999938160181
Unguided retrieval,0.0,23,break,0.00279999990016222
Unguided retrieval,0.0,24,break,0.0010000000474974513
Unguided retrieval,0.0,25,break,0.0007999999797903001
Unguided retrieval,0.0,26,break,0.00019999999494757503
Unguided retrieval,0.0,27,break,0.0010000000474974513
Unguided retrieval,0.0,28,break,0.0012000000569969416
Unguided retrieval,0.0,29,break,0.00039999998989515007
Unguided retrieval,0.0,30,break,0.00039999998989515007
Unguided retrieval,0.0,31,break,0.0006000000284984708
Unguided retrieval,0.0,32,break,0.00019999999494757503
Unguided retrieval,0.0,33,task,0.18880000710487366
Unguided retrieval,0.0,34,task,0.17100000381469727
Unguided retrieval,0.0,35,task,0.1542000025510788
Unguided retrieval,0.0,36,task,0.1379999965429306
Unguided retrieval,0.0,37,task,0.13840000331401825
Unguided retrieval,0.0,38,task,0.11779999732971191
Unguided retrieval,0.0,39,task,0.11680000275373459
Unguided retrieval,0.0,40,task,0.12520000338554382
Unguided retrieval,0.0,41,task,0.11779999732971191
Unguided retrieval,0.0,42,task,0.12919999659061432
Unguided retrieval,0.0,43,task,0.13279999792575836
Unguided retrieval,0.0,44,task,0.14399999380111694
Unguided retrieval,0.0,45,task,0.16519999504089355
Unguided retrieval,0.0,46,task,0.18000000715255737
Unguided retrieval,0.0,47,task,0.20440000295639038
Unguided retrieval,0.0,48,task,0.2386000007390976
Unguided retrieval,0.0,49,filler,0.03060000017285347
Unguided retrieval,0.0,50,filler,0.038600001484155655
Unguided retrieval,0.0,51,filler,0.04600000008940697
Unguided retrieval,0.0,52,filler,0.055399999022483826
Unguided retrieval,0.0,53,filler,0.06880000233650208
Unguided retrieval,0.0,54,filler,0.0934000015258789
Unguided retrieval,0.0,55,filler,0.11840000003576279
Unguided retrieval,0.0,56,filler,0.15479999780654907
Unguided retrieval,0.0,57,filler,0.20579999685287476
Unguided retrieval,0.0,58,filler,0.2619999945163727
Unguided retrieval,0.0,59,filler,0.3508000075817108
Unguided retrieval,0.0,60,filler,0.42719998955726624
Unguided retrieval,0.0,61,filler,0.5364000201225281
Unguided retrieval,0.0,62,filler,0.6406000256538391
Unguided retrieval,0.0,63,filler,0.7513999938964844
Unguided retrieval,0.0,64,filler,0.824999988079071
Unguided retrieval,0.15,1,film,0.022600000724196434
Unguided retrieval,0.15,2,film,0.024000000208616257
Unguided retrieval,0.15,3,film,0.029200000688433647
Unguided retrieval,0.15,4,film,0.028999999165534973
Unguided retrieval,0.15,5,film,0.03420000150799751
Unguided retrieval,0.15,6,film,0.035999998450279236
Unguided retrieval,0.15,7,film,0.04540000110864639
Unguided retrieval,0.15,8,film,0.03840000182390213
Unguided retrieval,0.15,9,film,0.0406000018119812
Unguided retrieval,0.15,10,film,0.03819999843835831
Unguided retrieval,0.15,11,film,0.03799999877810478
Unguided retrieval,0.15,12,film,0.0421999990940094
Unguided retrieval,0.15,13,film,0.03660000115633011
Unguided retrieval,0.15,14,film,0.03779999911785126
Unguided retrieval,0.15,15,film,0.041200000792741776
Unguided retrieval,0.15,16,film,0.032600000500679016
Unguided retrieval,0.15,17,break,0.013399999588727951
Unguided retrieval,0.15,18,break,0.009600000455975533
Unguided retrieval,0.15,19,break,0.007799999788403511
Unguided retrieval,0.15,20,break,0.007000000216066837
Unguided retrieval,0.15,21,break,0.0034000000450760126
Unguided retrieval,0.15,22,break,0.003800000064074993
Unguided retrieval,0.15,23,break,0.00139999995008111
Unguided retrieval,0.15,24,break,0.0015999999595806003
Unguided retrieval,0.15,25,break,0.0010000000474974513
Unguided retrieval,0.15,26,break,0.0012000000569969416
Unguided retrieval,0.15,27,break,0.0006000000284984708
Unguided retrieval,0.15,28,break,0.0006000000284984708
Unguided retrieval,0.15,29,break,0.0006000000284984708
Unguided retrieval,0.15,30,break,0.00019999999494757503
Unguided retrieval,0.15,31,break,0.00039999998989515007
Unguided retrieval,0.15,32,break,0.0
Unguided retrieval,0.15,33,task,0.2021999955177307
Unguided retrieval,0.15,34,task,0.17820000648498535
Unguided retrieval,0.15,35,task,0.1624000072479248
Unguided retrieval,0.15,36,task,0.14659999310970306
Unguided retrieval,0.15,37,task,0.1340000033378601
Unguided retrieval,0.15,38,task,0.12039999663829803
Unguided retrieval,0.15,39,task,0.11400000005960464
Unguided retrieval,0.15,40,task,0.11020000278949738
Unguided retrieval,0.15,41,task,0.10939999669790268
Unguided retrieval,0.15,42,task,0.12139999866485596
Unguided retrieval,0.15,43,task,0.13220000267028809
Unguided retrieval,0.15,44,task,0.13580000400543213
Unguided retrieval,0.15,45,task,0.15780000388622284
Unguided retrieval,0.15,46,task,0.1695999950170517
Unguided retrieval,0.15,47,task,0.20360000431537628
Unguided retrieval,0.15,48,task,0.2425999939441681
Unguided retrieval,0.15,49,filler,0.03180000185966492
Unguided retrieval,0.15,50,filler,0.03200000151991844
Unguided retrieval,0.15,51,filler,0.044199999421834946
Unguided retrieval,0.15,52,filler,0.053599998354911804
Unguided retrieval,0.15,53,filler,0.06360000371932983
Unguided retrieval,0.15,54,filler,0.09160000085830688
Unguided retrieval,0.15,55,filler,0.10980000346899033
Unguided retrieval,0.15,56,filler,0.14259999990463257
Unguided retrieval,0.15,57,filler,0.19539999961853027
Unguided retrieval,0.15,58,filler,0.2513999938964844
Unguided retrieval,0.15,59,filler,0.3368000090122223
Unguided retrieval,0.15,60,filler,0.4205999970436096
Unguided retrieval,0.15,61,filler,0.5285999774932861
Unguided retrieval,0.15,62,filler,0.6502000093460083
Unguided retrieval,0.15,63,filler,0.7386000156402588
Unguided retrieval,0.15,64,filler,0.8240000009536743
Unguided retrieval,0.3,1,film,0.021800000220537186
Unguided retrieval,0.3,2,film,0.028599999845027924
Unguided retrieval,0.3,3,film,0.026799999177455902
Unguided retrieval,0.3,4,film,0.03020000085234642
Unguided retrieval,0.3,5,film,0.03319999948143959
Unguided retrieval,0.3,6,film,0.03700000047683716
Unguided retrieval,0.3,7,film,0.041600000113248825
Unguided retrieval,0.3,8,film,0.04019999876618385
Unguided retrieval,0.3,9,film,0.042399998754262924
Unguided retrieval,0.3,10,film,0.041200000792741776
Unguided retrieval,0.3,11,film,0.04259999841451645
Unguided retrieval,0.3,12,film,0.0414000004529953
Unguided retrieval,0.3,13,film,0.04500000178813934
Unguided retrieval,0.3,14,film,0.038600001484155655
Unguided retrieval,0.3,15,film,0.03480000048875809
Unguided retrieval,0.3,16,film,0.03620000183582306
Unguided retrieval,0.3,17,break,0.014800000004470348
Unguided retrieval,0.3,18,break,0.009600000455975533
Unguided retrieval,0.3,19,break,0.00800000037997961
Unguided retrieval,0.3,20,break,0.005200000014156103
Unguided retrieval,0.3,21,break,0.004999999888241291
Unguided retrieval,0.3,22,break,0.0026000000070780516
Unguided retrieval,0.3,23,break,0.0017999999690800905
Unguided retrieval,0.3,24,break,0.0007999999797903001
Unguided retrieval,0.3,25,break,0.0006000000284984708
Unguided retrieval,0.3,26,break,0.00139999995008111
Unguided retrieval,0.3,27,break,0.0007999999797903001
Unguided retrieval,0.3,28,break,0.0010000000474974513
Unguided retrieval,0.3,29,break,0.0006000000284984708
Unguided retrieval,0.3,30,break,0.00019999999494757503
Unguided retrieval,0.3,31,break,0.0
Unguided retrieval,0.3,32,break,0.00019999999494757503
Unguided retrieval,0.3,33,task,0.20880000293254852
Unguided retrieval,0.3,34,task,0.18619999289512634
Unguided retrieval,0.3,35,task,0.1615999937057495
Unguided retrieval,0.3,36,task,0.1526000052690506
Unguided retrieval,0.3,37,task,0.13420000672340393
Unguided retrieval,0.3,38,task,0.12720000743865967
Unguided retrieval,0.3,39,task,0.12399999797344208
Unguided retrieval,0.3,40,task,0.12219999730587006
Unguided retrieval,0.3,41,task,0.11860000342130661
Unguided retrieval,0.3,42,task,0.12099999934434891
Unguided retrieval,0.3,43,task,0.12160000205039978
Unguided retrieval,0.3,44,task,0.1363999992609024
Unguided retrieval,0.3,45,task,0.14920000731945038
Unguided retrieval,0.3,46,task,0.1720000058412552
Unguided retrieval,0.3,47,task,0.2029999941587448
Unguided retrieval,0.3,48,task,0.2303999960422516
Unguided retrieval,0.3,49,filler,0.02800000086426735
Unguided retrieval,0.3,50,filler,0.03579999879002571
Unguided retrieval,0.3,51,filler,0.04259999841451645
Unguided retrieval,0.3,52,filler,0.04899999871850014
Unguided retrieval,0.3,53,filler,0.06639999896287918
Unguided retrieval,0.3,54,filler,0.0851999968290329
Unguided retrieval,0.3,55,filler,0.11240000277757645
Unguided retrieval,0.3,56,filler,0.14239999651908875
Unguided retrieval,0.3,57,filler,0.1923999935388565
Unguided retrieval,0.3,58,filler,0.2621999979019165
Unguided retrieval,0.3,59,filler,0.3328000009059906
Unguided retrieval,0.3,60,filler,0.426800012588501
Unguided retrieval,0.3,61,filler,0.5257999897003174
Unguided retrieval,0.3,62,filler,0.6499999761581421
Unguided retrieval,0.3,63,filler,0.7394000291824341
Unguided retrieval,0.3,64,filler,0.8253999948501587
Unguided retrieval,0.45,1,film,0.021199999377131462
Unguided retrieval,0.45,2,film,0.027799999341368675
Unguided retrieval,0.45,3,film,0.03319999948143959
Unguided retrieval,0.45,4,film,0.03880000114440918
Unguided retrieval,0.45,5,film,0.041999999433755875
Unguided retrieval,0.45,6,film,0.03759999945759773
Unguided retrieval,0.45,7,film,0.04699999839067459
Unguided retrieval,0.45,8,film,0.05119999870657921
Unguided retrieval,0.45,9,film,0.04500000178813934
Unguided retrieval,0.45,10,film,0.043800000101327896
Unguided retrieval,0.45,11,film,0.04600000008940697
Unguided retrieval,0.45,12,film,0.04560000076889992
Unguided retrieval,0.45,13,film,0.043800000101327896
Unguided retrieval,0.45,14,film,0.039400000125169754
Unguided retrieval,0.45,15,film,0.03799999877810478
Unguided retrieval,0.45,16,film,0.04100000113248825
Unguided retrieval,0.45,17,break,0.015200000256299973
Unguided retrieval,0.45,18,break,0.009600000455975533
Unguided retrieval,0.45,19,break,0.010200000368058681
Unguided retrieval,0.45,20,break,0.00559999980032444
Unguided retrieval,0.45,21,break,0.003800000064074993
Unguided retrieval,0.45,22,break,0.002199999988079071
Unguided retrieval,0.45,23,break,0.0020000000949949026
Unguided retrieval,0.45,24,break,0.0015999999595806003
Unguided retrieval,0.45,25,break,0.0012000000569969416
Unguided retrieval,0.45,26,break,0.0010000000474974513
Unguided retrieval,0.45,27,break,0.00019999999494757503
Unguided retrieval,0.45,28,break,0.0006000000284984708
Unguided retrieval,0.45,29,break,0.0010000000474974513
Unguided retrieval,0.45,30,break,0.00019999999494757503
Unguided retrieval,0.45,31,break,0.0007999999797903001
Unguided retrieval,0.45,32,break,0.00019999999494757503
Unguided retrieval,0.45,33,task,0.2248000055551529
Unguided retrieval,0.45,34,task,0.19859999418258667
Unguided retrieval,0.45,35,task,0.17640000581741333
Unguided retrieval,0.45,36,task,0.15800000727176666
Unguided retrieval,0.45,37,task,0.1467999964952469
Unguided retrieval,0.45,38,task,0.12780000269412994
Unguided retrieval,0.45,39,task,0.12559999525547028
Unguided retrieval,0.45,40,task,0.11940000206232071
Unguided retrieval,0.45,41,task,0.1136000007390976
Unguided retrieval,0.45,42,task,0.12319999933242798
Unguided retrieval,0.45,43,task,0.13259999454021454
Unguided retrieval,0.45,44,task,0.13199999928474426
Unguided retrieval,0.45,45,task,0.14900000393390656
Unguided retrieval,0.45,46,task,0.1720000058412552
Unguided retrieval,0.45,47,task,0.1964000016450882
Unguided retrieval,0.45,48,task,0.219200000166893
Unguided retrieval,0.45,49,filler,0.02759999968111515
Unguided retrieval,0.45,50,filler,0.03440000116825104
Unguided retrieval,0.45,51,filler,0.03880000114440918
Unguided retrieval,0.45,52,filler,0.04960000142455101
Unguided retrieval,0.45,53,filler,0.06700000166893005
Unguided retrieval,0.45,54,filler,0.07620000094175339
Unguided retrieval,0.45,55,filler,0.11500000208616257
Unguided retrieval,0.45,56,filler,0.14239999651908875
Unguided retrieval,0.45,57,filler,0.18440000712871552
Unguided retrieval,0.45,58,filler,0.25519999861717224
Unguided retrieval,0.45,59,filler,0.33880001306533813
Unguided retrieval,0.45,60,filler,0.4129999876022339
Unguided retrieval,0.45,61,filler,0.5307999849319458
Unguided retrieval,0.45,62,filler,0.6474000215530396
Unguided retrieval,0.45,63,filler,0.7505999803543091
Unguided retrieval,0.45,64,filler,0.8226000070571899
Unguided retrieval,0.6,1,film,0.023800000548362732
Unguided retrieval,0.6,2,film,0.02759999968111515
Unguided retrieval,0.6,3,film,0.03480000048875809
Unguided retrieval,0.6,4,film,0.0406000018119812
Unguided retrieval,0.6,5,film,0.044599998742341995
Unguided retrieval,0.6,6,film,0.04600000008940697
Unguided retrieval,0.6,7,film,0.04500000178813934
Unguided retrieval,0.6,8,film,0.05000000074505806
Unguided retrieval,0.6,9,film,0.050200000405311584
Unguided retrieval,0.6,10,film,0.05299999937415123
Unguided retrieval,0.6,11,film,0.04800000041723251
Unguided retrieval,0.6,12,film,0.04960000142455101
Unguided retrieval,0.6,13,film,0.04699999839067459
Unguided retrieval,0.6,14,film,0.04560000076889992
Unguided retrieval,0.6,15,film,0.044599998742341995
Unguided retrieval,0.6,16,film,0.041200000792741776
Unguided retrieval,0.6,17,break,0.016599999740719795
Unguided retrieval,0.6,18,break,0.009999999776482582
Unguided retrieval,0.6,19,break,0.00839999970048666
Unguided retrieval,0.6,20,break,0.006399999838322401
Unguided retrieval,0.6,21,break,0.003599999938160181
Unguided retrieval,0.6,22,break,0.0034000000450760126
Unguided retrieval,0.6,23,break,0.0015999999595806003
Unguided retrieval,0.6,24,break,0.00139999995008111
Unguided retrieval,0.6,25,break,0.0006000000284984708
Unguided retrieval,0.6,26,break,0.0007999999797903001
Unguided retrieval,0.6,27,break,0.00019999999494757503
Unguided retrieval,0.6,28,break,0.0
Unguided retrieval,0.6,29,break,0.00019999999494757503
Unguided retrieval,0.6,30,break,0.00039999998989515007
Unguided retrieval,0.6,31,break,0.00039999998989515007
Unguided retrieval,0.6,32,break,0.0
Unguided retrieval,0.6,33,task,0.2282000035047531
Unguided retrieval,0.6,34,task,0.20479999482631683
Unguided retrieval,0.6,35,task,0.17880000174045563
Unguided retrieval,0.6,36,task,0.1656000018119812
Unguided retrieval,0.6,37,task,0.1477999985218048
Unguided retrieval,0.6,38,task,0.12680000066757202
Unguided retrieval,0.6,39,task,0.12800000607967377
Unguided retrieval,0.6,40,task,0.12039999663829803
Unguided retrieval,0.6,41,task,0.11479999870061874
Unguided retrieval,0.6,42,task,0.12219999730587006
Unguided retrieval,0.6,43,task,0.12200000137090683
Unguided retrieval,0.6,44,task,0.1454000025987625
Unguided retrieval,0.6,45,task,0.15399999916553497
Unguided retrieval,0.6,46,task,0.16380000114440918
Unguided retrieval,0.6,47,task,0.19660000503063202
Unguided retrieval,0.6,48,task,0.22220000624656677
Unguided retrieval,0.6,49,filler,0.026000000536441803
Unguided retrieval,0.6,50,filler,0.029600000008940697
Unguided retrieval,0.6,51,filler,0.03460000082850456
Unguided retrieval,0.6,52,filler,0.04960000142455101
Unguided retrieval,0.6,53,filler,0.062199998646974564
Unguided retrieval,0.6,54,filler,0.08460000157356262
Unguided retrieval,0.6,55,filler,0.10760000348091125
Unguided retrieval,0.6,56,filler,0.13619999587535858
Unguided retrieval,0.6,57,filler,0.1876000016927719
Unguided retrieval,0.6,58,filler,0.2547999918460846
Unguided retrieval,0.6,59,filler,0.326200008392334
Unguided retrieval,0.6,60,filler,0.41499999165534973
Unguided retrieval,0.6,61,filler,0.519599974155426
Unguided retrieval,0.6,62,filler,0.6344000101089478
Unguided retrieval,0.6,63,filler,0.7364000082015991
Unguided retrieval,0.6,64,filler,0.8180000185966492
Unguided retrieval,0.75,1,film,0.020600000396370888
Unguided retrieval,0.75,2,film,0.0272000003606081
Unguided retrieval,0.75,3,film,0.031599998474121094
Unguided retrieval,0.75,4,film,0.041200000792741776
Unguided retrieval,0.75,5,film,0.039400000125169754
Unguided retrieval,0.75,6,film,0.04699999839067459
Unguided retrieval,0.75,7,film,0.049800001084804535
Unguided retrieval,0.75,8,film,0.04899999871850014
Unguided retrieval,0.75,9,film,0.04960000142455101
Unguided retrieval,0.75,10,film,0.047600001096725464
Unguided retrieval,0.75,11,film,0.049800001084804535
Unguided retrieval,0.75,12,film,0.04360000044107437
Unguided retrieval,0.75,13,film,0.04919999837875366
Unguided retrieval,0.75,14,film,0.0421999990940094
Unguided retrieval,0.75,15,film,0.0406000018119812
Unguided retrieval,0.75,16,film,0.03720000013709068
Unguided retrieval,0.75,17,break,0.019200000911951065
Unguided retrieval,0.75,18,break,0.010400000028312206
Unguided retrieval,0.75,19,break,0.009800000116229057
Unguided retrieval,0.75,20,break,0.005799999926239252
Unguided retrieval,0.75,21,break,0.005200000014156103
Unguided retrieval,0.75,22,break,0.0026000000070780516
Unguided retrieval,0.75,23,break,0.0026000000070780516
Unguided retrieval,0.75,24,break,0.00139999995008111
Unguided retrieval,0.75,25,break,0.0007999999797903001
Unguided retrieval,0.75,26,break,0.0012000000569969416
Unguided retrieval,0.75,27,break,0.0006000000284984708
Unguided retrieval,0.75,28,break,0.00039999998989515007
Unguided retrieval,0.75,29,break,0.0
Unguided retrieval,0.75,30,break,0.0006000000284984708
Unguided retrieval,0.75,31,break,0.00019999999494757503
Unguided retrieval,0.75,32,break,0.0
Unguided retrieval,0.75,33,task,0.22179999947547913
Unguided retrieval,0.75,34,task,0.2184000015258789
Unguided retrieval,0.75,35,task,0.18039999902248383
Unguided retrieval,0.75,36,task,0.16120000183582306
Unguided retrieval,0.75,37,task,0.1509999930858612
Unguided retrieval,0.75,38,task,0.1306000053882599
Unguided retrieval,0.75,39,task,0.12020000070333481
Unguided retrieval,0.75,40,task,0.11379999667406082
Unguided retrieval,0.75,41,task,0.11959999799728394
Unguided retrieval,0.75,42,task,0.11800000071525574
Unguided retrieval,0.75,43,task,0.11760000139474869
Unguided retrieval,0.75,44,task,0.1371999979019165
Unguided retrieval,0.75,45,task,0.1446000039577484
Unguided retrieval,0.75,46,task,0.1542000025510788
Unguided retrieval,0.75,47,task,0.18479999899864197
Unguided retrieval,0.75,48,task,0.2160000056028366
Unguided retrieval,0.75,49,filler,0.02759999968111515
Unguided retrieval,0.75,50,filler,0.029200000688433647
Unguided retrieval,0.75,51,filler,0.03359999880194664
Unguided retrieval,0.75,52,filler,0.04479999840259552
Unguided retrieval,0.75,53,filler,0.061400000005960464
Unguided retrieval,0.75,54,filler,0.09179999679327011
Unguided retrieval,0.75,55,filler,0.11339999735355377
Unguided retrieval,0.75,56,filler,0.1542000025510788
Unguided retrieval,0.75,57,filler,0.18039999902248383
Unguided retrieval,0.75,58,filler,0.24799999594688416
Unguided retrieval,0.75,59,filler,0.31380000710487366
Unguided retrieval,0.75,60,filler,0.4138000011444092
Unguided retrieval,0.75,61,filler,0.5267999768257141
Unguided retrieval,0.75,62,filler,0.6254000067710876
Unguided retrieval,0.75,63,filler,0.723800003528595
Unguided retrieval,0.75,64,filler,0.8131999969482422
Unguided retrieval,0.9,1,film,0.02239999920129776
Unguided retrieval,0.9,2,film,0.025800000876188278
Unguided retrieval,0.9,3,film,0.030400000512599945
Unguided retrieval,0.9,4,film,0.03880000114440918
Unguided retrieval,0.9,5,film,0.04259999841451645
Unguided retrieval,0.9,6,film,0.04879999905824661
Unguided retrieval,0.9,7,film,0.05220000073313713
Unguided retrieval,0.9,8,film,0.05260000005364418
Unguided retrieval,0.9,9,film,0.05460000038146973
Unguided retrieval,0.9,10,film,0.05739999935030937
Unguided retrieval,0.9,11,film,0.0560000017285347
Unguided retrieval,0.9,12,film,0.05339999869465828
Unguided retrieval,0.9,13,film,0.05400000140070915
Unguided retrieval,0.9,14,film,0.044199999421834946
Unguided retrieval,0.9,15,film,0.04320000112056732
Unguided retrieval,0.9,16,film,0.04740000143647194
Unguided retrieval,0.9,17,break,0.01679999940097332
Unguided retrieval,0.9,18,break,0.014399999752640724
Unguided retrieval,0.9,19,break,0.008999999612569809
Unguided retrieval,0.9,20,break,0.00559999980032444
Unguided retrieval,0.9,21,break,0.004999999888241291
Unguided retrieval,0.9,22,break,0.0034000000450760126
Unguided retrieval,0.9,23,break,0.0012000000569969416
Unguided retrieval,0.9,24,break,0.0006000000284984708
Unguided retrieval,0.9,25,break,0.0015999999595806003
Unguided retrieval,0.9,26,break,0.0006000000284984708
Unguided retrieval,0.9,27,break,0.0007999999797903001
Unguided retrieval,0.9,28,break,0.00019999999494757503
Unguided retrieval,0.9,29,break,0.0
Unguided retrieval,0.9,30,break,0.00019999999494757503
Unguided retrieval,0.9,31,break,0.00019999999494757503
Unguided retrieval,0.9,32,break,0.00019999999494757503
Unguided retrieval,0.9,33,task,0.2484000027179718
Unguided retrieval,0.9,34,task,0.2160000056028366
Unguided retrieval,0.9,35,task,0.18539999425411224
Unguided retrieval,0.9,36,task,0.164000004529953
Unguided retrieval,0.9,37,task,0.14180000126361847
Unguided retrieval,0.9,38,task,0.12880000472068787
Unguided retrieval,0.9,39,task,0.1234000027179718
Unguided retrieval,0.9,40,task,0.11659999936819077
Unguided retrieval,0.9,41,task,0.11299999803304672
Unguided retrieval,0.9,42,task,0.10419999808073044
Unguided retrieval,0.9,43,task,0.12399999797344208
Unguided retrieval,0.9,44,task,0.13379999995231628
Unguided retrieval,0.9,45,task,0.13359999656677246
Unguided retrieval,0.9,46,task,0.16019999980926514
Unguided retrieval,0.9,47,task,0.18320000171661377
Unguided retrieval,0.9,48,task,0.20559999346733093
Unguided retrieval,0.9,49,filler,0.029600000008940697
Unguided retrieval,0.9,50,filler,0.029600000008940697
Unguided retrieval,0.9,51,filler,0.038600001484155655
Unguided retrieval,0.9,52,filler,0.050599999725818634
Unguided retrieval,0.9,53,filler,0.05860000103712082
Unguided retrieval,0.9,54,filler,0.07720000296831131
Unguided retrieval,0.9,55,filler,0.10480000078678131
Unguided retrieval,0.9,56,filler,0.13619999587535858
Unguided retrieval,0.9,57,filler,0.1842000037431717
Unguided retrieval,0.9,58,filler,0.24500000476837158
Unguided retrieval,0.9,59,filler,0.3303999900817871
Unguided retrieval,0.9,60,filler,0.4180000126361847
Unguided retrieval,0.9,61,filler,0.527400016784668
Unguided retrieval,0.9,62,filler,0.631600022315979
Unguided retrieval,0.9,63,filler,0.7440000176429749
Unguided retrieval,0.9,64,filler,0.8220000267028809
Unguided retrieval,1.0,1,film,0.021199999377131462
Unguided retrieval,1.0,2,film,0.030799999833106995
Unguided retrieval,1.0,3,film,0.03359999880194664
Unguided retrieval,1.0,4,film,0.042399998754262924
Unguided retrieval,1.0,5,film,0.04580000042915344
Unguided retrieval,1.0,6,film,0.044599998742341995
Unguided retrieval,1.0,7,film,0.05220000073313713
Unguided retrieval,1.0,8,film,0.053599998354911804
Unguided retrieval,1.0,9,film,0.0560000017285347
Unguided retrieval,1.0,10,film,0.051600001752376556
Unguided retrieval,1.0,11,film,0.0551999993622303
Unguided retrieval,1.0,12,film,0.052000001072883606
Unguided retrieval,1.0,13,film,0.05660000070929527
Unguided retrieval,1.0,14,film,0.04780000075697899
Unguided retrieval,1.0,15,film,0.050599999725818634
Unguided retrieval,1.0,16,film,0.04280000180006027
Unguided retrieval,1.0,17,break,0.017400000244379044
Unguided retrieval,1.0,18,break,0.014399999752640724
Unguided retrieval,1.0,19,break,0.00800000037997961
Unguided retrieval,1.0,20,break,0.005200000014156103
Unguided retrieval,1.0,21,break,0.003800000064074993
Unguided retrieval,1.0,22,break,0.003800000064074993
Unguided retrieval,1.0,23,break,0.002400000113993883
Unguided retrieval,1.0,24,break,0.0017999999690800905
Unguided retrieval,1.0,25,break,0.0017999999690800905
Unguided retrieval,1.0,26,break,0.0015999999595806003
Unguided retrieval,1.0,27,break,0.0007999999797903001
Unguided retrieval,1.0,28,break,0.00019999999494757503
Unguided retrieval,1.0,29,break,0.00039999998989515007
Unguided retrieval,1.0,30,break,0.00019999999494757503
Unguided retrieval,1.0,31,break,0.00019999999494757503
Unguided retrieval,1.0,32,break,0.00019999999494757503
Unguided retrieval,1.0,33,task,0.25040000677108765
Unguided retrieval,1.0,34,task,0.2142000049352646
Unguided retrieval,1.0,35,task,0.1907999962568283
Unguided retrieval,1.0,36,task,0.15080000460147858
Unguided retrieval,1.0,37,task,0.1363999992609024
Unguided retrieval,1.0,38,task,0.121799997985363
Unguided retrieval,1.0,39,task,0.121799997985363
Unguided retrieval,1.0,40,task,0.11180000007152557
Unguided retrieval,1.0,41,task,0.10480000078678131
Unguided retrieval,1.0,42,task,0.10360000282526016
Unguided retrieval,1.0,43,task,0.11800000071525574
Unguided retrieval,1.0,44,task,0.11999999731779099
Unguided retrieval,1.0,45,task,0.14259999990463257
Unguided retrieval,1.0,46,task,0.15700000524520874
Unguided retrieval,1.0,47,task,0.18299999833106995
Unguided retrieval,1.0,48,task,0.20659999549388885
Unguided retrieval,1.0,49,filler,0.025800000876188278
Unguided retrieval,1.0,50,filler,0.032999999821186066
Unguided retrieval,1.0,51,filler,0.042399998754262924
Unguided retrieval,1.0,52,filler,0.04960000142455101
Unguided retrieval,1.0,53,filler,0.05380000174045563
Unguided retrieval,1.0,54,filler,0.0803999975323677
Unguided retrieval,1.0,55,filler,0.1080000028014183
Unguided retrieval,1.0,56,filler,0.1379999965429306
Unguided retrieval,1.0,57,filler,0.1881999969482422
Unguided retrieval,1.0,58,filler,0.24480000138282776
Unguided retrieval,1.0,59,filler,0.31380000710487366
Unguided retrieval,1.0,60,filler,0.4020000100135803
Unguided retrieval,1.0,61,filler,0.5239999890327454
Unguided retrieval,1.0,62,filler,0.6212000250816345
Unguided retrieval,1.0,63,filler,0.7228000164031982
Unguided retrieval,1.0,64,filler,0.8062000274658203
Deliberate recall,0.0,1,film,0.6621999740600586
Deliberate recall,0.0,2,film,0.4867999851703644
Deliberate recall,0.0,3,film,0.3831999897956848
Deliberate recall,0.0,4,film,0.301800012588501
Deliberate recall,0.0,5,film,0.2547999918460846
Deliberate recall,0.0,6,film,0.1995999962091446
Deliberate recall,0.0,7,film,0.17839999496936798
Deliberate recall,0.0,8,film,0.1509999930858612
Deliberate recall,0.0,9,film,0.13660000264644623
Deliberate recall,0.0,10,film,0.11339999735355377
Deliberate recall,0.0,11,film,0.08699999749660492
Deliberate recall,0.0,12,film,0.08579999953508377
Deliberate recall,0.0,13,film,0.07819999754428864
Deliberate recall,0.0,14,film,0.06620000302791595
Deliberate recall,0.0,15,film,0.05959999933838844
Deliberate recall,0.0,16,film,0.050599999725818634
Deliberate recall,0.0,17,break,0.021199999377131462
Deliberate recall,0.0,18,break,0.015799999237060547
Deliberate recall,0.0,19,break,0.010999999940395355
Deliberate recall,0.0,20,break,0.00800000037997961
Deliberate recall,0.0,21,break,0.006599999964237213
Deliberate recall,0.0,22,break,0.004000000189989805
Deliberate recall,0.0,23,break,0.0020000000949949026
Deliberate recall,0.0,24,break,0.0031999999191612005
Deliberate recall,0.0,25,break,0.0012000000569969416
Deliberate recall,0.0,26,break,0.0017999999690800905
Deliberate recall,0.0,27,break,0.0007999999797903001
Deliberate recall,0.0,28,break,0.00039999998989515007
Deliberate recall,0.0,29,break,0.0007999999797903001
Deliberate recall,0.0,30,break,0.00039999998989515007
Deliberate recall,0.0,31,break,0.00019999999494757503
Deliberate recall,0.0,32,break,0.00019999999494757503
Deliberate recall,0.0,33,task,0.33480000495910645
Deliberate recall,0.0,34,task,0.30480000376701355
Deliberate recall,0.0,35,task,0.2736000120639801
Deliberate recall,0.0,36,task,0.22619999945163727
Deliberate recall,0.0,37,task,0.20419999957084656
Deliberate recall,0.0,38,task,0.1826000064611435
Deliberate recall,0.0,39,task,0.15860000252723694
Deliberate recall,0.0,40,task,0.14020000398159027
Deliberate recall,0.0,41,task,0.12839999794960022
Deliberate recall,0.0,42,task,0.11540000140666962
Deliberate recall,0.0,43,task,0.10859999805688858
Deliberate recall,0.0,44,task,0.10239999741315842
Deliberate recall,0.0,45,task,0.10499999672174454
Deliberate recall,0.0,46,task,0.09960000216960907
Deliberate recall,0.0,47,task,0.10100000351667404
Deliberate recall,0.0,48,task,0.11259999871253967
Deliberate recall,0.0,49,filler,0.009999999776482582
Deliberate recall,0.0,50,filler,0.008999999612569809
Deliberate recall,0.0,51,filler,0.01860000006854534
Deliberate recall,0.0,52,filler,0.016200000420212746
Deliberate recall,0.0,53,filler,0.018200000748038292
Deliberate recall,0.0,54,filler,0.024800000712275505
Deliberate recall,0.0,55,filler,0.03460000082850456
Deliberate recall,0.0,56,filler,0.03700000047683716
Deliberate recall,0.0,57,filler,0.05339999869465828
Deliberate recall,0.0,58,filler,0.07519999891519547
Deliberate recall,0.0,59,filler,0.09920000284910202
Deliberate recall,0.0,60,filler,0.12200000137090683
Deliberate recall,0.0,61,filler,0.17299999296665192
Deliberate recall,0.0,62,filler,0.2223999947309494
Deliberate recall,0.0,63,filler,0.29100000858306885
Deliberate recall,0.0,64,filler,0.39239999651908875
Deliberate recall,0.15,1,film,0.6460000276565552
Deliberate recall,0.15,2,film,0.48820000886917114
Deliberate recall,0.15,3,film,0.41339999437332153
Deliberate recall,0.15,4,film,0.3447999954223633
Deliberate recall,0.15,5,film,0.2800000011920929
Deliberate recall,0.15,6,film,0.2409999966621399
Deliberate recall,0.15,7,film,0.21459999680519104
Deliberate recall,0.15,8,film,0.1785999983549118
Deliberate recall,0.15,9,film,0.15399999916553497
Deliberate recall,0.15,10,film,0.1446000039577484
Deliberate recall,0.15,11,film,0.1234000027179718
Deliberate recall,0.15,12,film,0.11060000211000443
Deliberate recall,0.15,13,film,0.09380000084638596
Deliberate recall,0.15,14,film,0.07940000295639038
Deliberate recall,0.15,15,film,0.06800000369548798
Deliberate recall,0.15,16,film,0.061799999326467514
Deliberate recall,0.15,17,break,0.024000000208616257
Deliberate recall,0.15,18,break,0.020600000396370888
Deliberate recall,0.15,19,break,0.012600000016391277
Deliberate recall,0.15,20,break,0.006000000052154064
Deliberate recall,0.15,21,break,0.006399999838322401
Deliberate recall,0.15,22,break,0.004600000102072954
Deliberate recall,0.15,23,break,0.00139999995008111
Deliberate recall,0.15,24,break,0.002199999988079071
Deliberate recall,0.15,25,break,0.0015999999595806003
Deliberate recall,0.15,26,break,0.0012000000569969416
Deliberate recall,0.15,27,break,0.0010000000474974513
Deliberate recall,0.15,28,break,0.0015999999595806003
Deliberate recall,0.15,29,break,0.00019999999494757503
Deliberate recall,0.15,30,break,0.00039999998989515007
Deliberate recall,0.15,31,break,0.00019999999494757503
Deliberate recall,0.15,32,break,0.00039999998989515007
Deliberate recall,0.15,33,task,0.3903999924659729
Deliberate recall,0.15,34,task,0.34119999408721924
Deliberate recall,0.15,35,task,0.3003999888896942
Deliberate recall,0.15,36,task,0.2451999932527542
Deliberate recall,0.15,37,task,0.22059999406337738
Deliberate recall,0.15,38,task,0.1826000064611435
Deliberate recall,0.15,39,task,0.16300000250339508
Deliberate recall,0.15,40,task,0.13099999725818634
Deliberate recall,0.15,41,task,0.11680000275373459
Deliberate recall,0.15,42,task,0.10400000214576721
Deliberate recall,0.15,43,task,0.09619999676942825
Deliberate recall,0.15,44,task,0.08399999886751175
Deliberate recall,0.15,45,task,0.0851999968290329
Deliberate recall,0.15,46,task,0.08340000361204147
Deliberate recall,0.15,47,task,0.08259999752044678
Deliberate recall,0.15,48,task,0.08640000224113464
Deliberate recall,0.15,49,filler,0.01080000028014183
Deliberate recall,0.15,50,filler,0.010400000028312206
Deliberate recall,0.15,51,filler,0.009200000204145908
Deliberate recall,0.15,52,filler,0.013399999588727951
Deliberate recall,0.15,53,filler,0.014399999752640724
Deliberate recall,0.15,54,filler,0.016200000420212746
Deliberate recall,0.15,55,filler,0.02319999970495701
Deliberate recall,0.15,56,filler,0.02879999950528145
Deliberate recall,0.15,57,filler,0.03680000081658363
Deliberate recall,0.15,58,filler,0.053599998354911804
Deliberate recall,0.15,59,filler,0.0714000016450882
Deliberate recall,0.15,60,filler,0.09139999747276306
Deliberate recall,0.15,61,filler,0.1257999986410141
Deliberate recall,0.15,62,filler,0.16840000450611115
Deliberate recall,0.15,63,filler,0.22139999270439148
Deliberate recall,0.15,64,filler,0.30379998683929443
Deliberate recall,0.3,1,film,0.6251999735832214
Deliberate recall,0.3,2,film,0.4675999879837036
Deliberate recall,0.3,3,film,0.40139999985694885
Deliberate recall,0.3,4,film,0.3594000041484833
Deliberate recall,0.3,5,film,0.31119999289512634
Deliberate recall,0.3,6,film,0.2709999978542328
Deliberate recall,0.3,7,film,0.241799995303154
Deliberate recall,0.3,8,film,0.2176000028848648
Deliberate recall,0.3,9,film,0.18320000171661377
Deliberate recall,0.3,10,film,0.15760000050067902
Deliberate recall,0.3,11,film,0.14000000059604645
Deliberate recall,0.3,12,film,0.11339999735355377
Deliberate recall,0.3,13,film,0.10760000348091125
Deliberate recall,0.3,14,film,0.09200000017881393
Deliberate recall,0.3,15,film,0.08139999955892563
Deliberate recall,0.3,16,film,0.0706000030040741
Deliberate recall,0.3,17,break,0.026799999177455902
Deliberate recall,0.3,18,break,0.020800000056624413
Deliberate recall,0.3,19,break,0.013000000268220901
Deliberate recall,0.3,20,break,0.010599999688565731
Deliberate recall,0.3,21,break,0.005200000014156103
Deliberate recall,0.3,22,break,0.005799999926239252
Deliberate recall,0.3,23,break,0.0017999999690800905
Deliberate recall,0.3,24,break,0.0020000000949949026
Deliberate recall,0.3,25,break,0.0012000000569969416
Deliberate recall,0.3,26,break,0.0012000000569969416
Deliberate recall,0.3,27,break,0.0012000000569969416
Deliberate recall,0.3,28,break,0.00019999999494757503
Deliberate recall,0.3,29,break,0.0006000000284984708
Deliberate recall,0.3,30,break,0.0
Deliberate recall,0.3,31,break,0.0
Deliberate recall,0.3,32,break,0.00019999999494757503
Deliberate recall,0.3,33,task,0.412200003862381
Deliberate recall,0.3,34,task,0.36239999532699585
Deliberate recall,0.3,35,task,0.31839999556541443
Deliberate recall,0.3,36,task,0.25999999046325684
Deliberate recall,0.3,37,task,0.2199999988079071
Deliberate recall,0.3,38,task,0.20160000026226044
Deliberate recall,0.3,39,task,0.16220000386238098
Deliberate recall,0.3,40,task,0.13439999520778656
Deliberate recall,0.3,41,task,0.11680000275373459
Deliberate recall,0.3,42,task,0.09399999678134918
Deliberate recall,0.3,43,task,0.0812000036239624
Deliberate recall,0.3,44,task,0.07199999690055847
Deliberate recall,0.3,45,task,0.07880000025033951
Deliberate recall,0.3,46,task,0.0722000002861023
Deliberate recall,0.3,47,task,0.07180000096559525
Deliberate recall,0.3,48,task,0.07000000029802322
Deliberate recall,0.3,49,filler,0.007000000216066837
Deliberate recall,0.3,50,filler,0.006800000090152025
Deliberate recall,0.3,51,filler,0.006399999838322401
Deliberate recall,0.3,52,filler,0.007600000128149986
Deliberate recall,0.3,53,filler,0.009999999776482582
Deliberate recall,0.3,54,filler,0.013199999928474426
Deliberate recall,0.3,55,filler,0.017000000923871994
Deliberate recall,0.3,56,filler,0.02419999986886978
Deliberate recall,0.3,57,filler,0.03139999881386757
Deliberate recall,0.3,58,filler,0.0406000018119812
Deliberate recall,0.3,59,filler,0.05460000038146973
Deliberate recall,0.3,60,filler,0.07940000295639038
Deliberate recall,0.3,61,filler,0.10239999741315842
Deliberate recall,0.3,62,filler,0.13439999520778656
Deliberate recall,0.3,63,filler,0.18479999899864197
Deliberate recall,0.3,64,filler,0.24120000004768372
Deliberate recall,0.45,1,film,0.5968000292778015
Deliberate recall,0.45,2,film,0.45680001378059387
Deliberate recall,0.45,3,film,0.4131999909877777
Deliberate recall,0.45,4,film,0.375
Deliberate recall,0.45,5,film,0.33239999413490295
Deliberate recall,0.45,6,film,0.29660001397132874
Deliberate recall,0.45,7,film,0.26100000739097595
Deliberate recall,0.45,8,film,0.2305999994277954
Deliberate recall,0.45,9,film,0.20080000162124634
Deliberate recall,0.45,10,film,0.18039999902248383
Deliberate recall,0.45,11,film,0.15399999916553497
Deliberate recall,0.45,12,film,0.14259999990463257
Deliberate recall,0.45,13,film,0.12460000067949295
Deliberate recall,0.45,14,film,0.10440000146627426
Deliberate recall,0.45,15,film,0.0989999994635582
Deliberate recall,0.45,16,film,0.08179999887943268
Deliberate recall,0.45,17,break,0.03319999948143959
Deliberate recall,0.45,18,break,0.02459999918937683
Deliberate recall,0.45,19,break,0.01720000058412552
Deliberate recall,0.45,20,break,0.008799999952316284
Deliberate recall,0.45,21,break,0.006800000090152025
Deliberate recall,0.45,22,break,0.00559999980032444
Deliberate recall,0.45,23,break,0.004000000189989805
Deliberate recall,0.45,24,break,0.0015999999595806003
Deliberate recall,0.45,25,break,0.0015999999595806003
Deliberate recall,0.45,26,break,0.0006000000284984708
Deliberate recall,0.45,27,break,0.0007999999797903001
Deliberate recall,0.45,28,break,0.0007999999797903001
Deliberate recall,0.45,29,break,0.0010000000474974513
Deliberate recall,0.45,30,break,0.0007999999797903001
Deliberate recall,0.45,31,break,0.00039999998989515007
Deliberate recall,0.45,32,break,0.00039999998989515007
Deliberate recall,0.45,33,task,0.45399999618530273
Deliberate recall,0.45,34,task,0.3815999925136566
Deliberate recall,0.45,35,task,0.3269999921321869
Deliberate recall,0.45,36,task,0.2630000114440918
Deliberate recall,0.45,37,task,0.21559999883174896
Deliberate recall,0.45,38,task,0.1834000051021576
Deliberate recall,0.45,39,task,0.14319999516010284
Deliberate recall,0.45,40,task,0.12200000137090683
Deliberate recall,0.45,41,task,0.10419999808073044
Deliberate recall,0.45,42,task,0.09160000085830688
Deliberate recall,0.45,43,task,0.07720000296831131
Deliberate recall,0.45,44,task,0.07180000096559525
Deliberate recall,0.45,45,task,0.06159999966621399
Deliberate recall,0.45,46,task,0.05959999933838844
Deliberate recall,0.45,47,task,0.06239999830722809
Deliberate recall,0.45,48,task,0.0551999993622303
Deliberate recall,0.45,49,filler,0.005799999926239252
Deliberate recall,0.45,50,filler,0.005200000014156103
Deliberate recall,0.45,51,filler,0.006200000178068876
Deliberate recall,0.45,52,filler,0.00800000037997961
Deliberate recall,0.45,53,filler,0.009600000455975533
Deliberate recall,0.45,54,filler,0.013000000268220901
Deliberate recall,0.45,55,filler,0.013399999588727951
Deliberate recall,0.45,56,filler,0.017999999225139618
Deliberate recall,0.45,57,filler,0.03020000085234642
Deliberate recall,0.45,58,filler,0.03240000084042549
Deliberate recall,0.45,59,filler,0.0421999990940094
Deliberate recall,0.45,60,filler,0.06019999831914902
Deliberate recall,0.45,61,filler,0.07999999821186066
Deliberate recall,0.45,62,filler,0.121799997985363
Deliberate recall,0.45,63,filler,0.15559999644756317
Deliberate recall,0.45,64,filler,0.19920000433921814
Deliberate recall,0.6,1,film,0.5633999705314636
Deliberate recall,0.6,2,film,0.45339998602867126
Deliberate recall,0.6,3,film,0.40720000863075256
Deliberate recall,0.6,4,film,0.37439998984336853
Deliberate recall,0.6,5,film,0.3440000116825104
Deliberate recall,0.6,6,film,0.28940001130104065
Deliberate recall,0.6,7,film,0.2709999978542328
Deliberate recall,0.6,8,film,0.24539999663829803
Deliberate recall,0.6,9,film,0.227400004863739
Deliberate recall,0.6,10,film,0.18979999423027039
Deliberate recall,0.6,11,film,0.1664000004529953
Deliberate recall,0.6,12,film,0.15039999783039093
Deliberate recall,0.6,13,film,0.1324000060558319
Deliberate recall,0.6,14,film,0.12300000339746475
Deliberate recall,0.6,15,film,0.10339999943971634
Deliberate recall,0.6,16,film,0.08139999955892563
Deliberate recall,0.6,17,break,0.03319999948143959
Deliberate recall,0.6,18,break,0.01940000057220459
Deliberate recall,0.6,19,break,0.01720000058412552
Deliberate recall,0.6,20,break,0.011800000444054604
Deliberate recall,0.6,21,break,0.006599999964237213
Deliberate recall,0.6,22,break,0.005200000014156103
Deliberate recall,0.6,23,break,0.004000000189989805
Deliberate recall,0.6,24,break,0.0026000000070780516
Deliberate recall,0.6,25,break,0.00139999995008111
Deliberate recall,0.6,26,break,0.00139999995008111
Deliberate recall,0.6,27,break,0.00019999999494757503
Deliberate recall,0.6,28,break,0.00039999998989515007
Deliberate recall,0.6,29,break,0.0006000000284984708
Deliberate recall,0.6,30,break,0.0
Deliberate recall,0.6,31,break,0.0
Deliberate recall,0.6,32,break,0.00019999999494757503
Deliberate recall,0.6,33,task,0.47440001368522644
Deliberate recall,0.6,34,task,0.4018000066280365
Deliberate recall,0.6,35,task,0.34139999747276306
Deliberate recall,0.6,36,task,0.27059999108314514
Deliberate recall,0.6,37,task,0.22920000553131104
Deliberate recall,0.6,38,task,0.19920000433921814
Deliberate recall,0.6,39,task,0.15559999644756317
Deliberate recall,0.6,40,task,0.12520000338554382
Deliberate recall,0.6,41,task,0.10499999672174454
Deliberate recall,0.6,42,task,0.08919999748468399
Deliberate recall,0.6,43,task,0.0737999975681305
Deliberate recall,0.6,44,task,0.06880000233650208
Deliberate recall,0.6,45,task,0.061400000005960464
Deliberate recall,0.6,46,task,0.052000001072883606
Deliberate recall,0.6,47,task,0.04699999839067459
Deliberate recall,0.6,48,task,0.052799999713897705
Deliberate recall,0.6,49,filler,0.003599999938160181
Deliberate recall,0.6,50,filler,0.003599999938160181
Deliberate recall,0.6,51,filler,0.005400000140070915
Deliberate recall,0.6,52,filler,0.007400000002235174
Deliberate recall,0.6,53,filler,0.00800000037997961
Deliberate recall,0.6,54,filler,0.010200000368058681
Deliberate recall,0.6,55,filler,0.013399999588727951
Deliberate recall,0.6,56,filler,0.021400000900030136
Deliberate recall,0.6,57,filler,0.020999999716877937
Deliberate recall,0.6,58,filler,0.03139999881386757
Deliberate recall,0.6,59,filler,0.044599998742341995
Deliberate recall,0.6,60,filler,0.0544000007212162
Deliberate recall,0.6,61,filler,0.07039999961853027
Deliberate recall,0.6,62,filler,0.09520000219345093
Deliberate recall,0.6,63,filler,0.12800000607967377
Deliberate recall,0.6,64,filler,0.1762000024318695
Deliberate recall,0.75,1,film,0.5217999815940857
Deliberate recall,0.75,2,film,0.4309999942779541
Deliberate recall,0.75,3,film,0.3885999917984009
Deliberate recall,0.75,4,film,0.36640000343322754
Deliberate recall,0.75,5,film,0.34940001368522644
Deliberate recall,0.75,6,film,0.301800012588501
Deliberate recall,0.75,7,film,0.2702000141143799
Deliberate recall,0.75,8,film,0.2720000147819519
Deliberate recall,0.75,9,film,0.24040000140666962
Deliberate recall,0.75,10,film,0.20659999549388885
Deliberate recall,0.75,11,film,0.1850000023841858
Deliberate recall,0.75,12,film,0.16660000383853912
Deliberate recall,0.75,13,film,0.14640000462532043
Deliberate recall,0.75,14,film,0.12960000336170197
Deliberate recall,0.75,15,film,0.12240000069141388
Deliberate recall,0.75,16,film,0.10159999877214432
Deliberate recall,0.75,17,break,0.038600001484155655
Deliberate recall,0.75,18,break,0.027400000020861626
Deliberate recall,0.75,19,break,0.01679999940097332
Deliberate recall,0.75,20,break,0.012600000016391277
Deliberate recall,0.75,21,break,0.007799999788403511
Deliberate recall,0.75,22,break,0.00559999980032444
Deliberate recall,0.75,23,break,0.004600000102072954
Deliberate recall,0.75,24,break,0.003000000026077032
Deliberate recall,0.75,25,break,0.00279999990016222
Deliberate recall,0.75,26,break,0.0010000000474974513
Deliberate recall,0.75,27,break,0.0012000000569969416
Deliberate recall,0.75,28,break,0.0007999999797903001
Deliberate recall,0.75,29,break,0.00019999999494757503
Deliberate recall,0.75,30,break,0.00019999999494757503
Deliberate recall,0.75,31,break,0.0
Deliberate recall,0.75,32,break,0.00019999999494757503
Deliberate recall,0.75,33,task,0.48739999532699585
Deliberate recall,0.75,34,task,0.41819998621940613
Deliberate recall,0.75,35,task,0.3537999987602234
Deliberate recall,0.75,36,task,0.2809999883174896
Deliberate recall,0.75,37,task,0.2393999993801117
Deliberate recall,0.75,38,task,0.19040000438690186
Deliberate recall,0.75,39,task,0.14319999516010284
Deliberate recall,0.75,40,task,0.11739999800920486
Deliberate recall,0.75,41,task,0.10279999673366547
Deliberate recall,0.75,42,task,0.07620000094175339
Deliberate recall,0.75,43,task,0.06279999762773514
Deliberate recall,0.75,44,task,0.05860000103712082
Deliberate recall,0.75,45,task,0.04740000143647194
Deliberate recall,0.75,46,task,0.04360000044107437
Deliberate recall,0.75,47,task,0.04100000113248825
Deliberate recall,0.75,48,task,0.0430000014603138
Deliberate recall,0.75,49,filler,0.005200000014156103
Deliberate recall,0.75,50,filler,0.004800000227987766
Deliberate recall,0.75,51,filler,0.004399999976158142
Deliberate recall,0.75,52,filler,0.00419999985024333
Deliberate recall,0.75,53,filler,0.006399999838322401
Deliberate recall,0.75,54,filler,0.008200000040233135
Deliberate recall,0.75,55,filler,0.009200000204145908
Deliberate recall,0.75,56,filler,0.012400000356137753
Deliberate recall,0.75,57,filler,0.02539999969303608
Deliberate recall,0.75,58,filler,0.02459999918937683
Deliberate recall,0.75,59,filler,0.033399999141693115
Deliberate recall,0.75,60,filler,0.05000000074505806
Deliberate recall,0.75,61,filler,0.06239999830722809
Deliberate recall,0.75,62,filler,0.08919999748468399
Deliberate recall,0.75,63,filler,0.11479999870061874
Deliberate recall,0.75,64,filler,0.15199999511241913
Deliberate recall,0.9,1,film,0.4925999939441681
Deliberate recall,0.9,2,film,0.41499999165534973
Deliberate recall,0.9,3,film,0.37779998779296875
Deliberate recall,0.9,4,film,0.3612000048160553
Deliberate recall,0.9,5,film,0.3328000009059906
Deliberate recall,0.9,6,film,0.30720001459121704
Deliberate recall,0.9,7,film,0.2825999855995178
Deliberate recall,0.9,8,film,0.26579999923706055
Deliberate recall,0.9,9,film,0.25380000472068787
Deliberate recall,0.9,10,film,0.2184000015258789
Deliberate recall,0.9,11,film,0.20659999549388885
Deliberate recall,0.9,12,film,0.17800000309944153
Deliberate recall,0.9,13,film,0.16200000047683716
Deliberate recall,0.9,14,film,0.15160000324249268
Deliberate recall,0.9,15,film,0.12520000338554382
Deliberate recall,0.9,16,film,0.11020000278949738
Deliberate recall,0.9,17,break,0.044199999421834946
Deliberate recall,0.9,18,break,0.026799999177455902
Deliberate recall,0.9,19,break,0.017000000923871994
Deliberate recall,0.9,20,break,0.013000000268220901
Deliberate recall,0.9,21,break,0.007600000128149986
Deliberate recall,0.9,22,break,0.007199999876320362
Deliberate recall,0.9,23,break,0.0034000000450760126
Deliberate recall,0.9,24,break,0.0015999999595806003
Deliberate recall,0.9,25,break,0.0012000000569969416
Deliberate recall,0.9,26,break,0.0015999999595806003
Deliberate recall,0.9,27,break,0.0015999999595806003
Deliberate recall,0.9,28,break,0.00039999998989515007
Deliberate recall,0.9,29,break,0.00019999999494757503
Deliberate recall,0.9,30,break,0.0006000000284984708
Deliberate recall,0.9,31,break,0.00039999998989515007
Deliberate recall,0.9,32,break,0.00019999999494757503
Deliberate recall,0.9,33,task,0.5090000033378601
Deliberate recall,0.9,34,task,0.4214000105857849
Deliberate recall,0.9,35,task,0.35659998655319214
Deliberate recall,0.9,36,task,0.295199990272522
Deliberate recall,0.9,37,task,0.2303999960422516
Deliberate recall,0.9,38,task,0.18799999356269836
Deliberate recall,0.9,39,task,0.1436000019311905
Deliberate recall,0.9,40,task,0.11940000206232071
Deliberate recall,0.9,41,task,0.09799999743700027
Deliberate recall,0.9,42,task,0.07819999754428864
Deliberate recall,0.9,43,task,0.06340000033378601
Deliberate recall,0.9,44,task,0.04839999973773956
Deliberate recall,0.9,45,task,0.04740000143647194
Deliberate recall,0.9,46,task,0.0414000004529953
Deliberate recall,0.9,47,task,0.03660000115633011
Deliberate recall,0.9,48,task,0.040800001472234726
Deliberate recall,0.9,49,filler,0.0031999999191612005
Deliberate recall,0.9,50,filler,0.0031999999191612005
Deliberate recall,0.9,51,filler,0.003599999938160181
Deliberate recall,0.9,52,filler,0.004399999976158142
Deliberate recall,0.9,53,filler,0.005200000014156103
Deliberate recall,0.9,54,filler,0.006599999964237213
Deliberate recall,0.9,55,filler,0.009999999776482582
Deliberate recall,0.9,56,filler,0.012600000016391277
Deliberate recall,0.9,57,filler,0.017999999225139618
Deliberate recall,0.9,58,filler,0.026599999517202377
Deliberate recall,0.9,59,filler,0.03359999880194664
Deliberate recall,0.9,60,filler,0.044599998742341995
Deliberate recall,0.9,61,filler,0.0575999990105629
Deliberate recall,0.9,62,filler,0.0737999975681305
Deliberate recall,0.9,63,filler,0.10499999672174454
Deliberate recall,0.9,64,filler,0.15000000596046448
Deliberate recall,1.0,1,film,0.4620000123977661
Deliberate recall,1.0,2,film,0.39959999918937683
Deliberate recall,1.0,3,film,0.3610000014305115
Deliberate recall,1.0,4,film,0.35040000081062317
Deliberate recall,1.0,5,film,0.3314000070095062
Deliberate recall,1.0,6,film,0.3089999854564667
Deliberate recall,1.0,7,film,0.2939999997615814
Deliberate recall,1.0,8,film,0.2808000147342682
Deliberate recall,1.0,9,film,0.2606000006198883
Deliberate recall,1.0,10,film,0.243599995970726
Deliberate recall,1.0,11,film,0.22220000624656677
Deliberate recall,1.0,12,film,0.19380000233650208
Deliberate recall,1.0,13,film,0.1770000010728836
Deliberate recall,1.0,14,film,0.15700000524520874
Deliberate recall,1.0,15,film,0.1356000006198883
Deliberate recall,1.0,16,film,0.121799997985363
Deliberate recall,1.0,17,break,0.046799998730421066
Deliberate recall,1.0,18,break,0.03060000017285347
Deliberate recall,1.0,19,break,0.023000000044703484
Deliberate recall,1.0,20,break,0.012600000016391277
Deliberate recall,1.0,21,break,0.00839999970048666
Deliberate recall,1.0,22,break,0.004999999888241291
Deliberate recall,1.0,23,break,0.006200000178068876
Deliberate recall,1.0,24,break,0.0020000000949949026
Deliberate recall,1.0,25,break,0.0015999999595806003
Deliberate recall,1.0,26,break,0.0010000000474974513
Deliberate recall,1.0,27,break,0.00039999998989515007
Deliberate recall,1.0,28,break,0.00039999998989515007
Deliberate recall,1.0,29,break,0.00019999999494757503
Deliberate recall,1.0,30,break,0.00039999998989515007
Deliberate recall,1.0,31,break,0.00039999998989515007
Deliberate recall,1.0,32,break,0.00019999999494757503
Deliberate recall,1.0,33,task,0.5342000126838684
Deliberate recall,1.0,34,task,0.44200000166893005
Deliberate recall,1.0,35,task,0.37040001153945923
Deliberate recall,1.0,36,task,0.28619998693466187
Deliberate recall,1.0,37,task,0.23759999871253967
Deliberate recall,1.0,38,task,0.18019999563694
Deliberate recall,1.0,39,task,0.15139999985694885
Deliberate recall,1.0,40,task,0.11219999939203262
Deliberate recall,1.0,41,task,0.08959999680519104
Deliberate recall,1.0,42,task,0.07020000368356705
Deliberate recall,1.0,43,task,0.058800000697374344
Deliberate recall,1.0,44,task,0.04699999839067459
Deliberate recall,1.0,45,task,0.039799999445676804
Deliberate recall,1.0,46,task,0.03680000081658363
Deliberate recall,1.0,47,task,0.03660000115633011
Deliberate recall,1.0,48,task,0.03200000151991844
Deliberate recall,1.0,49,filler,0.00419999985024333
Deliberate recall,1.0,50,filler,0.0026000000070780516
Deliberate recall,1.0,51,filler,0.004600000102072954
Deliberate recall,1.0,52,filler,0.004999999888241291
Deliberate recall,1.0,53,filler,0.00419999985024333
Deliberate recall,1.0,54,filler,0.008200000040233135
Deliberate recall,1.0,55,filler,0.00800000037997961
Deliberate recall,1.0,56,filler,0.01140000019222498
Deliberate recall,1.0,57,filler,0.013000000268220901
Deliberate recall,1.0,58,filler,0.019600000232458115
Deliberate recall,1.0,59,filler,0.03359999880194664
Deliberate recall,1.0,60,filler,0.04179999977350235
Deliberate recall,1.0,61,filler,0.04960000142455101
Deliberate recall,1.0,62,filler,0.07460000365972519
Deliberate recall,1.0,63,filler,0.10260000079870224
Deliberate recall,1.0,64,filler,0.1371999979019165
