reminder_condition,task_condition,task_mcf_scale,film_cue_reinstatement,first_cue_after,cue_interval,film_source_start_drift_rate,rejected_recall_drift_scale,retrieval_setting,start_drift_scale,position,phase,recall_probability
No reminder,Strong task encoding,2.0,0.9,0,4,0.0,1.0,Unguided recall,0.0,1,film,0.07020000368356705
No reminder,Strong task encoding,2.0,0.9,0,4,0.0,1.0,Unguided recall,0.0,2,film,0.08380000293254852
No reminder,Strong task encoding,2.0,0.9,0,4,0.0,1.0,Unguided recall,0.0,3,film,0.10700000077486038
No reminder,Strong task encoding,2.0,0.9,0,4,0.0,1.0,Unguided recall,0.0,4,film,0.12200000137090683
No reminder,Strong task encoding,2.0,0.9,0,4,0.0,1.0,Unguided recall,0.0,5,film,0.13500000536441803
No reminder,Strong task encoding,2.0,0.9,0,4,0.0,1.0,Unguided recall,0.0,6,film,0.1459999978542328
No reminder,Strong task encoding,2.0,0.9,0,4,0.0,1.0,Unguided recall,0.0,7,film,0.15880000591278076
No reminder,Strong task encoding,2.0,0.9,0,4,0.0,1.0,Unguided recall,0.0,8,film,0.17800000309944153
No reminder,Strong task encoding,2.0,0.9,0,4,0.0,1.0,Unguided recall,0.0,9,film,0.18240000307559967
No reminder,Strong task encoding,2.0,0.9,0,4,0.0,1.0,Unguided recall,0.0,10,film,0.19140000641345978
No reminder,Strong task encoding,2.0,0.9,0,4,0.0,1.0,Unguided recall,0.0,11,film,0.19460000097751617
No reminder,Strong task encoding,2.0,0.9,0,4,0.0,1.0,Unguided recall,0.0,12,film,0.1881999969482422
No reminder,Strong task encoding,2.0,0.9,0,4,0.0,1.0,Unguided recall,0.0,13,film,0.19339999556541443
No reminder,Strong task encoding,2.0,0.9,0,4,0.0,1.0,Unguided recall,0.0,14,film,0.19280000030994415
No reminder,Strong task encoding,2.0,0.9,0,4,0.0,1.0,Unguided recall,0.0,15,film,0.1817999929189682
No reminder,Strong task encoding,2.0,0.9,0,4,0.0,1.0,Unguided recall,0.0,16,film,0.17499999701976776
No reminder,Strong task encoding,2.0,0.9,0,4,0.0,1.0,Unguided recall,0.0,17,break,0.09960000216960907
No reminder,Strong task encoding,2.0,0.9,0,4,0.0,1.0,Unguided recall,0.0,18,break,0.07779999822378159
No reminder,Strong task encoding,2.0,0.9,0,4,0.0,1.0,Unguided recall,0.0,19,break,0.07000000029802322
No reminder,Strong task encoding,2.0,0.9,0,4,0.0,1.0,Unguided recall,0.0,20,break,0.053599998354911804
No reminder,Strong task encoding,2.0,0.9,0,4,0.0,1.0,Unguided recall,0.0,21,break,0.04320000112056732
No reminder,Strong task encoding,2.0,0.9,0,4,0.0,1.0,Unguided recall,0.0,22,break,0.033399999141693115
No reminder,Strong task encoding,2.0,0.9,0,4,0.0,1.0,Unguided recall,0.0,23,break,0.03060000017285347
No reminder,Strong task encoding,2.0,0.9,0,4,0.0,1.0,Unguided recall,0.0,24,break,0.02539999969303608
No reminder,Strong task encoding,2.0,0.9,0,4,0.0,1.0,Unguided recall,0.0,25,break,0.02160000056028366
No reminder,Strong task encoding,2.0,0.9,0,4,0.0,1.0,Unguided recall,0.0,26,break,0.01679999940097332
No reminder,Strong task encoding,2.0,0.9,0,4,0.0,1.0,Unguided recall,0.0,27,break,0.013399999588727951
No reminder,Strong task encoding,2.0,0.9,0,4,0.0,1.0,Unguided recall,0.0,28,break,0.010400000028312206
No reminder,Strong task encoding,2.0,0.9,0,4,0.0,1.0,Unguided recall,0.0,29,break,0.006200000178068876
No reminder,Strong task encoding,2.0,0.9,0,4,0.0,1.0,Unguided recall,0.0,30,break,0.007799999788403511
No reminder,Strong task encoding,2.0,0.9,0,4,0.0,1.0,Unguided recall,0.0,31,break,0.005200000014156103
No reminder,Strong task encoding,2.0,0.9,0,4,0.0,1.0,Unguided recall,0.0,32,break,0.004800000227987766
No reminder,Strong task encoding,2.0,0.9,0,4,0.0,1.0,Unguided recall,0.0,33,task,0.041999999433755875
No reminder,Strong task encoding,2.0,0.9,0,4,0.0,1.0,Unguided recall,0.0,34,task,0.05820000171661377
No reminder,Strong task encoding,2.0,0.9,0,4,0.0,1.0,Unguided recall,0.0,35,task,0.06379999965429306
No reminder,Strong task encoding,2.0,0.9,0,4,0.0,1.0,Unguided recall,0.0,36,task,0.06700000166893005
No reminder,Strong task encoding,2.0,0.9,0,4,0.0,1.0,Unguided recall,0.0,37,task,0.07880000025033951
No reminder,Strong task encoding,2.0,0.9,0,4,0.0,1.0,Unguided recall,0.0,38,task,0.0860000029206276
No reminder,Strong task encoding,2.0,0.9,0,4,0.0,1.0,Unguided recall,0.0,39,task,0.10040000081062317
No reminder,Strong task encoding,2.0,0.9,0,4,0.0,1.0,Unguided recall,0.0,40,task,0.11460000276565552
No reminder,Strong task encoding,2.0,0.9,0,4,0.0,1.0,Unguided recall,0.0,41,task,0.12020000070333481
No reminder,Strong task encoding,2.0,0.9,0,4,0.0,1.0,Unguided recall,0.0,42,task,0.14319999516010284
No reminder,Strong task encoding,2.0,0.9,0,4,0.0,1.0,Unguided recall,0.0,43,task,0.15479999780654907
No reminder,Strong task encoding,2.0,0.9,0,4,0.0,1.0,Unguided recall,0.0,44,task,0.17339999973773956
No reminder,Strong task encoding,2.0,0.9,0,4,0.0,1.0,Unguided recall,0.0,45,task,0.19339999556541443
No reminder,Strong task encoding,2.0,0.9,0,4,0.0,1.0,Unguided recall,0.0,46,task,0.20520000159740448
No reminder,Strong task encoding,2.0,0.9,0,4,0.0,1.0,Unguided recall,0.0,47,task,0.21780000627040863
No reminder,Strong task encoding,2.0,0.9,0,4,0.0,1.0,Unguided recall,0.0,48,task,0.2425999939441681
No reminder,Strong task encoding,2.0,0.9,0,4,0.0,1.0,Unguided recall,0.0,49,filler,0.04019999876618385
No reminder,Strong task encoding,2.0,0.9,0,4,0.0,1.0,Unguided recall,0.0,50,filler,0.03620000183582306
No reminder,Strong task encoding,2.0,0.9,0,4,0.0,1.0,Unguided recall,0.0,51,filler,0.04100000113248825
No reminder,Strong task encoding,2.0,0.9,0,4,0.0,1.0,Unguided recall,0.0,52,filler,0.042399998754262924
No reminder,Strong task encoding,2.0,0.9,0,4,0.0,1.0,Unguided recall,0.0,53,filler,0.04919999837875366
No reminder,Strong task encoding,2.0,0.9,0,4,0.0,1.0,Unguided recall,0.0,54,filler,0.06239999830722809
No reminder,Strong task encoding,2.0,0.9,0,4,0.0,1.0,Unguided recall,0.0,55,filler,0.07800000160932541
No reminder,Strong task encoding,2.0,0.9,0,4,0.0,1.0,Unguided recall,0.0,56,filler,0.09399999678134918
No reminder,Strong task encoding,2.0,0.9,0,4,0.0,1.0,Unguided recall,0.0,57,filler,0.11500000208616257
No reminder,Strong task encoding,2.0,0.9,0,4,0.0,1.0,Unguided recall,0.0,58,filler,0.14239999651908875
No reminder,Strong task encoding,2.0,0.9,0,4,0.0,1.0,Unguided recall,0.0,59,filler,0.1842000037431717
No reminder,Strong task encoding,2.0,0.9,0,4,0.0,1.0,Unguided recall,0.0,60,filler,0.23119999468326569
No reminder,Strong task encoding,2.0,0.9,0,4,0.0,1.0,Unguided recall,0.0,61,filler,0.28299999237060547
No reminder,Strong task encoding,2.0,0.9,0,4,0.0,1.0,Unguided recall,0.0,62,filler,0.34459999203681946
No reminder,Strong task encoding,2.0,0.9,0,4,0.0,1.0,Unguided recall,0.0,63,filler,0.39820000529289246
No reminder,Strong task encoding,2.0,0.9,0,4,0.0,1.0,Unguided recall,0.0,64,filler,0.45980000495910645
No reminder,Strong task encoding,2.0,0.9,0,4,0.0,1.0,Start-of-film context reinstatement,1.5,1,film,0.38179999589920044
No reminder,Strong task encoding,2.0,0.9,0,4,0.0,1.0,Start-of-film context reinstatement,1.5,2,film,0.36160001158714294
No reminder,Strong task encoding,2.0,0.9,0,4,0.0,1.0,Start-of-film context reinstatement,1.5,3,film,0.38359999656677246
No reminder,Strong task encoding,2.0,0.9,0,4,0.0,1.0,Start-of-film context reinstatement,1.5,4,film,0.4018000066280365
No reminder,Strong task encoding,2.0,0.9,0,4,0.0,1.0,Start-of-film context reinstatement,1.5,5,film,0.43380001187324524
No reminder,Strong task encoding,2.0,0.9,0,4,0.0,1.0,Start-of-film context reinstatement,1.5,6,film,0.426800012588501
No reminder,Strong task encoding,2.0,0.9,0,4,0.0,1.0,Start-of-film context reinstatement,1.5,7,film,0.44920000433921814
No reminder,Strong task encoding,2.0,0.9,0,4,0.0,1.0,Start-of-film context reinstatement,1.5,8,film,0.4368000030517578
No reminder,Strong task encoding,2.0,0.9,0,4,0.0,1.0,Start-of-film context reinstatement,1.5,9,film,0.44859999418258667
No reminder,Strong task encoding,2.0,0.9,0,4,0.0,1.0,Start-of-film context reinstatement,1.5,10,film,0.44839999079704285
No reminder,Strong task encoding,2.0,0.9,0,4,0.0,1.0,Start-of-film context reinstatement,1.5,11,film,0.4438000023365021
No reminder,Strong task encoding,2.0,0.9,0,4,0.0,1.0,Start-of-film context reinstatement,1.5,12,film,0.4359999895095825
No reminder,Strong task encoding,2.0,0.9,0,4,0.0,1.0,Start-of-film context reinstatement,1.5,13,film,0.42500001192092896
No reminder,Strong task encoding,2.0,0.9,0,4,0.0,1.0,Start-of-film context reinstatement,1.5,14,film,0.39239999651908875
No reminder,Strong task encoding,2.0,0.9,0,4,0.0,1.0,Start-of-film context reinstatement,1.5,15,film,0.36800000071525574
No reminder,Strong task encoding,2.0,0.9,0,4,0.0,1.0,Start-of-film context reinstatement,1.5,16,film,0.3416000008583069
No reminder,Strong task encoding,2.0,0.9,0,4,0.0,1.0,Start-of-film context reinstatement,1.5,17,break,0.1842000037431717
No reminder,Strong task encoding,2.0,0.9,0,4,0.0,1.0,Start-of-film context reinstatement,1.5,18,break,0.15080000460147858
No reminder,Strong task encoding,2.0,0.9,0,4,0.0,1.0,Start-of-film context reinstatement,1.5,19,break,0.1096000000834465
No reminder,Strong task encoding,2.0,0.9,0,4,0.0,1.0,Start-of-film context reinstatement,1.5,20,break,0.08640000224113464
No reminder,Strong task encoding,2.0,0.9,0,4,0.0,1.0,Start-of-film context reinstatement,1.5,21,break,0.07199999690055847
No reminder,Strong task encoding,2.0,0.9,0,4,0.0,1.0,Start-of-film context reinstatement,1.5,22,break,0.05860000103712082
No reminder,Strong task encoding,2.0,0.9,0,4,0.0,1.0,Start-of-film context reinstatement,1.5,23,break,0.04500000178813934
No reminder,Strong task encoding,2.0,0.9,0,4,0.0,1.0,Start-of-film context reinstatement,1.5,24,break,0.03579999879002571
No reminder,Strong task encoding,2.0,0.9,0,4,0.0,1.0,Start-of-film context reinstatement,1.5,25,break,0.02759999968111515
No reminder,Strong task encoding,2.0,0.9,0,4,0.0,1.0,Start-of-film context reinstatement,1.5,26,break,0.02019999921321869
No reminder,Strong task encoding,2.0,0.9,0,4,0.0,1.0,Start-of-film context reinstatement,1.5,27,break,0.014399999752640724
No reminder,Strong task encoding,2.0,0.9,0,4,0.0,1.0,Start-of-film context reinstatement,1.5,28,break,0.012799999676644802
No reminder,Strong task encoding,2.0,0.9,0,4,0.0,1.0,Start-of-film context reinstatement,1.5,29,break,0.007000000216066837
No reminder,Strong task encoding,2.0,0.9,0,4,0.0,1.0,Start-of-film context reinstatement,1.5,30,break,0.006399999838322401
No reminder,Strong task encoding,2.0,0.9,0,4,0.0,1.0,Start-of-film context reinstatement,1.5,31,break,0.004399999976158142
No reminder,Strong task encoding,2.0,0.9,0,4,0.0,1.0,Start-of-film context reinstatement,1.5,32,break,0.0031999999191612005
No reminder,Strong task encoding,2.0,0.9,0,4,0.0,1.0,Start-of-film context reinstatement,1.5,33,task,0.030400000512599945
No reminder,Strong task encoding,2.0,0.9,0,4,0.0,1.0,Start-of-film context reinstatement,1.5,34,task,0.026200000196695328
No reminder,Strong task encoding,2.0,0.9,0,4,0.0,1.0,Start-of-film context reinstatement,1.5,35,task,0.02459999918937683
No reminder,Strong task encoding,2.0,0.9,0,4,0.0,1.0,Start-of-film context reinstatement,1.5,36,task,0.025800000876188278
No reminder,Strong task encoding,2.0,0.9,0,4,0.0,1.0,Start-of-film context reinstatement,1.5,37,task,0.019600000232458115
No reminder,Strong task encoding,2.0,0.9,0,4,0.0,1.0,Start-of-film context reinstatement,1.5,38,task,0.018799999728798866
No reminder,Strong task encoding,2.0,0.9,0,4,0.0,1.0,Start-of-film context reinstatement,1.5,39,task,0.017999999225139618
No reminder,Strong task encoding,2.0,0.9,0,4,0.0,1.0,Start-of-film context reinstatement,1.5,40,task,0.014999999664723873
No reminder,Strong task encoding,2.0,0.9,0,4,0.0,1.0,Start-of-film context reinstatement,1.5,41,task,0.01360000018030405
No reminder,Strong task encoding,2.0,0.9,0,4,0.0,1.0,Start-of-film context reinstatement,1.5,42,task,0.012000000104308128
No reminder,Strong task encoding,2.0,0.9,0,4,0.0,1.0,Start-of-film context reinstatement,1.5,43,task,0.01080000028014183
No reminder,Strong task encoding,2.0,0.9,0,4,0.0,1.0,Start-of-film context reinstatement,1.5,44,task,0.010400000028312206
No reminder,Strong task encoding,2.0,0.9,0,4,0.0,1.0,Start-of-film context reinstatement,1.5,45,task,0.007199999876320362
No reminder,Strong task encoding,2.0,0.9,0,4,0.0,1.0,Start-of-film context reinstatement,1.5,46,task,0.007000000216066837
No reminder,Strong task encoding,2.0,0.9,0,4,0.0,1.0,Start-of-film context reinstatement,1.5,47,task,0.004999999888241291
No reminder,Strong task encoding,2.0,0.9,0,4,0.0,1.0,Start-of-film context reinstatement,1.5,48,task,0.005400000140070915
No reminder,Strong task encoding,2.0,0.9,0,4,0.0,1.0,Start-of-film context reinstatement,1.5,49,filler,0.00039999998989515007
No reminder,Strong task encoding,2.0,0.9,0,4,0.0,1.0,Start-of-film context reinstatement,1.5,50,filler,0.0
No reminder,Strong task encoding,2.0,0.9,0,4,0.0,1.0,Start-of-film context reinstatement,1.5,51,filler,0.0
No reminder,Strong task encoding,2.0,0.9,0,4,0.0,1.0,Start-of-film context reinstatement,1.5,52,filler,0.00019999999494757503
No reminder,Strong task encoding,2.0,0.9,0,4,0.0,1.0,Start-of-film context reinstatement,1.5,53,filler,0.0
No reminder,Strong task encoding,2.0,0.9,0,4,0.0,1.0,Start-of-film context reinstatement,1.5,54,filler,0.00019999999494757503
No reminder,Strong task encoding,2.0,0.9,0,4,0.0,1.0,Start-of-film context reinstatement,1.5,55,filler,0.00019999999494757503
No reminder,Strong task encoding,2.0,0.9,0,4,0.0,1.0,Start-of-film context reinstatement,1.5,56,filler,0.0
No reminder,Strong task encoding,2.0,0.9,0,4,0.0,1.0,Start-of-film context reinstatement,1.5,57,filler,0.0
No reminder,Strong task encoding,2.0,0.9,0,4,0.0,1.0,Start-of-film context reinstatement,1.5,58,filler,0.0
No reminder,Strong task encoding,2.0,0.9,0,4,0.0,1.0,Start-of-film context reinstatement,1.5,59,filler,0.00019999999494757503
No reminder,Strong task encoding,2.0,0.9,0,4,0.0,1.0,Start-of-film context reinstatement,1.5,60,filler,0.0
No reminder,Strong task encoding,2.0,0.9,0,4,0.0,1.0,Start-of-film context reinstatement,1.5,61,filler,0.00019999999494757503
No reminder,Strong task encoding,2.0,0.9,0,4,0.0,1.0,Start-of-film context reinstatement,1.5,62,filler,0.0
No reminder,Strong task encoding,2.0,0.9,0,4,0.0,1.0,Start-of-film context reinstatement,1.5,63,filler,0.00019999999494757503
No reminder,Strong task encoding,2.0,0.9,0,4,0.0,1.0,Start-of-film context reinstatement,1.5,64,filler,0.0
