retrieval_setting,start_drift_scale,film_item_support_boost,rejected_recall_drift_scale,reminder_condition,task_condition,task_mcf_scale,film_source_start_drift_rate,film_cue_reinstatement,cue_interval,first_cue_after,experiment_count,phase,recall_probability_mass
Unguided recall,0.0,0.0,1.0,No reminder,Weak task encoding,1.0,0.0,0.9,4,0,5000,break,0.7487999936565757
Unguided recall,0.0,0.0,1.0,No reminder,Weak task encoding,1.0,0.0,0.9,4,0,5000,filler,3.501000039279461
Unguided recall,0.0,0.0,1.0,No reminder,Weak task encoding,1.0,0.0,0.9,4,0,5000,film,3.25560000538826
Unguided recall,0.0,0.0,1.0,No reminder,Weak task encoding,1.0,0.0,0.9,4,0,5000,task,0.1630000015720725
Unguided recall,0.0,0.0,1.0,No reminder,Strong task encoding,2.0,0.0,0.9,4,0,5000,break,0.5235999980941415
Unguided recall,0.0,0.0,1.0,No reminder,Strong task encoding,2.0,0.0,0.9,4,0,5000,filler,2.542000003159046
Unguided recall,0.0,0.0,1.0,No reminder,Strong task encoding,2.0,0.0,0.9,4,0,5000,film,2.4440000131726265
Unguided recall,0.0,0.0,1.0,No reminder,Strong task encoding,2.0,0.0,0.9,4,0,5000,task,2.1078000217676163
Unguided recall,0.0,0.0,1.0,With reminder,Weak task encoding,1.0,0.0,0.9,4,0,5000,break,0.6132000056095421
Unguided recall,0.0,0.0,1.0,With reminder,Weak task encoding,1.0,0.0,0.9,4,0,5000,filler,3.313399985432625
Unguided recall,0.0,0.0,1.0,With reminder,Weak task encoding,1.0,0.0,0.9,4,0,5000,film,2.789599984884262
Unguided recall,0.0,0.0,1.0,With reminder,Weak task encoding,1.0,0.0,0.9,4,0,5000,task,0.9575999919325112
Unguided recall,0.0,0.0,1.0,With reminder,Strong task encoding,2.0,0.0,0.9,4,0,5000,break,0.0997999998944578
Unguided recall,0.0,0.0,1.0,With reminder,Strong task encoding,2.0,0.0,0.9,4,0,5000,filler,1.4491999875754118
Unguided recall,0.0,0.0,1.0,With reminder,Strong task encoding,2.0,0.0,0.9,4,0,5000,film,0.7925999965518713
Unguided recall,0.0,0.0,1.0,With reminder,Strong task encoding,2.0,0.0,0.9,4,0,5000,task,5.258600026369095
Start-of-film reinstatement,1.0,0.0,0.25,No reminder,Weak task encoding,1.0,0.0,0.9,4,0,5000,break,0.6622000150382519
Start-of-film reinstatement,1.0,0.0,0.25,No reminder,Weak task encoding,1.0,0.0,0.9,4,0,5000,filler,0.1168000024044886
Start-of-film reinstatement,1.0,0.0,0.25,No reminder,Weak task encoding,1.0,0.0,0.9,4,0,5000,film,6.859999984502792
Start-of-film reinstatement,1.0,0.0,0.25,No reminder,Weak task encoding,1.0,0.0,0.9,4,0,5000,task,0.0040000000590225
Start-of-film reinstatement,1.0,0.0,0.25,No reminder,Strong task encoding,2.0,0.0,0.9,4,0,5000,break,0.6642000074498355
Start-of-film reinstatement,1.0,0.0,0.25,No reminder,Strong task encoding,2.0,0.0,0.9,4,0,5000,filler,0.1304000029194867
Start-of-film reinstatement,1.0,0.0,0.25,No reminder,Strong task encoding,2.0,0.0,0.9,4,0,5000,film,6.7811999917030334
Start-of-film reinstatement,1.0,0.0,0.25,No reminder,Strong task encoding,2.0,0.0,0.9,4,0,5000,task,0.0405999997456092
Start-of-film reinstatement,1.0,0.0,0.25,With reminder,Weak task encoding,1.0,0.0,0.9,4,0,5000,break,0.5563999908335973
Start-of-film reinstatement,1.0,0.0,0.25,With reminder,Weak task encoding,1.0,0.0,0.9,4,0,5000,filler,0.1384000006364658
Start-of-film reinstatement,1.0,0.0,0.25,With reminder,Weak task encoding,1.0,0.0,0.9,4,0,5000,film,6.2506000101566315
Start-of-film reinstatement,1.0,0.0,0.25,With reminder,Weak task encoding,1.0,0.0,0.9,4,0,5000,task,0.7573999902233481
Start-of-film reinstatement,1.0,0.0,0.25,With reminder,Strong task encoding,2.0,0.0,0.9,4,0,5000,break,0.2098000026162481
Start-of-film reinstatement,1.0,0.0,0.25,With reminder,Strong task encoding,2.0,0.0,0.9,4,0,5000,filler,0.1122000002069398
Start-of-film reinstatement,1.0,0.0,0.25,With reminder,Strong task encoding,2.0,0.0,0.9,4,0,5000,film,3.670199990272522
Start-of-film reinstatement,1.0,0.0,0.25,With reminder,Strong task encoding,2.0,0.0,0.9,4,0,5000,task,3.632400026544929
Start-of-film reinstatement + film-item boost,1.0,0.75,0.25,No reminder,Weak task encoding,1.0,0.0,0.9,4,0,5000,break,0.0758000003988854
Start-of-film reinstatement + film-item boost,1.0,0.75,0.25,No reminder,Weak task encoding,1.0,0.0,0.9,4,0,5000,filler,0.0062000001780688
Start-of-film reinstatement + film-item boost,1.0,0.75,0.25,No reminder,Weak task encoding,1.0,0.0,0.9,4,0,5000,film,7.5383999943733215
Start-of-film reinstatement + film-item boost,1.0,0.75,0.25,No reminder,Weak task encoding,1.0,0.0,0.9,4,0,5000,task,0.0005999999848427
Start-of-film reinstatement + film-item boost,1.0,0.75,0.25,No reminder,Strong task encoding,2.0,0.0,0.9,4,0,5000,break,0.0753999995358754
Start-of-film reinstatement + film-item boost,1.0,0.75,0.25,No reminder,Strong task encoding,2.0,0.0,0.9,4,0,5000,filler,0.0078000000212341
Start-of-film reinstatement + film-item boost,1.0,0.75,0.25,No reminder,Strong task encoding,2.0,0.0,0.9,4,0,5000,film,7.578199982643127
Start-of-film reinstatement + film-item boost,1.0,0.75,0.25,No reminder,Strong task encoding,2.0,0.0,0.9,4,0,5000,task,0.0029999999969732
Start-of-film reinstatement + film-item boost,1.0,0.75,0.25,With reminder,Weak task encoding,1.0,0.0,0.9,4,0,5000,break,0.0720000001019798
Start-of-film reinstatement + film-item boost,1.0,0.75,0.25,With reminder,Weak task encoding,1.0,0.0,0.9,4,0,5000,filler,0.009000000252854
Start-of-film reinstatement + film-item boost,1.0,0.75,0.25,With reminder,Weak task encoding,1.0,0.0,0.9,4,0,5000,film,7.500599980354309
Start-of-film reinstatement + film-item boost,1.0,0.75,0.25,With reminder,Weak task encoding,1.0,0.0,0.9,4,0,5000,task,0.0985999995609745
Start-of-film reinstatement + film-item boost,1.0,0.75,0.25,With reminder,Strong task encoding,2.0,0.0,0.9,4,0,5000,break,0.0577999995293794
Start-of-film reinstatement + film-item boost,1.0,0.75,0.25,With reminder,Strong task encoding,2.0,0.0,0.9,4,0,5000,filler,0.009200000000419
Start-of-film reinstatement + film-item boost,1.0,0.75,0.25,With reminder,Strong task encoding,2.0,0.0,0.9,4,0,5000,film,6.703399986028671
Start-of-film reinstatement + film-item boost,1.0,0.75,0.25,With reminder,Strong task encoding,2.0,0.0,0.9,4,0,5000,task,0.8906000093556941
Start-of-film reinstatement + film-item boost,1.0,1.0,0.25,No reminder,Weak task encoding,1.0,0.0,0.9,4,0,5000,break,0.0454000002209795
Start-of-film reinstatement + film-item boost,1.0,1.0,0.25,No reminder,Weak task encoding,1.0,0.0,0.9,4,0,5000,filler,0.0038000000640749
Start-of-film reinstatement + film-item boost,1.0,1.0,0.25,No reminder,Weak task encoding,1.0,0.0,0.9,4,0,5000,film,7.613199979066849
Start-of-film reinstatement + film-item boost,1.0,1.0,0.25,No reminder,Weak task encoding,1.0,0.0,0.9,4,0,5000,task,0.0001999999949475
Start-of-film reinstatement + film-item boost,1.0,1.0,0.25,No reminder,Strong task encoding,2.0,0.0,0.9,4,0,5000,break,0.0444000008865259
Start-of-film reinstatement + film-item boost,1.0,1.0,0.25,No reminder,Strong task encoding,2.0,0.0,0.9,4,0,5000,filler,0.0028000000456813
Start-of-film reinstatement + film-item boost,1.0,1.0,0.25,No reminder,Strong task encoding,2.0,0.0,0.9,4,0,5000,film,7.638000100851059
Start-of-film reinstatement + film-item boost,1.0,1.0,0.25,No reminder,Strong task encoding,2.0,0.0,0.9,4,0,5000,task,0.001399999964633
Start-of-film reinstatement + film-item boost,1.0,1.0,0.25,With reminder,Weak task encoding,1.0,0.0,0.9,4,0,5000,break,0.0472000003501307
Start-of-film reinstatement + film-item boost,1.0,1.0,0.25,With reminder,Weak task encoding,1.0,0.0,0.9,4,0,5000,filler,0.0050000000046566
Start-of-film reinstatement + film-item boost,1.0,1.0,0.25,With reminder,Weak task encoding,1.0,0.0,0.9,4,0,5000,film,7.572800010442734
Start-of-film reinstatement + film-item boost,1.0,1.0,0.25,With reminder,Weak task encoding,1.0,0.0,0.9,4,0,5000,task,0.0598000003374181
Start-of-film reinstatement + film-item boost,1.0,1.0,0.25,With reminder,Strong task encoding,2.0,0.0,0.9,4,0,5000,break,0.040600000458653
Start-of-film reinstatement + film-item boost,1.0,1.0,0.25,With reminder,Strong task encoding,2.0,0.0,0.9,4,0,5000,filler,0.0059999998920829
Start-of-film reinstatement + film-item boost,1.0,1.0,0.25,With reminder,Strong task encoding,2.0,0.0,0.9,4,0,5000,film,7.026199996471405
Start-of-film reinstatement + film-item boost,1.0,1.0,0.25,With reminder,Strong task encoding,2.0,0.0,0.9,4,0,5000,task,0.571600005030632
