panel,reminder_condition,task_condition,task_mcf_scale,film_retrieval_goal_weight,film_position,mean_similarity_to_task_contexts,max_similarity_to_task_context
temporal_context_only,With reminder,Strong task encoding,2.0,1.0,1,0.11702314019203186,0.2326589822769165
temporal_context_only,With reminder,Strong task encoding,2.0,1.0,2,0.13210421800613403,0.2626423239707947
temporal_context_only,With reminder,Strong task encoding,2.0,1.0,3,0.14809617400169373,0.29443666338920593
temporal_context_only,With reminder,Strong task encoding,2.0,1.0,4,0.1651008278131485,0.3282443583011627
temporal_context_only,With reminder,Strong task encoding,2.0,1.0,5,0.18320854008197784,0.36424511671066284
temporal_context_only,With reminder,Strong task encoding,2.0,1.0,6,0.20249328017234802,0.4025860130786896
temporal_context_only,With reminder,Strong task encoding,2.0,1.0,7,0.22300703823566437,0.4433702826499939
temporal_context_only,With reminder,Strong task encoding,2.0,1.0,8,0.244772806763649,0.48664379119873047
temporal_context_only,With reminder,Strong task encoding,2.0,1.0,9,0.26777493953704834,0.5323753952980042
temporal_context_only,With reminder,Strong task encoding,2.0,1.0,10,0.2919459044933319,0.5804307460784912
temporal_context_only,With reminder,Strong task encoding,2.0,1.0,11,0.317146897315979,0.6305339932441711
temporal_context_only,With reminder,Strong task encoding,2.0,1.0,12,0.3431399464607239,0.6822119355201721
temporal_context_only,With reminder,Strong task encoding,2.0,1.0,13,0.3695460855960846,0.7347111701965332
temporal_context_only,With reminder,Strong task encoding,2.0,1.0,14,0.3957817852497101,0.7868715524673462
temporal_context_only,With reminder,Strong task encoding,2.0,1.0,15,0.42096179723739624,0.8369330763816833
temporal_context_only,With reminder,Strong task encoding,2.0,1.0,16,0.44374945759773254,0.8822382688522339
temporal_plus_film_retrieval_goal,With reminder,Strong task encoding,2.0,1.0,1,0.08274785998082529,0.16451474408938882
temporal_plus_film_retrieval_goal,With reminder,Strong task encoding,2.0,1.0,2,0.0934117874134284,0.18571617675038343
temporal_plus_film_retrieval_goal,With reminder,Strong task encoding,2.0,1.0,3,0.10471981347257212,0.20819817312718644
temporal_plus_film_retrieval_goal,With reminder,Strong task encoding,2.0,1.0,4,0.11674391587191105,0.2321038289122865
temporal_plus_film_retrieval_goal,With reminder,Strong task encoding,2.0,1.0,5,0.12954800108107922,0.25756020070290236
temporal_plus_film_retrieval_goal,With reminder,Strong task encoding,2.0,1.0,6,0.14318437003927,0.28467127791515356
temporal_plus_film_retrieval_goal,With reminder,Strong task encoding,2.0,1.0,7,0.15768978972721728,0.3135101548990089
temporal_plus_film_retrieval_goal,With reminder,Strong task encoding,2.0,1.0,8,0.1730805079331137,0.344109134085339
temporal_plus_film_retrieval_goal,With reminder,Strong task encoding,2.0,1.0,9,0.18934547772623378,0.37644625569930495
temporal_plus_film_retrieval_goal,With reminder,Strong task encoding,2.0,1.0,10,0.20643691889772828,0.410426513031014
temporal_plus_film_retrieval_goal,With reminder,Strong task encoding,2.0,1.0,11,0.22425671076630893,0.44585484363233
temporal_plus_film_retrieval_goal,With reminder,Strong task encoding,2.0,1.0,12,0.24263658300853577,0.48239669845188043
temporal_plus_film_retrieval_goal,With reminder,Strong task encoding,2.0,1.0,13,0.26130854367161865,0.5195192672062552
temporal_plus_film_retrieval_goal,With reminder,Strong task encoding,2.0,1.0,14,0.2798599919815711,0.5564022418724047
temporal_plus_film_retrieval_goal,With reminder,Strong task encoding,2.0,1.0,15,0.29766493481122447,0.5918010469567534
temporal_plus_film_retrieval_goal,With reminder,Strong task encoding,2.0,1.0,16,0.31377824914888514,0.6238366494652167
