start_context_condition,start_context_scale,kappa,film_return_probability,transition_count,film_return_count
No start-of-list reinstatement,0.0,1.0,0.00024097837219109585,33198,8
No start-of-list reinstatement,0.0,0.75,0.00027121504339440693,33184,9
No start-of-list reinstatement,0.0,0.5,6.030635628995296e-05,33164,2
No start-of-list reinstatement,0.0,0.25,6.0481432200314504e-05,33068,2
No start-of-list reinstatement,0.0,0.0,6.033728542552871e-05,33147,2
With start-of-list reinstatement,1.0,1.0,0.0588148512417015,20335,1196
With start-of-list reinstatement,1.0,0.75,0.11148165793234874,18891,2106
With start-of-list reinstatement,1.0,0.5,0.22523416661497425,16121,3631
With start-of-list reinstatement,1.0,0.25,0.4297034363721952,12746,5477
With start-of-list reinstatement,1.0,0.0,0.643434245108537,10273,6610
