retrieval_condition,target_recall_drift_scale,phase,recall_probability_mass
Unguided retrieval,0.0,break,0.0033999999868683517
Unguided retrieval,0.0,filler,5.9961999617516994
Unguided retrieval,0.0,film,0.011599999968893826
Unguided retrieval,0.0,task,1.6608000118285418
Unguided retrieval,0.15,break,0.0033999999141087756
Unguided retrieval,0.15,filler,5.932600047439337
Unguided retrieval,0.15,film,0.015799999790033326
Unguided retrieval,0.15,task,1.7026000190526247
Unguided retrieval,0.3,break,0.0027999999292660505
Unguided retrieval,0.3,filler,5.941600043326616
Unguided retrieval,0.3,film,0.013400000301771797
Unguided retrieval,0.3,task,1.7196000004187226
Unguided retrieval,0.45,break,0.005999999935738742
Unguided retrieval,0.45,filler,5.962400019168854
Unguided retrieval,0.45,film,0.011799999861977994
Unguided retrieval,0.45,task,1.6522000087425113
Unguided retrieval,0.6,break,0.004399999961606227
Unguided retrieval,0.6,filler,5.926400031894445
Unguided retrieval,0.6,film,0.01699999971606303
Unguided retrieval,0.6,task,1.6811999846249819
Unguided retrieval,0.75,break,0.004799999936949462
Unguided retrieval,0.75,filler,6.0145999528467655
Unguided retrieval,0.75,film,0.011600000056205317
Unguided retrieval,0.75,task,1.6831999756395817
Unguided retrieval,0.9,break,0.004600000000209548
Unguided retrieval,0.9,filler,5.898400012403727
Unguided retrieval,0.9,film,0.023400000121910125
Unguided retrieval,0.9,task,1.6990000065416098
Unguided retrieval,1.0,break,0.0041999998793471605
Unguided retrieval,1.0,filler,5.91040001437068
Unguided retrieval,1.0,film,0.02400000001944136
Unguided retrieval,1.0,task,1.682000015862286
Deliberate recall,0.0,break,0.029199999815318733
Deliberate recall,0.0,filler,2.513799998909235
Deliberate recall,0.0,film,2.793599972501397
Deliberate recall,0.0,task,2.3346000015735626
Deliberate recall,0.15,break,0.04199999995762482
Deliberate recall,0.15,filler,1.7607999928295612
Deliberate recall,0.15,film,3.413799975067377
Deliberate recall,0.15,task,2.411799982190132
Deliberate recall,0.3,break,0.06000000079802703
Deliberate recall,0.3,filler,1.2674000086262822
Deliberate recall,0.3,film,3.7832000479102135
Deliberate recall,0.3,task,2.5135999992489815
Deliberate recall,0.45,break,0.07080000037967693
Deliberate recall,0.45,filler,0.9667999939993024
Deliberate recall,0.45,film,3.999399993568659
Deliberate recall,0.45,task,2.583000026643276
Deliberate recall,0.6,break,0.0742000009631738
Deliberate recall,0.6,filler,0.8082000035792589
Deliberate recall,0.6,film,4.110199943184853
Deliberate recall,0.6,task,2.6072000190615654
Deliberate recall,0.75,break,0.08979999911389314
Deliberate recall,0.75,filler,0.6728000005241483
Deliberate recall,0.75,film,4.25540005415678
Deliberate recall,0.75,task,2.6001999750733376
Deliberate recall,0.9,break,0.09539999968546908
Deliberate recall,0.9,filler,0.5776000020559877
Deliberate recall,0.9,film,4.285199984908104
Deliberate recall,0.9,task,2.659200005233288
Deliberate recall,1.0,break,0.12100000078498852
Deliberate recall,1.0,filler,0.5408000047318637
Deliberate recall,1.0,film,4.358599983155727
Deliberate recall,1.0,task,2.623599987477064
