start_context_scale,position,phase,first_recall_probability
0.0,1,film,0.0
0.0,2,film,0.0
0.0,3,film,0.0
0.0,4,film,0.0
0.0,5,film,0.0
0.0,6,film,0.0
0.0,7,film,0.0
0.0,8,film,0.0
0.0,9,film,0.0
0.0,10,film,0.0
0.0,11,film,0.0
0.0,12,film,0.0
0.0,13,film,0.0
0.0,14,film,0.0
0.0,15,film,0.0
0.0,16,film,0.0
0.0,17,break,0.0
0.0,18,break,0.0
0.0,19,break,0.0
0.0,20,break,0.0
0.0,21,break,0.0
0.0,22,break,0.0
0.0,23,break,0.0
0.0,24,break,0.0
0.0,25,break,0.0
0.0,26,break,0.0
0.0,27,break,0.0
0.0,28,break,0.0
0.0,29,break,0.0
0.0,30,break,0.0
0.0,31,break,0.0
0.0,32,break,0.0
0.0,33,task,0.0
0.0,34,task,0.0
0.0,35,task,0.0
0.0,36,task,0.0
0.0,37,task,0.00019999999494757503
0.0,38,task,0.00039999998989515007
0.0,39,task,0.00019999999494757503
0.0,40,task,0.00019999999494757503
0.0,41,task,0.0007999999797903001
0.0,42,task,0.0012000000569969416
0.0,43,task,0.0015999999595806003
0.0,44,task,0.0015999999595806003
0.0,45,task,0.0026000000070780516
0.0,46,task,0.003599999938160181
0.0,47,task,0.004999999888241291
0.0,48,task,0.006800000090152025
0.0,49,filler,0.00039999998989515007
0.0,50,filler,0.0020000000949949026
0.0,51,filler,0.00279999990016222
0.0,52,filler,0.0031999999191612005
0.0,53,filler,0.004000000189989805
0.0,54,filler,0.006800000090152025
0.0,55,filler,0.00860000029206276
0.0,56,filler,0.014399999752640724
0.0,57,filler,0.024399999529123306
0.0,58,filler,0.03620000183582306
0.0,59,filler,0.044199999421834946
0.0,60,filler,0.06800000369548798
0.0,61,filler,0.10080000013113022
0.0,62,filler,0.14219999313354492
0.0,63,filler,0.20579999685287476
0.0,64,filler,0.29919999837875366
0.25,1,film,0.003599999938160181
0.25,2,film,0.0012000000569969416
0.25,3,film,0.00039999998989515007
0.25,4,film,0.00019999999494757503
0.25,5,film,0.00019999999494757503
0.25,6,film,0.0
0.25,7,film,0.0
0.25,8,film,0.0006000000284984708
0.25,9,film,0.0
0.25,10,film,0.0
0.25,11,film,0.0
0.25,12,film,0.0
0.25,13,film,0.0
0.25,14,film,0.0
0.25,15,film,0.0
0.25,16,film,0.0
0.25,17,break,0.0
0.25,18,break,0.0
0.25,19,break,0.0
0.25,20,break,0.0
0.25,21,break,0.0
0.25,22,break,0.0
0.25,23,break,0.0
0.25,24,break,0.0
0.25,25,break,0.0
0.25,26,break,0.0
0.25,27,break,0.0
0.25,28,break,0.00019999999494757503
0.25,29,break,0.0
0.25,30,break,0.0
0.25,31,break,0.0
0.25,32,break,0.0
0.25,33,task,0.00019999999494757503
0.25,34,task,0.00019999999494757503
0.25,35,task,0.0007999999797903001
0.25,36,task,0.00039999998989515007
0.25,37,task,0.00019999999494757503
0.25,38,task,0.0012000000569969416
0.25,39,task,0.0006000000284984708
0.25,40,task,0.0007999999797903001
0.25,41,task,0.0006000000284984708
0.25,42,task,0.0010000000474974513
0.25,43,task,0.00139999995008111
0.25,44,task,0.0034000000450760126
0.25,45,task,0.0026000000070780516
0.25,46,task,0.002199999988079071
0.25,47,task,0.007600000128149986
0.25,48,task,0.010599999688565731
0.25,49,filler,0.0017999999690800905
0.25,50,filler,0.0017999999690800905
0.25,51,filler,0.002400000113993883
0.25,52,filler,0.00419999985024333
0.25,53,filler,0.004399999976158142
0.25,54,filler,0.00800000037997961
0.25,55,filler,0.011599999852478504
0.25,56,filler,0.0142000000923872
0.25,57,filler,0.02019999921321869
0.25,58,filler,0.03240000084042549
0.25,59,filler,0.04399999976158142
0.25,60,filler,0.06700000166893005
0.25,61,filler,0.0966000035405159
0.25,62,filler,0.14020000398159027
0.25,63,filler,0.2046000063419342
0.25,64,filler,0.29580000042915344
0.5,1,film,0.03319999948143959
0.5,2,film,0.017000000923871994
0.5,3,film,0.008999999612569809
0.5,4,film,0.004399999976158142
0.5,5,film,0.0015999999595806003
0.5,6,film,0.002400000113993883
0.5,7,film,0.0010000000474974513
0.5,8,film,0.0006000000284984708
0.5,9,film,0.00039999998989515007
0.5,10,film,0.0
0.5,11,film,0.00039999998989515007
0.5,12,film,0.00019999999494757503
0.5,13,film,0.00019999999494757503
0.5,14,film,0.00019999999494757503
0.5,15,film,0.00019999999494757503
0.5,16,film,0.0
0.5,17,break,0.0
0.5,18,break,0.0
0.5,19,break,0.0
0.5,20,break,0.00019999999494757503
0.5,21,break,0.0
0.5,22,break,0.0
0.5,23,break,0.0
0.5,24,break,0.0
0.5,25,break,0.0
0.5,26,break,0.0
0.5,27,break,0.0
0.5,28,break,0.0
0.5,29,break,0.0
0.5,30,break,0.0
0.5,31,break,0.0
0.5,32,break,0.0
0.5,33,task,0.00139999995008111
0.5,34,task,0.00139999995008111
0.5,35,task,0.0007999999797903001
0.5,36,task,0.0015999999595806003
0.5,37,task,0.0015999999595806003
0.5,38,task,0.0007999999797903001
0.5,39,task,0.0012000000569969416
0.5,40,task,0.0012000000569969416
0.5,41,task,0.002199999988079071
0.5,42,task,0.002400000113993883
0.5,43,task,0.0026000000070780516
0.5,44,task,0.002400000113993883
0.5,45,task,0.00559999980032444
0.5,46,task,0.004800000227987766
0.5,47,task,0.006800000090152025
0.5,48,task,0.008200000040233135
0.5,49,filler,0.0015999999595806003
0.5,50,filler,0.0006000000284984708
0.5,51,filler,0.002400000113993883
0.5,52,filler,0.003599999938160181
0.5,53,filler,0.003599999938160181
0.5,54,filler,0.00839999970048666
0.5,55,filler,0.009200000204145908
0.5,56,filler,0.013199999928474426
0.5,57,filler,0.020800000056624413
0.5,58,filler,0.029999999329447746
0.5,59,filler,0.04540000110864639
0.5,60,filler,0.06120000034570694
0.5,61,filler,0.08139999955892563
0.5,62,filler,0.1281999945640564
0.5,63,filler,0.1891999989748001
0.5,64,filler,0.27140000462532043
0.75,1,film,0.16660000383853912
0.75,2,film,0.06300000101327896
0.75,3,film,0.029999999329447746
0.75,4,film,0.022199999541044235
0.75,5,film,0.01119999960064888
0.75,6,film,0.006200000178068876
0.75,7,film,0.00419999985024333
0.75,8,film,0.0034000000450760126
0.75,9,film,0.002400000113993883
0.75,10,film,0.0015999999595806003
0.75,11,film,0.002400000113993883
0.75,12,film,0.00039999998989515007
0.75,13,film,0.0006000000284984708
0.75,14,film,0.00019999999494757503
0.75,15,film,0.00019999999494757503
0.75,16,film,0.00039999998989515007
0.75,17,break,0.0
0.75,18,break,0.00039999998989515007
0.75,19,break,0.00019999999494757503
0.75,20,break,0.0
0.75,21,break,0.0
0.75,22,break,0.0
0.75,23,break,0.0
0.75,24,break,0.0
0.75,25,break,0.0
0.75,26,break,0.0
0.75,27,break,0.0
0.75,28,break,0.0
0.75,29,break,0.0
0.75,30,break,0.0
0.75,31,break,0.0
0.75,32,break,0.0
0.75,33,task,0.00559999980032444
0.75,34,task,0.00559999980032444
0.75,35,task,0.0017999999690800905
0.75,36,task,0.002400000113993883
0.75,37,task,0.0026000000070780516
0.75,38,task,0.003599999938160181
0.75,39,task,0.002400000113993883
0.75,40,task,0.00279999990016222
0.75,41,task,0.0017999999690800905
0.75,42,task,0.0015999999595806003
0.75,43,task,0.0031999999191612005
0.75,44,task,0.004000000189989805
0.75,45,task,0.004800000227987766
0.75,46,task,0.004399999976158142
0.75,47,task,0.00559999980032444
0.75,48,task,0.00860000029206276
0.75,49,filler,0.0012000000569969416
0.75,50,filler,0.0012000000569969416
0.75,51,filler,0.0010000000474974513
0.75,52,filler,0.0020000000949949026
0.75,53,filler,0.0017999999690800905
0.75,54,filler,0.0031999999191612005
0.75,55,filler,0.006599999964237213
0.75,56,filler,0.009999999776482582
0.75,57,filler,0.013199999928474426
0.75,58,filler,0.01979999989271164
0.75,59,filler,0.03200000151991844
0.75,60,filler,0.041200000792741776
0.75,61,filler,0.06159999966621399
0.75,62,filler,0.08900000154972076
0.75,63,filler,0.13019999861717224
0.75,64,filler,0.1964000016450882
1.0,1,film,0.3677999973297119
1.0,2,film,0.15479999780654907
1.0,3,film,0.06859999895095825
1.0,4,film,0.03720000013709068
1.0,5,film,0.023399999365210533
1.0,6,film,0.017000000923871994
1.0,7,film,0.010599999688565731
1.0,8,film,0.00860000029206276
1.0,9,film,0.004600000102072954
1.0,10,film,0.0007999999797903001
1.0,11,film,0.003000000026077032
1.0,12,film,0.002400000113993883
1.0,13,film,0.0017999999690800905
1.0,14,film,0.0007999999797903001
1.0,15,film,0.0007999999797903001
1.0,16,film,0.00039999998989515007
1.0,17,break,0.0006000000284984708
1.0,18,break,0.0
1.0,19,break,0.0
1.0,20,break,0.0
1.0,21,break,0.0
1.0,22,break,0.0
1.0,23,break,0.00019999999494757503
1.0,24,break,0.0
1.0,25,break,0.0
1.0,26,break,0.0
1.0,27,break,0.0
1.0,28,break,0.0
1.0,29,break,0.0
1.0,30,break,0.0
1.0,31,break,0.0
1.0,32,break,0.0
1.0,33,task,0.00860000029206276
1.0,34,task,0.007199999876320362
1.0,35,task,0.004999999888241291
1.0,36,task,0.004600000102072954
1.0,37,task,0.003599999938160181
1.0,38,task,0.003800000064074993
1.0,39,task,0.002199999988079071
1.0,40,task,0.002400000113993883
1.0,41,task,0.0015999999595806003
1.0,42,task,0.0017999999690800905
1.0,43,task,0.002199999988079071
1.0,44,task,0.00139999995008111
1.0,45,task,0.0015999999595806003
1.0,46,task,0.0034000000450760126
1.0,47,task,0.003800000064074993
1.0,48,task,0.004999999888241291
1.0,49,filler,0.0007999999797903001
1.0,50,filler,0.00039999998989515007
1.0,51,filler,0.0006000000284984708
1.0,52,filler,0.0006000000284984708
1.0,53,filler,0.00139999995008111
1.0,54,filler,0.0017999999690800905
1.0,55,filler,0.0034000000450760126
1.0,56,filler,0.003800000064074993
1.0,57,filler,0.006399999838322401
1.0,58,filler,0.00800000037997961
1.0,59,filler,0.008799999952316284
1.0,60,filler,0.015799999237060547
1.0,61,filler,0.021400000900030136
1.0,62,filler,0.03359999880194664
1.0,63,filler,0.04800000041723251
1.0,64,filler,0.0722000002861023
1.25,1,film,0.5091999769210815
1.25,2,film,0.1940000057220459
1.25,3,film,0.09179999679327011
1.25,4,film,0.05040000006556511
1.25,5,film,0.03500000014901161
1.25,6,film,0.020400000736117363
1.25,7,film,0.013199999928474426
1.25,8,film,0.01140000019222498
1.25,9,film,0.006200000178068876
1.25,10,film,0.003800000064074993
1.25,11,film,0.0034000000450760126
1.25,12,film,0.002400000113993883
1.25,13,film,0.0020000000949949026
1.25,14,film,0.00019999999494757503
1.25,15,film,0.00039999998989515007
1.25,16,film,0.00019999999494757503
1.25,17,break,0.00019999999494757503
1.25,18,break,0.00039999998989515007
1.25,19,break,0.00039999998989515007
1.25,20,break,0.00019999999494757503
1.25,21,break,0.00019999999494757503
1.25,22,break,0.0
1.25,23,break,0.00019999999494757503
1.25,24,break,0.0
1.25,25,break,0.0
1.25,26,break,0.0
1.25,27,break,0.0
1.25,28,break,0.0
1.25,29,break,0.0
1.25,30,break,0.0
1.25,31,break,0.0
1.25,32,break,0.0
1.25,33,task,0.007600000128149986
1.25,34,task,0.005799999926239252
1.25,35,task,0.003000000026077032
1.25,36,task,0.002199999988079071
1.25,37,task,0.0017999999690800905
1.25,38,task,0.0015999999595806003
1.25,39,task,0.00139999995008111
1.25,40,task,0.0007999999797903001
1.25,41,task,0.0012000000569969416
1.25,42,task,0.0017999999690800905
1.25,43,task,0.00039999998989515007
1.25,44,task,0.0006000000284984708
1.25,45,task,0.00019999999494757503
1.25,46,task,0.0
1.25,47,task,0.00019999999494757503
1.25,48,task,0.0006000000284984708
1.25,49,filler,0.0
1.25,50,filler,0.0
1.25,51,filler,0.00019999999494757503
1.25,52,filler,0.0
1.25,53,filler,0.00019999999494757503
1.25,54,filler,0.00039999998989515007
1.25,55,filler,0.00019999999494757503
1.25,56,filler,0.00039999998989515007
1.25,57,filler,0.00039999998989515007
1.25,58,filler,0.00019999999494757503
1.25,59,filler,0.0006000000284984708
1.25,60,filler,0.0010000000474974513
1.25,61,filler,0.002400000113993883
1.25,62,filler,0.0012000000569969416
1.25,63,filler,0.0012000000569969416
1.25,64,filler,0.0034000000450760126
