start_drift_scale,start_drift_label,reminder_condition,task_condition,task_mcf_scale,film_cue_reinstatement,first_cue_after,film_source_start_drift_rate,phase,recall_probability_mass
0.0,Start drift 0.0,No reminder,Weak encoding,1.0,0.9,0,0.0,break,0.7639999939128757
0.0,Start drift 0.0,No reminder,Weak encoding,1.0,0.9,0,0.0,filler,3.53299998678267
0.0,Start drift 0.0,No reminder,Weak encoding,1.0,0.9,0,0.0,film,3.2107999995350838
0.0,Start drift 0.0,No reminder,Weak encoding,1.0,0.9,0,0.0,task,0.1432000007480383
0.0,Start drift 0.0,No reminder,Strong encoding,2.0,0.9,0,0.0,break,0.4921999988146126
0.0,Start drift 0.0,No reminder,Strong encoding,2.0,0.9,0,0.0,filler,2.482600014656782
0.0,Start drift 0.0,No reminder,Strong encoding,2.0,0.9,0,0.0,film,2.5619999915361404
0.0,Start drift 0.0,No reminder,Strong encoding,2.0,0.9,0,0.0,task,2.1048000045120716
0.0,Start drift 0.0,With reminder,Weak encoding,1.0,0.9,0,0.0,break,0.6033999980427325
0.0,Start drift 0.0,With reminder,Weak encoding,1.0,0.9,0,0.0,filler,3.2387999519705772
0.0,Start drift 0.0,With reminder,Weak encoding,1.0,0.9,0,0.0,film,2.8518000096082687
0.0,Start drift 0.0,With reminder,Weak encoding,1.0,0.9,0,0.0,task,0.9873999916017056
0.0,Start drift 0.0,With reminder,Strong encoding,2.0,0.9,0,0.0,break,0.09960000027786009
0.0,Start drift 0.0,With reminder,Strong encoding,2.0,0.9,0,0.0,filler,1.4535999912768602
0.0,Start drift 0.0,With reminder,Strong encoding,2.0,0.9,0,0.0,film,0.8295999988913536
0.0,Start drift 0.0,With reminder,Strong encoding,2.0,0.9,0,0.0,task,5.282399982213974
1.0,Start drift 1.0,No reminder,Weak encoding,1.0,0.9,0,0.0,break,1.0090000056661665
1.0,Start drift 1.0,No reminder,Weak encoding,1.0,0.9,0,0.0,filler,0.3377999991644174
1.0,Start drift 1.0,No reminder,Weak encoding,1.0,0.9,0,0.0,film,6.275000035762787
1.0,Start drift 1.0,No reminder,Weak encoding,1.0,0.9,0,0.0,task,0.04800000000977889
1.0,Start drift 1.0,No reminder,Strong encoding,2.0,0.9,0,0.0,break,0.8342000092379749
1.0,Start drift 1.0,No reminder,Strong encoding,2.0,0.9,0,0.0,filler,0.25399999832734466
1.0,Start drift 1.0,No reminder,Strong encoding,2.0,0.9,0,0.0,film,5.992800027132034
1.0,Start drift 1.0,No reminder,Strong encoding,2.0,0.9,0,0.0,task,0.5192000027745962
1.0,Start drift 1.0,With reminder,Weak encoding,1.0,0.9,0,0.0,break,0.7896000118926167
1.0,Start drift 1.0,With reminder,Weak encoding,1.0,0.9,0,0.0,filler,0.3803999973461032
1.0,Start drift 1.0,With reminder,Weak encoding,1.0,0.9,0,0.0,film,5.409599959850311
1.0,Start drift 1.0,With reminder,Weak encoding,1.0,0.9,0,0.0,task,1.0946000069379807
1.0,Start drift 1.0,With reminder,Strong encoding,2.0,0.9,0,0.0,break,0.134599999000784
1.0,Start drift 1.0,With reminder,Strong encoding,2.0,0.9,0,0.0,filler,0.18239999981597066
1.0,Start drift 1.0,With reminder,Strong encoding,2.0,0.9,0,0.0,film,2.00399998575449
1.0,Start drift 1.0,With reminder,Strong encoding,2.0,0.9,0,0.0,task,5.338999956846237
1.5,Start drift 1.5,No reminder,Weak encoding,1.0,0.9,0,0.0,break,0.9610000196844339
1.5,Start drift 1.5,No reminder,Weak encoding,1.0,0.9,0,0.0,filler,0.0
1.5,Start drift 1.5,No reminder,Weak encoding,1.0,0.9,0,0.0,film,6.740599989891052
1.5,Start drift 1.5,No reminder,Weak encoding,1.0,0.9,0,0.0,task,0.018400000117253512
1.5,Start drift 1.5,No reminder,Strong encoding,2.0,0.9,0,0.0,break,0.808600002899766
1.5,Start drift 1.5,No reminder,Strong encoding,2.0,0.9,0,0.0,filler,0.0007999999797903001
1.5,Start drift 1.5,No reminder,Strong encoding,2.0,0.9,0,0.0,film,6.597399979829788
1.5,Start drift 1.5,No reminder,Strong encoding,2.0,0.9,0,0.0,task,0.2412000042386353
1.5,Start drift 1.5,With reminder,Weak encoding,1.0,0.9,0,0.0,break,0.7392000029794872
1.5,Start drift 1.5,With reminder,Weak encoding,1.0,0.9,0,0.0,filler,0.021000000066123903
1.5,Start drift 1.5,With reminder,Weak encoding,1.0,0.9,0,0.0,film,5.904400020837784
1.5,Start drift 1.5,With reminder,Weak encoding,1.0,0.9,0,0.0,task,1.0266000078991055
1.5,Start drift 1.5,With reminder,Strong encoding,2.0,0.9,0,0.0,break,0.1458000013808487
1.5,Start drift 1.5,With reminder,Strong encoding,2.0,0.9,0,0.0,filler,0.035199999969336204
1.5,Start drift 1.5,With reminder,Strong encoding,2.0,0.9,0,0.0,film,2.4507999941706657
1.5,Start drift 1.5,With reminder,Strong encoding,2.0,0.9,0,0.0,task,4.967599987983704
2.0,Start drift 2.0,No reminder,Weak encoding,1.0,0.9,0,0.0,break,0.9399999952875078
2.0,Start drift 2.0,No reminder,Weak encoding,1.0,0.9,0,0.0,filler,0.001400000008288771
2.0,Start drift 2.0,No reminder,Weak encoding,1.0,0.9,0,0.0,film,6.695600003004074
2.0,Start drift 2.0,No reminder,Weak encoding,1.0,0.9,0,0.0,task,0.02280000016617123
2.0,Start drift 2.0,No reminder,Strong encoding,2.0,0.9,0,0.0,break,0.8305999990552664
2.0,Start drift 2.0,No reminder,Strong encoding,2.0,0.9,0,0.0,filler,0.0029999999242136255
2.0,Start drift 2.0,No reminder,Strong encoding,2.0,0.9,0,0.0,film,6.5694000124931335
2.0,Start drift 2.0,No reminder,Strong encoding,2.0,0.9,0,0.0,task,0.2582000005058944
2.0,Start drift 2.0,With reminder,Weak encoding,1.0,0.9,0,0.0,break,0.7251999995205551
2.0,Start drift 2.0,With reminder,Weak encoding,1.0,0.9,0,0.0,filler,0.023200000534416176
2.0,Start drift 2.0,With reminder,Weak encoding,1.0,0.9,0,0.0,film,5.9226000010967255
2.0,Start drift 2.0,With reminder,Weak encoding,1.0,0.9,0,0.0,task,0.96460000006482
2.0,Start drift 2.0,With reminder,Strong encoding,2.0,0.9,0,0.0,break,0.13879999723576475
2.0,Start drift 2.0,With reminder,Strong encoding,2.0,0.9,0,0.0,filler,0.033199999830685556
2.0,Start drift 2.0,With reminder,Strong encoding,2.0,0.9,0,0.0,film,2.499799996614456
2.0,Start drift 2.0,With reminder,Strong encoding,2.0,0.9,0,0.0,task,4.930200010538101
2.5,Start drift 2.5,No reminder,Weak encoding,1.0,0.9,0,0.0,break,0.9522000020369887
2.5,Start drift 2.5,No reminder,Weak encoding,1.0,0.9,0,0.0,filler,0.00039999998989515007
2.5,Start drift 2.5,No reminder,Weak encoding,1.0,0.9,0,0.0,film,6.685000002384186
2.5,Start drift 2.5,No reminder,Weak encoding,1.0,0.9,0,0.0,task,0.02160000058938749
2.5,Start drift 2.5,No reminder,Strong encoding,2.0,0.9,0,0.0,break,0.8203999921679497
2.5,Start drift 2.5,No reminder,Strong encoding,2.0,0.9,0,0.0,filler,0.0013999999646330252
2.5,Start drift 2.5,No reminder,Strong encoding,2.0,0.9,0,0.0,film,6.647800028324127
2.5,Start drift 2.5,No reminder,Strong encoding,2.0,0.9,0,0.0,task,0.22840000479482114
2.5,Start drift 2.5,With reminder,Weak encoding,1.0,0.9,0,0.0,break,0.7155999983660877
2.5,Start drift 2.5,With reminder,Weak encoding,1.0,0.9,0,0.0,filler,0.022200000341399573
2.5,Start drift 2.5,With reminder,Weak encoding,1.0,0.9,0,0.0,film,5.94539999961853
2.5,Start drift 2.5,With reminder,Weak encoding,1.0,0.9,0,0.0,task,0.9464000072330236
2.5,Start drift 2.5,With reminder,Strong encoding,2.0,0.9,0,0.0,break,0.14180000316991936
2.5,Start drift 2.5,With reminder,Strong encoding,2.0,0.9,0,0.0,filler,0.03140000012353994
2.5,Start drift 2.5,With reminder,Strong encoding,2.0,0.9,0,0.0,film,2.509800001978874
2.5,Start drift 2.5,With reminder,Strong encoding,2.0,0.9,0,0.0,task,5.023000046610832
