retrieval_condition,off_target_recall_drift_scale,phase,recall_probability_mass
Unguided retrieval,0.0,break,0.07859999990614597
Unguided retrieval,0.0,filler,4.463199954479933
Unguided retrieval,0.0,film,1.235600020736456
Unguided retrieval,0.0,task,1.8588000126183033
Unguided retrieval,0.15,break,0.06940000008034986
Unguided retrieval,0.15,filler,4.392799969762564
Unguided retrieval,0.15,film,0.9423999972641468
Unguided retrieval,0.15,task,2.1692000031471252
Unguided retrieval,0.3,break,0.05739999990328215
Unguided retrieval,0.3,filler,4.355000011622906
Unguided retrieval,0.3,film,0.6673999987542629
Unguided retrieval,0.3,task,2.540000006556511
Unguided retrieval,0.45,break,0.044200000396813266
Unguided retrieval,0.45,filler,4.238200064748526
Unguided retrieval,0.45,film,0.5205999985337257
Unguided retrieval,0.45,task,2.902999997138977
Unguided retrieval,0.6,break,0.04580000079295132
Unguided retrieval,0.6,filler,4.093400057405233
Unguided retrieval,0.6,film,0.4073999999091029
Unguided retrieval,0.6,task,3.1628000140190125
Unguided retrieval,0.75,break,0.03580000062356703
Unguided retrieval,0.75,filler,3.971600018441677
Unguided retrieval,0.75,film,0.2909999992698431
Unguided retrieval,0.75,task,3.3185999542474747
Unguided retrieval,0.9,break,0.031399999861605465
Unguided retrieval,0.9,filler,3.966800034046173
Unguided retrieval,0.9,film,0.22979999938979745
Unguided retrieval,0.9,task,3.4654000252485275
Unguided retrieval,1.0,break,0.03340000037860591
Unguided retrieval,1.0,filler,3.8233999647200108
Unguided retrieval,1.0,film,0.1988000008277595
Unguided retrieval,1.0,task,3.53099999576807
Deliberate recall,0.0,break,0.13800000266928691
Deliberate recall,0.0,filler,0.4365999968140386
Deliberate recall,0.0,film,4.90240004658699
Deliberate recall,0.0,task,2.190799994394183
Deliberate recall,0.15,break,0.14180000078340527
Deliberate recall,0.15,filler,0.46780000161379576
Deliberate recall,0.15,film,4.592399969696999
Deliberate recall,0.15,task,2.436599988490343
Deliberate recall,0.3,break,0.13000000023748726
Deliberate recall,0.3,filler,0.5268000103533268
Deliberate recall,0.3,film,4.112400025129318
Deliberate recall,0.3,task,2.8514000102877617
Deliberate recall,0.45,break,0.122399999469053
Deliberate recall,0.45,filler,0.5929999994114041
Deliberate recall,0.45,film,3.6704000160098076
Deliberate recall,0.45,task,3.246600016951561
Deliberate recall,0.6,break,0.10560000012628734
Deliberate recall,0.6,filler,0.6713999984785914
Deliberate recall,0.6,film,3.2548000141978264
Deliberate recall,0.6,task,3.6364000141620636
Deliberate recall,0.75,break,0.09860000110347755
Deliberate recall,0.75,filler,0.7522000139579177
Deliberate recall,0.75,film,2.8710000067949295
Deliberate recall,0.75,task,3.9136000275611877
Deliberate recall,0.9,break,0.0842000010306947
Deliberate recall,0.9,filler,0.8897999934852123
Deliberate recall,0.9,film,2.553200002759695
Deliberate recall,0.9,task,4.1164000034332275
Deliberate recall,1.0,break,0.08060000067052897
Deliberate recall,1.0,filler,0.9693999942392111
Deliberate recall,1.0,film,2.3339999988675117
Deliberate recall,1.0,task,4.300200015306473
