reminder_condition,task_condition,task_mcf_scale,film_cue_reinstatement,first_cue_after,cue_interval,film_source_start_drift_rate,rejected_recall_drift_scale,retrieval_setting,start_drift_scale,position,phase,raw_support,support_share
With reminder,Weak task encoding,1.0,0.9,0,4,0.0,1.0,Unguided recall,0.0,1,film,0.2033856362104416,0.012475927360355854
With reminder,Weak task encoding,1.0,0.9,0,4,0.0,1.0,Unguided recall,0.0,2,film,0.2140413373708725,0.013129561208188534
With reminder,Weak task encoding,1.0,0.9,0,4,0.0,1.0,Unguided recall,0.0,3,film,0.23158672451972961,0.014205817133188248
With reminder,Weak task encoding,1.0,0.9,0,4,0.0,1.0,Unguided recall,0.0,4,film,0.2505081593990326,0.015366481617093086
With reminder,Weak task encoding,1.0,0.9,0,4,0.0,1.0,Unguided recall,0.0,5,film,0.26484793424606323,0.016246100887656212
With reminder,Weak task encoding,1.0,0.9,0,4,0.0,1.0,Unguided recall,0.0,6,film,0.27842575311660767,0.017078980803489685
With reminder,Weak task encoding,1.0,0.9,0,4,0.0,1.0,Unguided recall,0.0,7,film,0.28970202803611755,0.017770681530237198
With reminder,Weak task encoding,1.0,0.9,0,4,0.0,1.0,Unguided recall,0.0,8,film,0.2985648214817047,0.018314337357878685
With reminder,Weak task encoding,1.0,0.9,0,4,0.0,1.0,Unguided recall,0.0,9,film,0.30403080582618713,0.018649626523256302
With reminder,Weak task encoding,1.0,0.9,0,4,0.0,1.0,Unguided recall,0.0,10,film,0.3073720633983612,0.01885458454489708
With reminder,Weak task encoding,1.0,0.9,0,4,0.0,1.0,Unguided recall,0.0,11,film,0.30768194794654846,0.01887359283864498
With reminder,Weak task encoding,1.0,0.9,0,4,0.0,1.0,Unguided recall,0.0,12,film,0.3068241477012634,0.018820973113179207
With reminder,Weak task encoding,1.0,0.9,0,4,0.0,1.0,Unguided recall,0.0,13,film,0.3038192689418793,0.01863665133714676
With reminder,Weak task encoding,1.0,0.9,0,4,0.0,1.0,Unguided recall,0.0,14,film,0.29683932662010193,0.018208492547273636
With reminder,Weak task encoding,1.0,0.9,0,4,0.0,1.0,Unguided recall,0.0,15,film,0.2870544493198395,0.0176082756370306
With reminder,Weak task encoding,1.0,0.9,0,4,0.0,1.0,Unguided recall,0.0,16,film,0.27533769607543945,0.016889555379748344
With reminder,Weak task encoding,1.0,0.9,0,4,0.0,1.0,Unguided recall,0.0,17,break,0.24724431335926056,0.015166273340582848
With reminder,Weak task encoding,1.0,0.9,0,4,0.0,1.0,Unguided recall,0.0,18,break,0.222024604678154,0.013619264587759972
With reminder,Weak task encoding,1.0,0.9,0,4,0.0,1.0,Unguided recall,0.0,19,break,0.1993793398141861,0.012230176478624344
With reminder,Weak task encoding,1.0,0.9,0,4,0.0,1.0,Unguided recall,0.0,20,break,0.17905193567276,0.010983267799019814
With reminder,Weak task encoding,1.0,0.9,0,4,0.0,1.0,Unguided recall,0.0,21,break,0.16080184280872345,0.009863784536719322
With reminder,Weak task encoding,1.0,0.9,0,4,0.0,1.0,Unguided recall,0.0,22,break,0.14441245794296265,0.00885843951255083
With reminder,Weak task encoding,1.0,0.9,0,4,0.0,1.0,Unguided recall,0.0,23,break,0.12970183789730072,0.007956071756780148
With reminder,Weak task encoding,1.0,0.9,0,4,0.0,1.0,Unguided recall,0.0,24,break,0.11649253964424133,0.007145796902477741
With reminder,Weak task encoding,1.0,0.9,0,4,0.0,1.0,Unguided recall,0.0,25,break,0.10463869571685791,0.006418667268007994
With reminder,Weak task encoding,1.0,0.9,0,4,0.0,1.0,Unguided recall,0.0,26,break,0.09399738162755966,0.005765915848314762
With reminder,Weak task encoding,1.0,0.9,0,4,0.0,1.0,Unguided recall,0.0,27,break,0.0844457596540451,0.00518000777810812
With reminder,Weak task encoding,1.0,0.9,0,4,0.0,1.0,Unguided recall,0.0,28,break,0.0758732333779335,0.0046541583724319935
With reminder,Weak task encoding,1.0,0.9,0,4,0.0,1.0,Unguided recall,0.0,29,break,0.06818240880966187,0.004182393662631512
With reminder,Weak task encoding,1.0,0.9,0,4,0.0,1.0,Unguided recall,0.0,30,break,0.06128237769007683,0.0037591371219605207
With reminder,Weak task encoding,1.0,0.9,0,4,0.0,1.0,Unguided recall,0.0,31,break,0.05509312078356743,0.0033794804476201534
With reminder,Weak task encoding,1.0,0.9,0,4,0.0,1.0,Unguided recall,0.0,32,break,0.04954276233911514,0.0030390145257115364
With reminder,Weak task encoding,1.0,0.9,0,4,0.0,1.0,Unguided recall,0.0,33,task,0.2837158739566803,0.017403483390808105
With reminder,Weak task encoding,1.0,0.9,0,4,0.0,1.0,Unguided recall,0.0,34,task,0.2607913911342621,0.0159972682595253
With reminder,Weak task encoding,1.0,0.9,0,4,0.0,1.0,Unguided recall,0.0,35,task,0.2408900111913681,0.014776492491364479
With reminder,Weak task encoding,1.0,0.9,0,4,0.0,1.0,Unguided recall,0.0,36,task,0.22378669679164886,0.013727353885769844
With reminder,Weak task encoding,1.0,0.9,0,4,0.0,1.0,Unguided recall,0.0,37,task,0.20928095281124115,0.012837553396821022
With reminder,Weak task encoding,1.0,0.9,0,4,0.0,1.0,Unguided recall,0.0,38,task,0.19719591736793518,0.012096242047846317
With reminder,Weak task encoding,1.0,0.9,0,4,0.0,1.0,Unguided recall,0.0,39,task,0.18740086257457733,0.01149540115147829
With reminder,Weak task encoding,1.0,0.9,0,4,0.0,1.0,Unguided recall,0.0,40,task,0.1797841191291809,0.011028180830180645
With reminder,Weak task encoding,1.0,0.9,0,4,0.0,1.0,Unguided recall,0.0,41,task,0.17425113916397095,0.010688780806958675
With reminder,Weak task encoding,1.0,0.9,0,4,0.0,1.0,Unguided recall,0.0,42,task,0.17073489725589752,0.010473090223968029
With reminder,Weak task encoding,1.0,0.9,0,4,0.0,1.0,Unguided recall,0.0,43,task,0.16920356452465057,0.010379156097769737
With reminder,Weak task encoding,1.0,0.9,0,4,0.0,1.0,Unguided recall,0.0,44,task,0.1696355640888214,0.010405655950307846
With reminder,Weak task encoding,1.0,0.9,0,4,0.0,1.0,Unguided recall,0.0,45,task,0.17203454673290253,0.010552812367677689
With reminder,Weak task encoding,1.0,0.9,0,4,0.0,1.0,Unguided recall,0.0,46,task,0.17643000185489655,0.010822434909641743
With reminder,Weak task encoding,1.0,0.9,0,4,0.0,1.0,Unguided recall,0.0,47,task,0.18287238478660583,0.01121761929243803
With reminder,Weak task encoding,1.0,0.9,0,4,0.0,1.0,Unguided recall,0.0,48,task,0.1914300173521042,0.011742554605007172
With reminder,Weak task encoding,1.0,0.9,0,4,0.0,1.0,Unguided recall,0.0,49,filler,0.20221787691116333,0.012404295615851879
With reminder,Weak task encoding,1.0,0.9,0,4,0.0,1.0,Unguided recall,0.0,50,filler,0.215353861451149,0.013210073113441467
With reminder,Weak task encoding,1.0,0.9,0,4,0.0,1.0,Unguided recall,0.0,51,filler,0.23097631335258484,0.014168373309075832
With reminder,Weak task encoding,1.0,0.9,0,4,0.0,1.0,Unguided recall,0.0,52,filler,0.24928398430347443,0.01529138907790184
With reminder,Weak task encoding,1.0,0.9,0,4,0.0,1.0,Unguided recall,0.0,53,filler,0.27048513293266296,0.016591893509030342
With reminder,Weak task encoding,1.0,0.9,0,4,0.0,1.0,Unguided recall,0.0,54,filler,0.29482653737068176,0.018085025250911713
With reminder,Weak task encoding,1.0,0.9,0,4,0.0,1.0,Unguided recall,0.0,55,filler,0.3225770592689514,0.019787276163697243
With reminder,Weak task encoding,1.0,0.9,0,4,0.0,1.0,Unguided recall,0.0,56,filler,0.3540758192539215,0.021719450131058693
With reminder,Weak task encoding,1.0,0.9,0,4,0.0,1.0,Unguided recall,0.0,57,filler,0.3896929919719696,0.02390425093472004
With reminder,Weak task encoding,1.0,0.9,0,4,0.0,1.0,Unguided recall,0.0,58,filler,0.4298182725906372,0.02636558562517166
With reminder,Weak task encoding,1.0,0.9,0,4,0.0,1.0,Unguided recall,0.0,59,filler,0.4749451279640198,0.02913372404873371
With reminder,Weak task encoding,1.0,0.9,0,4,0.0,1.0,Unguided recall,0.0,60,filler,0.5255579948425293,0.03223837912082672
With reminder,Weak task encoding,1.0,0.9,0,4,0.0,1.0,Unguided recall,0.0,61,filler,0.5822929739952087,0.03571857511997223
With reminder,Weak task encoding,1.0,0.9,0,4,0.0,1.0,Unguided recall,0.0,62,filler,0.645760715007782,0.03961176425218582
With reminder,Weak task encoding,1.0,0.9,0,4,0.0,1.0,Unguided recall,0.0,63,filler,0.7167388796806335,0.0439656525850296
With reminder,Weak task encoding,1.0,0.9,0,4,0.0,1.0,Unguided recall,0.0,64,filler,0.7960190176963806,0.04882879555225372
With reminder,Weak task encoding,1.0,0.9,0,4,0.0,1.0,Start-of-film context reinstatement,1.5,1,film,0.8467603325843811,0.05475850775837898
With reminder,Weak task encoding,1.0,0.9,0,4,0.0,1.0,Start-of-film context reinstatement,1.5,2,film,0.7510611414909363,0.04856980964541435
With reminder,Weak task encoding,1.0,0.9,0,4,0.0,1.0,Start-of-film context reinstatement,1.5,3,film,0.7046822309494019,0.04557056725025177
With reminder,Weak task encoding,1.0,0.9,0,4,0.0,1.0,Start-of-film context reinstatement,1.5,4,film,0.6695417761802673,0.04329809546470642
With reminder,Weak task encoding,1.0,0.9,0,4,0.0,1.0,Start-of-film context reinstatement,1.5,5,film,0.6391936540603638,0.04133553430438042
With reminder,Weak task encoding,1.0,0.9,0,4,0.0,1.0,Start-of-film context reinstatement,1.5,6,film,0.6120626330375671,0.039581019431352615
With reminder,Weak task encoding,1.0,0.9,0,4,0.0,1.0,Start-of-film context reinstatement,1.5,7,film,0.5866380333900452,0.03793685510754585
With reminder,Weak task encoding,1.0,0.9,0,4,0.0,1.0,Start-of-film context reinstatement,1.5,8,film,0.5622480511665344,0.036359596997499466
With reminder,Weak task encoding,1.0,0.9,0,4,0.0,1.0,Start-of-film context reinstatement,1.5,9,film,0.5382451415061951,0.034807369112968445
With reminder,Weak task encoding,1.0,0.9,0,4,0.0,1.0,Start-of-film context reinstatement,1.5,10,film,0.5161278247833252,0.03337708115577698
With reminder,Weak task encoding,1.0,0.9,0,4,0.0,1.0,Start-of-film context reinstatement,1.5,11,film,0.49435552954673767,0.0319691076874733
With reminder,Weak task encoding,1.0,0.9,0,4,0.0,1.0,Start-of-film context reinstatement,1.5,12,film,0.4708752930164337,0.03045068122446537
With reminder,Weak task encoding,1.0,0.9,0,4,0.0,1.0,Start-of-film context reinstatement,1.5,13,film,0.44736790657043457,0.028930500149726868
With reminder,Weak task encoding,1.0,0.9,0,4,0.0,1.0,Start-of-film context reinstatement,1.5,14,film,0.42323940992355347,0.0273701511323452
With reminder,Weak task encoding,1.0,0.9,0,4,0.0,1.0,Start-of-film context reinstatement,1.5,15,film,0.3975094258785248,0.02570623904466629
With reminder,Weak task encoding,1.0,0.9,0,4,0.0,1.0,Start-of-film context reinstatement,1.5,16,film,0.37289369106292725,0.02411438152194023
With reminder,Weak task encoding,1.0,0.9,0,4,0.0,1.0,Start-of-film context reinstatement,1.5,17,break,0.3348332345485687,0.021653078496456146
With reminder,Weak task encoding,1.0,0.9,0,4,0.0,1.0,Start-of-film context reinstatement,1.5,18,break,0.30065956711769104,0.019443128257989883
With reminder,Weak task encoding,1.0,0.9,0,4,0.0,1.0,Start-of-film context reinstatement,1.5,19,break,0.26997044682502747,0.017458515241742134
With reminder,Weak task encoding,1.0,0.9,0,4,0.0,1.0,Start-of-film context reinstatement,1.5,20,break,0.24241860210895538,0.01567678712308407
With reminder,Weak task encoding,1.0,0.9,0,4,0.0,1.0,Start-of-film context reinstatement,1.5,21,break,0.2176695615053177,0.014076309278607368
With reminder,Weak task encoding,1.0,0.9,0,4,0.0,1.0,Start-of-film context reinstatement,1.5,22,break,0.19545383751392365,0.012639657594263554
With reminder,Weak task encoding,1.0,0.9,0,4,0.0,1.0,Start-of-film context reinstatement,1.5,23,break,0.17550820112228394,0.011349808424711227
With reminder,Weak task encoding,1.0,0.9,0,4,0.0,1.0,Start-of-film context reinstatement,1.5,24,break,0.1575937569141388,0.010191312059760094
With reminder,Weak task encoding,1.0,0.9,0,4,0.0,1.0,Start-of-film context reinstatement,1.5,25,break,0.14150813221931458,0.009151083417236805
With reminder,Weak task encoding,1.0,0.9,0,4,0.0,1.0,Start-of-film context reinstatement,1.5,26,break,0.1270662546157837,0.008217152208089828
With reminder,Weak task encoding,1.0,0.9,0,4,0.0,1.0,Start-of-film context reinstatement,1.5,27,break,0.11409679055213928,0.007378439884632826
With reminder,Weak task encoding,1.0,0.9,0,4,0.0,1.0,Start-of-film context reinstatement,1.5,28,break,0.10245314985513687,0.0066254655830562115
With reminder,Weak task encoding,1.0,0.9,0,4,0.0,1.0,Start-of-film context reinstatement,1.5,29,break,0.09199634194374084,0.005949242506176233
With reminder,Weak task encoding,1.0,0.9,0,4,0.0,1.0,Start-of-film context reinstatement,1.5,30,break,0.08260602504014969,0.0053419871255755424
With reminder,Weak task encoding,1.0,0.9,0,4,0.0,1.0,Start-of-film context reinstatement,1.5,31,break,0.07417565584182739,0.004796809982508421
With reminder,Weak task encoding,1.0,0.9,0,4,0.0,1.0,Start-of-film context reinstatement,1.5,32,break,0.06660390645265579,0.004307157825678587
With reminder,Weak task encoding,1.0,0.9,0,4,0.0,1.0,Start-of-film context reinstatement,1.5,33,task,0.39389127492904663,0.025472259148955345
With reminder,Weak task encoding,1.0,0.9,0,4,0.0,1.0,Start-of-film context reinstatement,1.5,34,task,0.35368970036506653,0.022872494533658028
With reminder,Weak task encoding,1.0,0.9,0,4,0.0,1.0,Start-of-film context reinstatement,1.5,35,task,0.3175906538963318,0.020538032054901123
With reminder,Weak task encoding,1.0,0.9,0,4,0.0,1.0,Start-of-film context reinstatement,1.5,36,task,0.2851701080799103,0.018441451713442802
With reminder,Weak task encoding,1.0,0.9,0,4,0.0,1.0,Start-of-film context reinstatement,1.5,37,task,0.25606876611709595,0.01655951887369156
With reminder,Weak task encoding,1.0,0.9,0,4,0.0,1.0,Start-of-film context reinstatement,1.5,38,task,0.22993388772010803,0.01486942172050476
With reminder,Weak task encoding,1.0,0.9,0,4,0.0,1.0,Start-of-film context reinstatement,1.5,39,task,0.20646657049655914,0.013351831585168839
With reminder,Weak task encoding,1.0,0.9,0,4,0.0,1.0,Start-of-film context reinstatement,1.5,40,task,0.1853928565979004,0.011989030987024307
With reminder,Weak task encoding,1.0,0.9,0,4,0.0,1.0,Start-of-film context reinstatement,1.5,41,task,0.16647213697433472,0.01076546125113964
With reminder,Weak task encoding,1.0,0.9,0,4,0.0,1.0,Start-of-film context reinstatement,1.5,42,task,0.14947985112667084,0.00966660026460886
With reminder,Weak task encoding,1.0,0.9,0,4,0.0,1.0,Start-of-film context reinstatement,1.5,43,task,0.13422438502311707,0.008680055849254131
With reminder,Weak task encoding,1.0,0.9,0,4,0.0,1.0,Start-of-film context reinstatement,1.5,44,task,0.12052544206380844,0.007794169243425131
With reminder,Weak task encoding,1.0,0.9,0,4,0.0,1.0,Start-of-film context reinstatement,1.5,45,task,0.10822248458862305,0.0069985585287213326
With reminder,Weak task encoding,1.0,0.9,0,4,0.0,1.0,Start-of-film context reinstatement,1.5,46,task,0.09717794507741928,0.006284327711910009
With reminder,Weak task encoding,1.0,0.9,0,4,0.0,1.0,Start-of-film context reinstatement,1.5,47,task,0.08725988119840622,0.005642943549901247
With reminder,Weak task encoding,1.0,0.9,0,4,0.0,1.0,Start-of-film context reinstatement,1.5,48,task,0.07835379242897034,0.00506700249388814
With reminder,Weak task encoding,1.0,0.9,0,4,0.0,1.0,Start-of-film context reinstatement,1.5,49,filler,0.07035581022500992,0.004549786914139986
With reminder,Weak task encoding,1.0,0.9,0,4,0.0,1.0,Start-of-film context reinstatement,1.5,50,filler,0.06317489594221115,0.0040854099206626415
With reminder,Weak task encoding,1.0,0.9,0,4,0.0,1.0,Start-of-film context reinstatement,1.5,51,filler,0.05672726407647133,0.0036684528458863497
With reminder,Weak task encoding,1.0,0.9,0,4,0.0,1.0,Start-of-film context reinstatement,1.5,52,filler,0.050937678664922714,0.0032940504606813192
With reminder,Weak task encoding,1.0,0.9,0,4,0.0,1.0,Start-of-film context reinstatement,1.5,53,filler,0.04573829844594002,0.002957815770059824
With reminder,Weak task encoding,1.0,0.9,0,4,0.0,1.0,Start-of-film context reinstatement,1.5,54,filler,0.04107008874416351,0.002655930817127228
With reminder,Weak task encoding,1.0,0.9,0,4,0.0,1.0,Start-of-film context reinstatement,1.5,55,filler,0.036878038197755814,0.002384838182479143
With reminder,Weak task encoding,1.0,0.9,0,4,0.0,1.0,Start-of-film context reinstatement,1.5,56,filler,0.03311463072896004,0.00214146520011127
With reminder,Weak task encoding,1.0,0.9,0,4,0.0,1.0,Start-of-film context reinstatement,1.5,57,filler,0.029734790325164795,0.0019228968303650618
With reminder,Weak task encoding,1.0,0.9,0,4,0.0,1.0,Start-of-film context reinstatement,1.5,58,filler,0.026699788868427277,0.0017266286304220557
With reminder,Weak task encoding,1.0,0.9,0,4,0.0,1.0,Start-of-film context reinstatement,1.5,59,filler,0.02397473342716694,0.0015504040056839585
With reminder,Weak task encoding,1.0,0.9,0,4,0.0,1.0,Start-of-film context reinstatement,1.5,60,filler,0.0215279683470726,0.0013921760255470872
With reminder,Weak task encoding,1.0,0.9,0,4,0.0,1.0,Start-of-film context reinstatement,1.5,61,filler,0.019330767914652824,0.0012500869343057275
With reminder,Weak task encoding,1.0,0.9,0,4,0.0,1.0,Start-of-film context reinstatement,1.5,62,filler,0.01735777035355568,0.0011224966729059815
With reminder,Weak task encoding,1.0,0.9,0,4,0.0,1.0,Start-of-film context reinstatement,1.5,63,filler,0.015586224384605885,0.0010079338680952787
With reminder,Weak task encoding,1.0,0.9,0,4,0.0,1.0,Start-of-film context reinstatement,1.5,64,filler,0.013995261862874031,0.0009050490916706622
