retrieval_condition,off_target_recall_drift_scale,position,phase,recall_probability
Unguided retrieval,0.0,1,film,0.03920000046491623
Unguided retrieval,0.0,2,film,0.052400000393390656
Unguided retrieval,0.0,3,film,0.058800000697374344
Unguided retrieval,0.0,4,film,0.06440000236034393
Unguided retrieval,0.0,5,film,0.07760000228881836
Unguided retrieval,0.0,6,film,0.07900000363588333
Unguided retrieval,0.0,7,film,0.09080000221729279
Unguided retrieval,0.0,8,film,0.09059999883174896
Unguided retrieval,0.0,9,film,0.0934000015258789
Unguided retrieval,0.0,10,film,0.09480000287294388
Unguided retrieval,0.0,11,film,0.08739999681711197
Unguided retrieval,0.0,12,film,0.08560000360012054
Unguided retrieval,0.0,13,film,0.0843999981880188
Unguided retrieval,0.0,14,film,0.08980000019073486
Unguided retrieval,0.0,15,film,0.07500000298023224
Unguided retrieval,0.0,16,film,0.07240000367164612
Unguided retrieval,0.0,17,break,0.02239999920129776
Unguided retrieval,0.0,18,break,0.01720000058412552
Unguided retrieval,0.0,19,break,0.012199999764561653
Unguided retrieval,0.0,20,break,0.009200000204145908
Unguided retrieval,0.0,21,break,0.006200000178068876
Unguided retrieval,0.0,22,break,0.002400000113993883
Unguided retrieval,0.0,23,break,0.00139999995008111
Unguided retrieval,0.0,24,break,0.002199999988079071
Unguided retrieval,0.0,25,break,0.00139999995008111
Unguided retrieval,0.0,26,break,0.0010000000474974513
Unguided retrieval,0.0,27,break,0.0015999999595806003
Unguided retrieval,0.0,28,break,0.00039999998989515007
Unguided retrieval,0.0,29,break,0.00039999998989515007
Unguided retrieval,0.0,30,break,0.00039999998989515007
Unguided retrieval,0.0,31,break,0.00019999999494757503
Unguided retrieval,0.0,32,break,0.0
Unguided retrieval,0.0,33,task,0.30399999022483826
Unguided retrieval,0.0,34,task,0.24240000545978546
Unguided retrieval,0.0,35,task,0.1770000010728836
Unguided retrieval,0.0,36,task,0.13500000536441803
Unguided retrieval,0.0,37,task,0.10760000348091125
Unguided retrieval,0.0,38,task,0.08900000154972076
Unguided retrieval,0.0,39,task,0.07479999959468842
Unguided retrieval,0.0,40,task,0.06800000369548798
Unguided retrieval,0.0,41,task,0.06279999762773514
Unguided retrieval,0.0,42,task,0.05959999933838844
Unguided retrieval,0.0,43,task,0.05939999967813492
Unguided retrieval,0.0,44,task,0.06379999965429306
Unguided retrieval,0.0,45,task,0.07699999958276749
Unguided retrieval,0.0,46,task,0.09260000288486481
Unguided retrieval,0.0,47,task,0.11259999871253967
Unguided retrieval,0.0,48,task,0.133200004696846
Unguided retrieval,0.0,49,filler,0.019600000232458115
Unguided retrieval,0.0,50,filler,0.022199999541044235
Unguided retrieval,0.0,51,filler,0.032600000500679016
Unguided retrieval,0.0,52,filler,0.04019999876618385
Unguided retrieval,0.0,53,filler,0.05139999836683273
Unguided retrieval,0.0,54,filler,0.06459999829530716
Unguided retrieval,0.0,55,filler,0.08699999749660492
Unguided retrieval,0.0,56,filler,0.12800000607967377
Unguided retrieval,0.0,57,filler,0.17659999430179596
Unguided retrieval,0.0,58,filler,0.24500000476837158
Unguided retrieval,0.0,59,filler,0.3343999981880188
Unguided retrieval,0.0,60,filler,0.41519999504089355
Unguided retrieval,0.0,61,filler,0.5393999814987183
Unguided retrieval,0.0,62,filler,0.6588000059127808
Unguided retrieval,0.0,63,filler,0.7833999991416931
Unguided retrieval,0.0,64,filler,0.864799976348877
Unguided retrieval,0.15,1,film,0.03180000185966492
Unguided retrieval,0.15,2,film,0.03759999945759773
Unguided retrieval,0.15,3,film,0.04479999840259552
Unguided retrieval,0.15,4,film,0.04859999939799309
Unguided retrieval,0.15,5,film,0.05959999933838844
Unguided retrieval,0.15,6,film,0.06719999760389328
Unguided retrieval,0.15,7,film,0.0674000009894371
Unguided retrieval,0.15,8,film,0.06340000033378601
Unguided retrieval,0.15,9,film,0.06960000097751617
Unguided retrieval,0.15,10,film,0.0722000002861023
Unguided retrieval,0.15,11,film,0.0697999969124794
Unguided retrieval,0.15,12,film,0.06939999759197235
Unguided retrieval,0.15,13,film,0.06159999966621399
Unguided retrieval,0.15,14,film,0.06400000303983688
Unguided retrieval,0.15,15,film,0.05900000035762787
Unguided retrieval,0.15,16,film,0.05640000104904175
Unguided retrieval,0.15,17,break,0.01600000075995922
Unguided retrieval,0.15,18,break,0.012799999676644802
Unguided retrieval,0.15,19,break,0.01119999960064888
Unguided retrieval,0.15,20,break,0.006599999964237213
Unguided retrieval,0.15,21,break,0.006000000052154064
Unguided retrieval,0.15,22,break,0.004399999976158142
Unguided retrieval,0.15,23,break,0.00419999985024333
Unguided retrieval,0.15,24,break,0.002199999988079071
Unguided retrieval,0.15,25,break,0.0012000000569969416
Unguided retrieval,0.15,26,break,0.0010000000474974513
Unguided retrieval,0.15,27,break,0.0012000000569969416
Unguided retrieval,0.15,28,break,0.0010000000474974513
Unguided retrieval,0.15,29,break,0.00039999998989515007
Unguided retrieval,0.15,30,break,0.0006000000284984708
Unguided retrieval,0.15,31,break,0.00039999998989515007
Unguided retrieval,0.15,32,break,0.00019999999494757503
Unguided retrieval,0.15,33,task,0.2590000033378601
Unguided retrieval,0.15,34,task,0.22759999334812164
Unguided retrieval,0.15,35,task,0.18160000443458557
Unguided retrieval,0.15,36,task,0.15860000252723694
Unguided retrieval,0.15,37,task,0.12720000743865967
Unguided retrieval,0.15,38,task,0.10400000214576721
Unguided retrieval,0.15,39,task,0.09520000219345093
Unguided retrieval,0.15,40,task,0.08820000290870667
Unguided retrieval,0.15,41,task,0.08500000089406967
Unguided retrieval,0.15,42,task,0.08879999816417694
Unguided retrieval,0.15,43,task,0.09139999747276306
Unguided retrieval,0.15,44,task,0.0957999974489212
Unguided retrieval,0.15,45,task,0.10779999941587448
Unguided retrieval,0.15,46,task,0.12759999930858612
Unguided retrieval,0.15,47,task,0.1467999964952469
Unguided retrieval,0.15,48,task,0.18459999561309814
Unguided retrieval,0.15,49,filler,0.02319999970495701
Unguided retrieval,0.15,50,filler,0.027000000700354576
Unguided retrieval,0.15,51,filler,0.03400000184774399
Unguided retrieval,0.15,52,filler,0.04839999973773956
Unguided retrieval,0.15,53,filler,0.05620000138878822
Unguided retrieval,0.15,54,filler,0.07999999821186066
Unguided retrieval,0.15,55,filler,0.09520000219345093
Unguided retrieval,0.15,56,filler,0.1387999951839447
Unguided retrieval,0.15,57,filler,0.17180000245571136
Unguided retrieval,0.15,58,filler,0.23019999265670776
Unguided retrieval,0.15,59,filler,0.3222000002861023
Unguided retrieval,0.15,60,filler,0.4142000079154968
Unguided retrieval,0.15,61,filler,0.5271999835968018
Unguided retrieval,0.15,62,filler,0.6462000012397766
Unguided retrieval,0.15,63,filler,0.7436000108718872
Unguided retrieval,0.15,64,filler,0.8345999717712402
Unguided retrieval,0.3,1,film,0.02199999988079071
Unguided retrieval,0.3,2,film,0.027799999341368675
Unguided retrieval,0.3,3,film,0.029400000348687172
Unguided retrieval,0.3,4,film,0.033399999141693115
Unguided retrieval,0.3,5,film,0.03759999945759773
Unguided retrieval,0.3,6,film,0.04580000042915344
Unguided retrieval,0.3,7,film,0.04839999973773956
Unguided retrieval,0.3,8,film,0.04699999839067459
Unguided retrieval,0.3,9,film,0.047200001776218414
Unguided retrieval,0.3,10,film,0.049800001084804535
Unguided retrieval,0.3,11,film,0.04919999837875366
Unguided retrieval,0.3,12,film,0.04639999940991402
Unguided retrieval,0.3,13,film,0.05139999836683273
Unguided retrieval,0.3,14,film,0.049400001764297485
Unguided retrieval,0.3,15,film,0.043800000101327896
Unguided retrieval,0.3,16,film,0.03880000114440918
Unguided retrieval,0.3,17,break,0.016599999740719795
Unguided retrieval,0.3,18,break,0.01080000028014183
Unguided retrieval,0.3,19,break,0.006000000052154064
Unguided retrieval,0.3,20,break,0.005200000014156103
Unguided retrieval,0.3,21,break,0.004999999888241291
Unguided retrieval,0.3,22,break,0.003599999938160181
Unguided retrieval,0.3,23,break,0.0020000000949949026
Unguided retrieval,0.3,24,break,0.00279999990016222
Unguided retrieval,0.3,25,break,0.002199999988079071
Unguided retrieval,0.3,26,break,0.0012000000569969416
Unguided retrieval,0.3,27,break,0.00039999998989515007
Unguided retrieval,0.3,28,break,0.00039999998989515007
Unguided retrieval,0.3,29,break,0.00039999998989515007
Unguided retrieval,0.3,30,break,0.00019999999494757503
Unguided retrieval,0.3,31,break,0.00019999999494757503
Unguided retrieval,0.3,32,break,0.00039999998989515007
Unguided retrieval,0.3,33,task,0.23100000619888306
Unguided retrieval,0.3,34,task,0.19939999282360077
Unguided retrieval,0.3,35,task,0.17579999566078186
Unguided retrieval,0.3,36,task,0.15719999372959137
Unguided retrieval,0.3,37,task,0.14239999651908875
Unguided retrieval,0.3,38,task,0.13040000200271606
Unguided retrieval,0.3,39,task,0.11999999731779099
Unguided retrieval,0.3,40,task,0.12680000066757202
Unguided retrieval,0.3,41,task,0.11699999868869781
Unguided retrieval,0.3,42,task,0.11659999936819077
Unguided retrieval,0.3,43,task,0.1306000053882599
Unguided retrieval,0.3,44,task,0.13580000400543213
Unguided retrieval,0.3,45,task,0.15360000729560852
Unguided retrieval,0.3,46,task,0.1746000051498413
Unguided retrieval,0.3,47,task,0.20319999754428864
Unguided retrieval,0.3,48,task,0.225600004196167
Unguided retrieval,0.3,49,filler,0.031599998474121094
Unguided retrieval,0.3,50,filler,0.030400000512599945
Unguided retrieval,0.3,51,filler,0.03920000046491623
Unguided retrieval,0.3,52,filler,0.053599998354911804
Unguided retrieval,0.3,53,filler,0.05860000103712082
Unguided retrieval,0.3,54,filler,0.0843999981880188
Unguided retrieval,0.3,55,filler,0.10999999940395355
Unguided retrieval,0.3,56,filler,0.1387999951839447
Unguided retrieval,0.3,57,filler,0.18039999902248383
Unguided retrieval,0.3,58,filler,0.25119999051094055
Unguided retrieval,0.3,59,filler,0.3206000030040741
Unguided retrieval,0.3,60,filler,0.40619999170303345
Unguided retrieval,0.3,61,filler,0.504800021648407
Unguided retrieval,0.3,62,filler,0.6259999871253967
Unguided retrieval,0.3,63,filler,0.7134000062942505
Unguided retrieval,0.3,64,filler,0.8058000206947327
Unguided retrieval,0.45,1,film,0.01640000008046627
Unguided retrieval,0.45,2,film,0.019200000911951065
Unguided retrieval,0.45,3,film,0.02539999969303608
Unguided retrieval,0.45,4,film,0.026599999517202377
Unguided retrieval,0.45,5,film,0.03220000118017197
Unguided retrieval,0.45,6,film,0.032999999821186066
Unguided retrieval,0.45,7,film,0.03500000014901161
Unguided retrieval,0.45,8,film,0.04039999842643738
Unguided retrieval,0.45,9,film,0.03819999843835831
Unguided retrieval,0.45,10,film,0.040800001472234726
Unguided retrieval,0.45,11,film,0.04179999977350235
Unguided retrieval,0.45,12,film,0.03519999980926514
Unguided retrieval,0.45,13,film,0.03779999911785126
Unguided retrieval,0.45,14,film,0.03700000047683716
Unguided retrieval,0.45,15,film,0.030799999833106995
Unguided retrieval,0.45,16,film,0.030799999833106995
Unguided retrieval,0.45,17,break,0.010400000028312206
Unguided retrieval,0.45,18,break,0.010200000368058681
Unguided retrieval,0.45,19,break,0.006800000090152025
Unguided retrieval,0.45,20,break,0.003800000064074993
Unguided retrieval,0.45,21,break,0.0031999999191612005
Unguided retrieval,0.45,22,break,0.003599999938160181
Unguided retrieval,0.45,23,break,0.00139999995008111
Unguided retrieval,0.45,24,break,0.0010000000474974513
Unguided retrieval,0.45,25,break,0.0007999999797903001
Unguided retrieval,0.45,26,break,0.0006000000284984708
Unguided retrieval,0.45,27,break,0.00019999999494757503
Unguided retrieval,0.45,28,break,0.0007999999797903001
Unguided retrieval,0.45,29,break,0.00039999998989515007
Unguided retrieval,0.45,30,break,0.0006000000284984708
Unguided retrieval,0.45,31,break,0.00019999999494757503
Unguided retrieval,0.45,32,break,0.00019999999494757503
Unguided retrieval,0.45,33,task,0.19979999959468842
Unguided retrieval,0.45,34,task,0.1858000010251999
Unguided retrieval,0.45,35,task,0.17599999904632568
Unguided retrieval,0.45,36,task,0.16539999842643738
Unguided retrieval,0.45,37,task,0.1615999937057495
Unguided retrieval,0.45,38,task,0.15139999985694885
Unguided retrieval,0.45,39,task,0.1477999985218048
Unguided retrieval,0.45,40,task,0.14920000731945038
Unguided retrieval,0.45,41,task,0.1501999944448471
Unguided retrieval,0.45,42,task,0.15160000324249268
Unguided retrieval,0.45,43,task,0.1695999950170517
Unguided retrieval,0.45,44,task,0.18060000240802765
Unguided retrieval,0.45,45,task,0.19480000436306
Unguided retrieval,0.45,46,task,0.21119999885559082
Unguided retrieval,0.45,47,task,0.23520000278949738
Unguided retrieval,0.45,48,task,0.2727999985218048
Unguided retrieval,0.45,49,filler,0.03739999979734421
Unguided retrieval,0.45,50,filler,0.03519999980926514
Unguided retrieval,0.45,51,filler,0.05000000074505806
Unguided retrieval,0.45,52,filler,0.0560000017285347
Unguided retrieval,0.45,53,filler,0.06300000101327896
Unguided retrieval,0.45,54,filler,0.08259999752044678
Unguided retrieval,0.45,55,filler,0.11020000278949738
Unguided retrieval,0.45,56,filler,0.14079999923706055
Unguided retrieval,0.45,57,filler,0.16840000450611115
Unguided retrieval,0.45,58,filler,0.24619999527931213
Unguided retrieval,0.45,59,filler,0.3208000063896179
Unguided retrieval,0.45,60,filler,0.39239999651908875
Unguided retrieval,0.45,61,filler,0.4814000129699707
Unguided retrieval,0.45,62,filler,0.597000002861023
Unguided retrieval,0.45,63,filler,0.6930000185966492
Unguided retrieval,0.45,64,filler,0.7638000249862671
Unguided retrieval,0.6,1,film,0.012600000016391277
Unguided retrieval,0.6,2,film,0.015799999237060547
Unguided retrieval,0.6,3,film,0.01679999940097332
Unguided retrieval,0.6,4,film,0.023399999365210533
Unguided retrieval,0.6,5,film,0.024399999529123306
Unguided retrieval,0.6,6,film,0.023600000888109207
Unguided retrieval,0.6,7,film,0.027400000020861626
Unguided retrieval,0.6,8,film,0.030400000512599945
Unguided retrieval,0.6,9,film,0.03240000084042549
Unguided retrieval,0.6,10,film,0.03200000151991844
Unguided retrieval,0.6,11,film,0.02979999966919422
Unguided retrieval,0.6,12,film,0.029999999329447746
Unguided retrieval,0.6,13,film,0.026599999517202377
Unguided retrieval,0.6,14,film,0.029999999329447746
Unguided retrieval,0.6,15,film,0.027400000020861626
Unguided retrieval,0.6,16,film,0.024800000712275505
Unguided retrieval,0.6,17,break,0.014800000004470348
Unguided retrieval,0.6,18,break,0.00800000037997961
Unguided retrieval,0.6,19,break,0.006800000090152025
Unguided retrieval,0.6,20,break,0.004000000189989805
Unguided retrieval,0.6,21,break,0.003800000064074993
Unguided retrieval,0.6,22,break,0.0017999999690800905
Unguided retrieval,0.6,23,break,0.0020000000949949026
Unguided retrieval,0.6,24,break,0.00139999995008111
Unguided retrieval,0.6,25,break,0.0012000000569969416
Unguided retrieval,0.6,26,break,0.00039999998989515007
Unguided retrieval,0.6,27,break,0.0006000000284984708
Unguided retrieval,0.6,28,break,0.0
Unguided retrieval,0.6,29,break,0.00039999998989515007
Unguided retrieval,0.6,30,break,0.00039999998989515007
Unguided retrieval,0.6,31,break,0.00019999999494757503
Unguided retrieval,0.6,32,break,0.0
Unguided retrieval,0.6,33,task,0.17839999496936798
Unguided retrieval,0.6,34,task,0.17499999701976776
Unguided retrieval,0.6,35,task,0.16859999299049377
Unguided retrieval,0.6,36,task,0.16439999639987946
Unguided retrieval,0.6,37,task,0.15479999780654907
Unguided retrieval,0.6,38,task,0.155799999833107
Unguided retrieval,0.6,39,task,0.1624000072479248
Unguided retrieval,0.6,40,task,0.16220000386238098
Unguided retrieval,0.6,41,task,0.17159999907016754
Unguided retrieval,0.6,42,task,0.1850000023841858
Unguided retrieval,0.6,43,task,0.20059999823570251
Unguided retrieval,0.6,44,task,0.21580000221729279
Unguided retrieval,0.6,45,task,0.2290000021457672
Unguided retrieval,0.6,46,task,0.2596000134944916
Unguided retrieval,0.6,47,task,0.2782000005245209
Unguided retrieval,0.6,48,task,0.30140000581741333
Unguided retrieval,0.6,49,filler,0.043800000101327896
Unguided retrieval,0.6,50,filler,0.0430000014603138
Unguided retrieval,0.6,51,filler,0.04560000076889992
Unguided retrieval,0.6,52,filler,0.0575999990105629
Unguided retrieval,0.6,53,filler,0.07159999758005142
Unguided retrieval,0.6,54,filler,0.0828000009059906
Unguided retrieval,0.6,55,filler,0.10819999873638153
Unguided retrieval,0.6,56,filler,0.1444000005722046
Unguided retrieval,0.6,57,filler,0.186599999666214
Unguided retrieval,0.6,58,filler,0.2303999960422516
Unguided retrieval,0.6,59,filler,0.3043999969959259
Unguided retrieval,0.6,60,filler,0.38019999861717224
Unguided retrieval,0.6,61,filler,0.4607999920845032
Unguided retrieval,0.6,62,filler,0.5544000267982483
Unguided retrieval,0.6,63,filler,0.6600000262260437
Unguided retrieval,0.6,64,filler,0.7196000218391418
Unguided retrieval,0.75,1,film,0.00839999970048666
Unguided retrieval,0.75,2,film,0.010400000028312206
Unguided retrieval,0.75,3,film,0.013799999840557575
Unguided retrieval,0.75,4,film,0.014999999664723873
Unguided retrieval,0.75,5,film,0.015599999576807022
Unguided retrieval,0.75,6,film,0.022600000724196434
Unguided retrieval,0.75,7,film,0.022199999541044235
Unguided retrieval,0.75,8,film,0.020999999716877937
Unguided retrieval,0.75,9,film,0.01940000057220459
Unguided retrieval,0.75,10,film,0.020999999716877937
Unguided retrieval,0.75,11,film,0.018799999728798866
Unguided retrieval,0.75,12,film,0.020999999716877937
Unguided retrieval,0.75,13,film,0.02199999988079071
Unguided retrieval,0.75,14,film,0.020600000396370888
Unguided retrieval,0.75,15,film,0.020800000056624413
Unguided retrieval,0.75,16,film,0.018400000408291817
Unguided retrieval,0.75,17,break,0.011800000444054604
Unguided retrieval,0.75,18,break,0.007000000216066837
Unguided retrieval,0.75,19,break,0.002400000113993883
Unguided retrieval,0.75,20,break,0.00279999990016222
Unguided retrieval,0.75,21,break,0.00279999990016222
Unguided retrieval,0.75,22,break,0.0031999999191612005
Unguided retrieval,0.75,23,break,0.0012000000569969416
Unguided retrieval,0.75,24,break,0.0010000000474974513
Unguided retrieval,0.75,25,break,0.0007999999797903001
Unguided retrieval,0.75,26,break,0.0010000000474974513
Unguided retrieval,0.75,27,break,0.00039999998989515007
Unguided retrieval,0.75,28,break,0.0006000000284984708
Unguided retrieval,0.75,29,break,0.00039999998989515007
Unguided retrieval,0.75,30,break,0.0
Unguided retrieval,0.75,31,break,0.00019999999494757503
Unguided retrieval,0.75,32,break,0.00019999999494757503
Unguided retrieval,0.75,33,task,0.1436000019311905
Unguided retrieval,0.75,34,task,0.15160000324249268
Unguided retrieval,0.75,35,task,0.15060000121593475
Unguided retrieval,0.75,36,task,0.15760000050067902
Unguided retrieval,0.75,37,task,0.16779999434947968
Unguided retrieval,0.75,38,task,0.16459999978542328
Unguided retrieval,0.75,39,task,0.17419999837875366
Unguided retrieval,0.75,40,task,0.18459999561309814
Unguided retrieval,0.75,41,task,0.1899999976158142
Unguided retrieval,0.75,42,task,0.19419999420642853
Unguided retrieval,0.75,43,task,0.21719999611377716
Unguided retrieval,0.75,44,task,0.25040000677108765
Unguided retrieval,0.75,45,task,0.25119999051094055
Unguided retrieval,0.75,46,task,0.27219998836517334
Unguided retrieval,0.75,47,task,0.31139999628067017
Unguided retrieval,0.75,48,task,0.33739998936653137
Unguided retrieval,0.75,49,filler,0.044599998742341995
Unguided retrieval,0.75,50,filler,0.04540000110864639
Unguided retrieval,0.75,51,filler,0.05660000070929527
Unguided retrieval,0.75,52,filler,0.06019999831914902
Unguided retrieval,0.75,53,filler,0.066600002348423
Unguided retrieval,0.75,54,filler,0.08720000088214874
Unguided retrieval,0.75,55,filler,0.11720000207424164
Unguided retrieval,0.75,56,filler,0.15119999647140503
Unguided retrieval,0.75,57,filler,0.17800000309944153
Unguided retrieval,0.75,58,filler,0.23100000619888306
Unguided retrieval,0.75,59,filler,0.2856000065803528
Unguided retrieval,0.75,60,filler,0.36719998717308044
Unguided retrieval,0.75,61,filler,0.4551999866962433
Unguided retrieval,0.75,62,filler,0.5278000235557556
Unguided retrieval,0.75,63,filler,0.6126000285148621
Unguided retrieval,0.75,64,filler,0.6851999759674072
Unguided retrieval,0.9,1,film,0.005799999926239252
Unguided retrieval,0.9,2,film,0.00800000037997961
Unguided retrieval,0.9,3,film,0.009600000455975533
Unguided retrieval,0.9,4,film,0.012199999764561653
Unguided retrieval,0.9,5,film,0.012000000104308128
Unguided retrieval,0.9,6,film,0.014399999752640724
Unguided retrieval,0.9,7,film,0.016200000420212746
Unguided retrieval,0.9,8,film,0.013399999588727951
Unguided retrieval,0.9,9,film,0.014800000004470348
Unguided retrieval,0.9,10,film,0.017799999564886093
Unguided retrieval,0.9,11,film,0.01600000075995922
Unguided retrieval,0.9,12,film,0.017799999564886093
Unguided retrieval,0.9,13,film,0.017000000923871994
Unguided retrieval,0.9,14,film,0.02019999921321869
Unguided retrieval,0.9,15,film,0.01899999938905239
Unguided retrieval,0.9,16,film,0.015599999576807022
Unguided retrieval,0.9,17,break,0.007799999788403511
Unguided retrieval,0.9,18,break,0.006200000178068876
Unguided retrieval,0.9,19,break,0.004399999976158142
Unguided retrieval,0.9,20,break,0.003599999938160181
Unguided retrieval,0.9,21,break,0.00279999990016222
Unguided retrieval,0.9,22,break,0.0015999999595806003
Unguided retrieval,0.9,23,break,0.0006000000284984708
Unguided retrieval,0.9,24,break,0.0006000000284984708
Unguided retrieval,0.9,25,break,0.0006000000284984708
Unguided retrieval,0.9,26,break,0.0006000000284984708
Unguided retrieval,0.9,27,break,0.0010000000474974513
Unguided retrieval,0.9,28,break,0.00039999998989515007
Unguided retrieval,0.9,29,break,0.0007999999797903001
Unguided retrieval,0.9,30,break,0.00019999999494757503
Unguided retrieval,0.9,31,break,0.00019999999494757503
Unguided retrieval,0.9,32,break,0.0
Unguided retrieval,0.9,33,task,0.13920000195503235
Unguided retrieval,0.9,34,task,0.14100000262260437
Unguided retrieval,0.9,35,task,0.1477999985218048
Unguided retrieval,0.9,36,task,0.15940000116825104
Unguided retrieval,0.9,37,task,0.16500000655651093
Unguided retrieval,0.9,38,task,0.17080000042915344
Unguided retrieval,0.9,39,task,0.17960000038146973
Unguided retrieval,0.9,40,task,0.19179999828338623
Unguided retrieval,0.9,41,task,0.2078000009059906
Unguided retrieval,0.9,42,task,0.22100000083446503
Unguided retrieval,0.9,43,task,0.2409999966621399
Unguided retrieval,0.9,44,task,0.2502000033855438
Unguided retrieval,0.9,45,task,0.26899999380111694
Unguided retrieval,0.9,46,task,0.305400013923645
Unguided retrieval,0.9,47,task,0.32420000433921814
Unguided retrieval,0.9,48,task,0.3522000014781952
Unguided retrieval,0.9,49,filler,0.05480000004172325
Unguided retrieval,0.9,50,filler,0.050599999725818634
Unguided retrieval,0.9,51,filler,0.05779999867081642
Unguided retrieval,0.9,52,filler,0.06159999966621399
Unguided retrieval,0.9,53,filler,0.06379999965429306
Unguided retrieval,0.9,54,filler,0.09380000084638596
Unguided retrieval,0.9,55,filler,0.11840000003576279
Unguided retrieval,0.9,56,filler,0.13699999451637268
Unguided retrieval,0.9,57,filler,0.18060000240802765
Unguided retrieval,0.9,58,filler,0.23280000686645508
Unguided retrieval,0.9,59,filler,0.30300000309944153
Unguided retrieval,0.9,60,filler,0.3628000020980835
Unguided retrieval,0.9,61,filler,0.4498000144958496
Unguided retrieval,0.9,62,filler,0.5260000228881836
Unguided retrieval,0.9,63,filler,0.600600004196167
Unguided retrieval,0.9,64,filler,0.6733999848365784
Unguided retrieval,1.0,1,film,0.007400000002235174
Unguided retrieval,1.0,2,film,0.010200000368058681
Unguided retrieval,1.0,3,film,0.009200000204145908
Unguided retrieval,1.0,4,film,0.009800000116229057
Unguided retrieval,1.0,5,film,0.01360000018030405
Unguided retrieval,1.0,6,film,0.010599999688565731
Unguided retrieval,1.0,7,film,0.012799999676644802
Unguided retrieval,1.0,8,film,0.016200000420212746
Unguided retrieval,1.0,9,film,0.014800000004470348
Unguided retrieval,1.0,10,film,0.013000000268220901
Unguided retrieval,1.0,11,film,0.014399999752640724
Unguided retrieval,1.0,12,film,0.014000000432133675
Unguided retrieval,1.0,13,film,0.013199999928474426
Unguided retrieval,1.0,14,film,0.012000000104308128
Unguided retrieval,1.0,15,film,0.014800000004470348
Unguided retrieval,1.0,16,film,0.012799999676644802
Unguided retrieval,1.0,17,break,0.008799999952316284
Unguided retrieval,1.0,18,break,0.006800000090152025
Unguided retrieval,1.0,19,break,0.002400000113993883
Unguided retrieval,1.0,20,break,0.003800000064074993
Unguided retrieval,1.0,21,break,0.002400000113993883
Unguided retrieval,1.0,22,break,0.002400000113993883
Unguided retrieval,1.0,23,break,0.00139999995008111
Unguided retrieval,1.0,24,break,0.00139999995008111
Unguided retrieval,1.0,25,break,0.0006000000284984708
Unguided retrieval,1.0,26,break,0.0007999999797903001
Unguided retrieval,1.0,27,break,0.0006000000284984708
Unguided retrieval,1.0,28,break,0.00019999999494757503
Unguided retrieval,1.0,29,break,0.00039999998989515007
Unguided retrieval,1.0,30,break,0.00039999998989515007
Unguided retrieval,1.0,31,break,0.00039999998989515007
Unguided retrieval,1.0,32,break,0.0006000000284984708
Unguided retrieval,1.0,33,task,0.12439999729394913
Unguided retrieval,1.0,34,task,0.1298000067472458
Unguided retrieval,1.0,35,task,0.1526000052690506
Unguided retrieval,1.0,36,task,0.1615999937057495
Unguided retrieval,1.0,37,task,0.16680000722408295
Unguided retrieval,1.0,38,task,0.16680000722408295
Unguided retrieval,1.0,39,task,0.18520000576972961
Unguided retrieval,1.0,40,task,0.20000000298023224
Unguided retrieval,1.0,41,task,0.20919999480247498
Unguided retrieval,1.0,42,task,0.22599999606609344
Unguided retrieval,1.0,43,task,0.24979999661445618
Unguided retrieval,1.0,44,task,0.2630000114440918
Unguided retrieval,1.0,45,task,0.28439998626708984
Unguided retrieval,1.0,46,task,0.3091999888420105
Unguided retrieval,1.0,47,task,0.33959999680519104
Unguided retrieval,1.0,48,task,0.3625999987125397
Unguided retrieval,1.0,49,filler,0.05900000035762787
Unguided retrieval,1.0,50,filler,0.052799999713897705
Unguided retrieval,1.0,51,filler,0.05660000070929527
Unguided retrieval,1.0,52,filler,0.0689999982714653
Unguided retrieval,1.0,53,filler,0.07259999960660934
Unguided retrieval,1.0,54,filler,0.09120000153779984
Unguided retrieval,1.0,55,filler,0.11339999735355377
Unguided retrieval,1.0,56,filler,0.1371999979019165
Unguided retrieval,1.0,57,filler,0.18459999561309814
Unguided retrieval,1.0,58,filler,0.22280000150203705
Unguided retrieval,1.0,59,filler,0.28439998626708984
Unguided retrieval,1.0,60,filler,0.3407999873161316
Unguided retrieval,1.0,61,filler,0.4214000105857849
Unguided retrieval,1.0,62,filler,0.4950000047683716
Unguided retrieval,1.0,63,filler,0.573199987411499
Unguided retrieval,1.0,64,filler,0.649399995803833
Deliberate recall,0.0,1,film,0.5088000297546387
Deliberate recall,0.0,2,film,0.4406000077724457
Deliberate recall,0.0,3,film,0.39739999175071716
Deliberate recall,0.0,4,film,0.39100000262260437
Deliberate recall,0.0,5,film,0.3765999972820282
Deliberate recall,0.0,6,film,0.3643999993801117
Deliberate recall,0.0,7,film,0.34619998931884766
Deliberate recall,0.0,8,film,0.3188000023365021
Deliberate recall,0.0,9,film,0.303600013256073
Deliberate recall,0.0,10,film,0.2856000065803528
Deliberate recall,0.0,11,film,0.2703999876976013
Deliberate recall,0.0,12,film,0.22120000422000885
Deliberate recall,0.0,13,film,0.21160000562667847
Deliberate recall,0.0,14,film,0.17159999907016754
Deliberate recall,0.0,15,film,0.15860000252723694
Deliberate recall,0.0,16,film,0.13600000739097595
Deliberate recall,0.0,17,break,0.05000000074505806
Deliberate recall,0.0,18,break,0.030400000512599945
Deliberate recall,0.0,19,break,0.018200000748038292
Deliberate recall,0.0,20,break,0.014000000432133675
Deliberate recall,0.0,21,break,0.007400000002235174
Deliberate recall,0.0,22,break,0.006200000178068876
Deliberate recall,0.0,23,break,0.003000000026077032
Deliberate recall,0.0,24,break,0.00279999990016222
Deliberate recall,0.0,25,break,0.0020000000949949026
Deliberate recall,0.0,26,break,0.0006000000284984708
Deliberate recall,0.0,27,break,0.0015999999595806003
Deliberate recall,0.0,28,break,0.0006000000284984708
Deliberate recall,0.0,29,break,0.00019999999494757503
Deliberate recall,0.0,30,break,0.0006000000284984708
Deliberate recall,0.0,31,break,0.0
Deliberate recall,0.0,32,break,0.00039999998989515007
Deliberate recall,0.0,33,task,0.5482000112533569
Deliberate recall,0.0,34,task,0.4323999881744385
Deliberate recall,0.0,35,task,0.32339999079704285
Deliberate recall,0.0,36,task,0.24060000479221344
Deliberate recall,0.0,37,task,0.16599999368190765
Deliberate recall,0.0,38,task,0.11900000274181366
Deliberate recall,0.0,39,task,0.08579999953508377
Deliberate recall,0.0,40,task,0.0714000016450882
Deliberate recall,0.0,41,task,0.04960000142455101
Deliberate recall,0.0,42,task,0.035599999129772186
Deliberate recall,0.0,43,task,0.027400000020861626
Deliberate recall,0.0,44,task,0.01899999938905239
Deliberate recall,0.0,45,task,0.020400000736117363
Deliberate recall,0.0,46,task,0.01720000058412552
Deliberate recall,0.0,47,task,0.015399999916553497
Deliberate recall,0.0,48,task,0.01940000057220459
Deliberate recall,0.0,49,filler,0.0007999999797903001
Deliberate recall,0.0,50,filler,0.0012000000569969416
Deliberate recall,0.0,51,filler,0.0034000000450760126
Deliberate recall,0.0,52,filler,0.002199999988079071
Deliberate recall,0.0,53,filler,0.004000000189989805
Deliberate recall,0.0,54,filler,0.003599999938160181
Deliberate recall,0.0,55,filler,0.007600000128149986
Deliberate recall,0.0,56,filler,0.007799999788403511
Deliberate recall,0.0,57,filler,0.012600000016391277
Deliberate recall,0.0,58,filler,0.01679999940097332
Deliberate recall,0.0,59,filler,0.02160000056028366
Deliberate recall,0.0,60,filler,0.03099999949336052
Deliberate recall,0.0,61,filler,0.04919999837875366
Deliberate recall,0.0,62,filler,0.060600001364946365
Deliberate recall,0.0,63,filler,0.08479999750852585
Deliberate recall,0.0,64,filler,0.12939999997615814
Deliberate recall,0.15,1,film,0.4814000129699707
Deliberate recall,0.15,2,film,0.4147999882698059
Deliberate recall,0.15,3,film,0.3944000005722046
Deliberate recall,0.15,4,film,0.38499999046325684
Deliberate recall,0.15,5,film,0.3467999994754791
Deliberate recall,0.15,6,film,0.3357999920845032
Deliberate recall,0.15,7,film,0.3156000077724457
Deliberate recall,0.15,8,film,0.2971999943256378
Deliberate recall,0.15,9,film,0.28139999508857727
Deliberate recall,0.15,10,film,0.2637999951839447
Deliberate recall,0.15,11,film,0.23999999463558197
Deliberate recall,0.15,12,film,0.2085999995470047
Deliberate recall,0.15,13,film,0.1907999962568283
Deliberate recall,0.15,14,film,0.16840000450611115
Deliberate recall,0.15,15,film,0.1395999938249588
Deliberate recall,0.15,16,film,0.12880000472068787
Deliberate recall,0.15,17,break,0.047200001776218414
Deliberate recall,0.15,18,break,0.03319999948143959
Deliberate recall,0.15,19,break,0.01899999938905239
Deliberate recall,0.15,20,break,0.012199999764561653
Deliberate recall,0.15,21,break,0.010999999940395355
Deliberate recall,0.15,22,break,0.005400000140070915
Deliberate recall,0.15,23,break,0.003800000064074993
Deliberate recall,0.15,24,break,0.003800000064074993
Deliberate recall,0.15,25,break,0.0020000000949949026
Deliberate recall,0.15,26,break,0.002199999988079071
Deliberate recall,0.15,27,break,0.0006000000284984708
Deliberate recall,0.15,28,break,0.0006000000284984708
Deliberate recall,0.15,29,break,0.0
Deliberate recall,0.15,30,break,0.00019999999494757503
Deliberate recall,0.15,31,break,0.0006000000284984708
Deliberate recall,0.15,32,break,0.0
Deliberate recall,0.15,33,task,0.5329999923706055
Deliberate recall,0.15,34,task,0.4465999901294708
Deliberate recall,0.15,35,task,0.34220001101493835
Deliberate recall,0.15,36,task,0.26460000872612
Deliberate recall,0.15,37,task,0.19679999351501465
Deliberate recall,0.15,38,task,0.15279999375343323
Deliberate recall,0.15,39,task,0.11699999868869781
Deliberate recall,0.15,40,task,0.0835999995470047
Deliberate recall,0.15,41,task,0.07419999688863754
Deliberate recall,0.15,42,task,0.04960000142455101
Deliberate recall,0.15,43,task,0.03700000047683716
Deliberate recall,0.15,44,task,0.03440000116825104
Deliberate recall,0.15,45,task,0.027400000020861626
Deliberate recall,0.15,46,task,0.0272000003606081
Deliberate recall,0.15,47,task,0.027000000700354576
Deliberate recall,0.15,48,task,0.02319999970495701
Deliberate recall,0.15,49,filler,0.002199999988079071
Deliberate recall,0.15,50,filler,0.0017999999690800905
Deliberate recall,0.15,51,filler,0.003599999938160181
Deliberate recall,0.15,52,filler,0.0026000000070780516
Deliberate recall,0.15,53,filler,0.005200000014156103
Deliberate recall,0.15,54,filler,0.005400000140070915
Deliberate recall,0.15,55,filler,0.006599999964237213
Deliberate recall,0.15,56,filler,0.01140000019222498
Deliberate recall,0.15,57,filler,0.014399999752640724
Deliberate recall,0.15,58,filler,0.017799999564886093
Deliberate recall,0.15,59,filler,0.02759999968111515
Deliberate recall,0.15,60,filler,0.03779999911785126
Deliberate recall,0.15,61,filler,0.05079999938607216
Deliberate recall,0.15,62,filler,0.06400000303983688
Deliberate recall,0.15,63,filler,0.09319999814033508
Deliberate recall,0.15,64,filler,0.1234000027179718
Deliberate recall,0.3,1,film,0.47040000557899475
Deliberate recall,0.3,2,film,0.3837999999523163
Deliberate recall,0.3,3,film,0.3424000144004822
Deliberate recall,0.3,4,film,0.3352000117301941
Deliberate recall,0.3,5,film,0.3203999996185303
Deliberate recall,0.3,6,film,0.30160000920295715
Deliberate recall,0.3,7,film,0.29420000314712524
Deliberate recall,0.3,8,film,0.2635999917984009
Deliberate recall,0.3,9,film,0.23999999463558197
Deliberate recall,0.3,10,film,0.23520000278949738
Deliberate recall,0.3,11,film,0.21060000360012054
Deliberate recall,0.3,12,film,0.18199999630451202
Deliberate recall,0.3,13,film,0.1664000004529953
Deliberate recall,0.3,14,film,0.13259999454021454
Deliberate recall,0.3,15,film,0.11819999665021896
Deliberate recall,0.3,16,film,0.11580000072717667
Deliberate recall,0.3,17,break,0.04399999976158142
Deliberate recall,0.3,18,break,0.026799999177455902
Deliberate recall,0.3,19,break,0.01940000057220459
Deliberate recall,0.3,20,break,0.011800000444054604
Deliberate recall,0.3,21,break,0.007400000002235174
Deliberate recall,0.3,22,break,0.006000000052154064
Deliberate recall,0.3,23,break,0.006200000178068876
Deliberate recall,0.3,24,break,0.002400000113993883
Deliberate recall,0.3,25,break,0.0015999999595806003
Deliberate recall,0.3,26,break,0.002199999988079071
Deliberate recall,0.3,27,break,0.00039999998989515007
Deliberate recall,0.3,28,break,0.0006000000284984708
Deliberate recall,0.3,29,break,0.0007999999797903001
Deliberate recall,0.3,30,break,0.0
Deliberate recall,0.3,31,break,0.00019999999494757503
Deliberate recall,0.3,32,break,0.00019999999494757503
Deliberate recall,0.3,33,task,0.5234000086784363
Deliberate recall,0.3,34,task,0.45159998536109924
Deliberate recall,0.3,35,task,0.36820000410079956
Deliberate recall,0.3,36,task,0.29660001397132874
Deliberate recall,0.3,37,task,0.25519999861717224
Deliberate recall,0.3,38,task,0.19820000231266022
Deliberate recall,0.3,39,task,0.16140000522136688
Deliberate recall,0.3,40,task,0.12479999661445618
Deliberate recall,0.3,41,task,0.09619999676942825
Deliberate recall,0.3,42,task,0.08179999887943268
Deliberate recall,0.3,43,task,0.06939999759197235
Deliberate recall,0.3,44,task,0.055399999022483826
Deliberate recall,0.3,45,task,0.0421999990940094
Deliberate recall,0.3,46,task,0.04320000112056732
Deliberate recall,0.3,47,task,0.04320000112056732
Deliberate recall,0.3,48,task,0.0406000018119812
Deliberate recall,0.3,49,filler,0.00419999985024333
Deliberate recall,0.3,50,filler,0.004800000227987766
Deliberate recall,0.3,51,filler,0.003000000026077032
Deliberate recall,0.3,52,filler,0.005799999926239252
Deliberate recall,0.3,53,filler,0.006399999838322401
Deliberate recall,0.3,54,filler,0.008799999952316284
Deliberate recall,0.3,55,filler,0.009200000204145908
Deliberate recall,0.3,56,filler,0.012600000016391277
Deliberate recall,0.3,57,filler,0.013000000268220901
Deliberate recall,0.3,58,filler,0.022199999541044235
Deliberate recall,0.3,59,filler,0.03060000017285347
Deliberate recall,0.3,60,filler,0.04100000113248825
Deliberate recall,0.3,61,filler,0.05700000002980232
Deliberate recall,0.3,62,filler,0.07580000162124634
Deliberate recall,0.3,63,filler,0.10180000215768814
Deliberate recall,0.3,64,filler,0.1306000053882599
Deliberate recall,0.45,1,film,0.430400013923645
Deliberate recall,0.45,2,film,0.3529999852180481
Deliberate recall,0.45,3,film,0.3312000036239624
Deliberate recall,0.45,4,film,0.3009999990463257
Deliberate recall,0.45,5,film,0.2962000072002411
Deliberate recall,0.45,6,film,0.2777999937534332
Deliberate recall,0.45,7,film,0.25040000677108765
Deliberate recall,0.45,8,film,0.2240000069141388
Deliberate recall,0.45,9,film,0.2125999927520752
Deliberate recall,0.45,10,film,0.1881999969482422
Deliberate recall,0.45,11,film,0.16940000653266907
Deliberate recall,0.45,12,film,0.1534000039100647
Deliberate recall,0.45,13,film,0.14800000190734863
Deliberate recall,0.45,14,film,0.12099999934434891
Deliberate recall,0.45,15,film,0.11259999871253967
Deliberate recall,0.45,16,film,0.10119999945163727
Deliberate recall,0.45,17,break,0.03999999910593033
Deliberate recall,0.45,18,break,0.0272000003606081
Deliberate recall,0.45,19,break,0.01860000006854534
Deliberate recall,0.45,20,break,0.01080000028014183
Deliberate recall,0.45,21,break,0.007199999876320362
Deliberate recall,0.45,22,break,0.006399999838322401
Deliberate recall,0.45,23,break,0.0034000000450760126
Deliberate recall,0.45,24,break,0.00279999990016222
Deliberate recall,0.45,25,break,0.0017999999690800905
Deliberate recall,0.45,26,break,0.0017999999690800905
Deliberate recall,0.45,27,break,0.0010000000474974513
Deliberate recall,0.45,28,break,0.0006000000284984708
Deliberate recall,0.45,29,break,0.00019999999494757503
Deliberate recall,0.45,30,break,0.00019999999494757503
Deliberate recall,0.45,31,break,0.00039999998989515007
Deliberate recall,0.45,32,break,0.0
Deliberate recall,0.45,33,task,0.4918000102043152
Deliberate recall,0.45,34,task,0.4357999861240387
Deliberate recall,0.45,35,task,0.3862000107765198
Deliberate recall,0.45,36,task,0.33160001039505005
Deliberate recall,0.45,37,task,0.27079999446868896
Deliberate recall,0.45,38,task,0.23919999599456787
Deliberate recall,0.45,39,task,0.20020000636577606
Deliberate recall,0.45,40,task,0.17080000042915344
Deliberate recall,0.45,41,task,0.13660000264644623
Deliberate recall,0.45,42,task,0.11760000139474869
Deliberate recall,0.45,43,task,0.09799999743700027
Deliberate recall,0.45,44,task,0.08720000088214874
Deliberate recall,0.45,45,task,0.07500000298023224
Deliberate recall,0.45,46,task,0.0714000016450882
Deliberate recall,0.45,47,task,0.0697999969124794
Deliberate recall,0.45,48,task,0.06459999829530716
Deliberate recall,0.45,49,filler,0.006000000052154064
Deliberate recall,0.45,50,filler,0.004600000102072954
Deliberate recall,0.45,51,filler,0.006399999838322401
Deliberate recall,0.45,52,filler,0.006599999964237213
Deliberate recall,0.45,53,filler,0.00800000037997961
Deliberate recall,0.45,54,filler,0.00839999970048666
Deliberate recall,0.45,55,filler,0.010400000028312206
Deliberate recall,0.45,56,filler,0.014800000004470348
Deliberate recall,0.45,57,filler,0.02419999986886978
Deliberate recall,0.45,58,filler,0.027400000020861626
Deliberate recall,0.45,59,filler,0.03460000082850456
Deliberate recall,0.45,60,filler,0.046799998730421066
Deliberate recall,0.45,61,filler,0.06040000170469284
Deliberate recall,0.45,62,filler,0.08959999680519104
Deliberate recall,0.45,63,filler,0.10660000145435333
Deliberate recall,0.45,64,filler,0.13819999992847443
Deliberate recall,0.6,1,film,0.3962000012397766
Deliberate recall,0.6,2,film,0.3314000070095062
Deliberate recall,0.6,3,film,0.2939999997615814
Deliberate recall,0.6,4,film,0.2797999978065491
Deliberate recall,0.6,5,film,0.2754000127315521
Deliberate recall,0.6,6,film,0.23080000281333923
Deliberate recall,0.6,7,film,0.22059999406337738
Deliberate recall,0.6,8,film,0.20340000092983246
Deliberate recall,0.6,9,film,0.17880000174045563
Deliberate recall,0.6,10,film,0.1671999990940094
Deliberate recall,0.6,11,film,0.14800000190734863
Deliberate recall,0.6,12,film,0.13519999384880066
Deliberate recall,0.6,13,film,0.11460000276565552
Deliberate recall,0.6,14,film,0.10419999808073044
Deliberate recall,0.6,15,film,0.09860000014305115
Deliberate recall,0.6,16,film,0.07660000026226044
Deliberate recall,0.6,17,break,0.03020000085234642
Deliberate recall,0.6,18,break,0.021199999377131462
Deliberate recall,0.6,19,break,0.016599999740719795
Deliberate recall,0.6,20,break,0.013000000268220901
Deliberate recall,0.6,21,break,0.00839999970048666
Deliberate recall,0.6,22,break,0.005200000014156103
Deliberate recall,0.6,23,break,0.004000000189989805
Deliberate recall,0.6,24,break,0.0031999999191612005
Deliberate recall,0.6,25,break,0.0012000000569969416
Deliberate recall,0.6,26,break,0.0007999999797903001
Deliberate recall,0.6,27,break,0.0010000000474974513
Deliberate recall,0.6,28,break,0.00039999998989515007
Deliberate recall,0.6,29,break,0.0
Deliberate recall,0.6,30,break,0.00019999999494757503
Deliberate recall,0.6,31,break,0.00019999999494757503
Deliberate recall,0.6,32,break,0.0
Deliberate recall,0.6,33,task,0.4487999975681305
Deliberate recall,0.6,34,task,0.41600000858306885
Deliberate recall,0.6,35,task,0.3815999925136566
Deliberate recall,0.6,36,task,0.3384000062942505
Deliberate recall,0.6,37,task,0.2924000024795532
Deliberate recall,0.6,38,task,0.25920000672340393
Deliberate recall,0.6,39,task,0.23960000276565552
Deliberate recall,0.6,40,task,0.21119999885559082
Deliberate recall,0.6,41,task,0.17880000174045563
Deliberate recall,0.6,42,task,0.17159999907016754
Deliberate recall,0.6,43,task,0.14319999516010284
Deliberate recall,0.6,44,task,0.13580000400543213
Deliberate recall,0.6,45,task,0.11479999870061874
Deliberate recall,0.6,46,task,0.1103999987244606
Deliberate recall,0.6,47,task,0.10159999877214432
Deliberate recall,0.6,48,task,0.09300000220537186
Deliberate recall,0.6,49,filler,0.00860000029206276
Deliberate recall,0.6,50,filler,0.008799999952316284
Deliberate recall,0.6,51,filler,0.009200000204145908
Deliberate recall,0.6,52,filler,0.013000000268220901
Deliberate recall,0.6,53,filler,0.012000000104308128
Deliberate recall,0.6,54,filler,0.012199999764561653
Deliberate recall,0.6,55,filler,0.015200000256299973
Deliberate recall,0.6,56,filler,0.02319999970495701
Deliberate recall,0.6,57,filler,0.02419999986886978
Deliberate recall,0.6,58,filler,0.032999999821186066
Deliberate recall,0.6,59,filler,0.04560000076889992
Deliberate recall,0.6,60,filler,0.055399999022483826
Deliberate recall,0.6,61,filler,0.07039999961853027
Deliberate recall,0.6,62,filler,0.08640000224113464
Deliberate recall,0.6,63,filler,0.10899999737739563
Deliberate recall,0.6,64,filler,0.1451999992132187
Deliberate recall,0.75,1,film,0.3612000048160553
Deliberate recall,0.75,2,film,0.29760000109672546
Deliberate recall,0.75,3,film,0.2680000066757202
Deliberate recall,0.75,4,film,0.24539999663829803
Deliberate recall,0.75,5,film,0.23639999330043793
Deliberate recall,0.75,6,film,0.20980000495910645
Deliberate recall,0.75,7,film,0.1979999989271164
Deliberate recall,0.75,8,film,0.1785999983549118
Deliberate recall,0.75,9,film,0.15559999644756317
Deliberate recall,0.75,10,film,0.14399999380111694
Deliberate recall,0.75,11,film,0.12700000405311584
Deliberate recall,0.75,12,film,0.11540000140666962
Deliberate recall,0.75,13,film,0.09960000216960907
Deliberate recall,0.75,14,film,0.08640000224113464
Deliberate recall,0.75,15,film,0.07900000363588333
Deliberate recall,0.75,16,film,0.0689999982714653
Deliberate recall,0.75,17,break,0.029200000688433647
Deliberate recall,0.75,18,break,0.02280000038444996
Deliberate recall,0.75,19,break,0.01140000019222498
Deliberate recall,0.75,20,break,0.01080000028014183
Deliberate recall,0.75,21,break,0.006399999838322401
Deliberate recall,0.75,22,break,0.00559999980032444
Deliberate recall,0.75,23,break,0.00419999985024333
Deliberate recall,0.75,24,break,0.00139999995008111
Deliberate recall,0.75,25,break,0.0006000000284984708
Deliberate recall,0.75,26,break,0.0015999999595806003
Deliberate recall,0.75,27,break,0.0012000000569969416
Deliberate recall,0.75,28,break,0.0007999999797903001
Deliberate recall,0.75,29,break,0.0010000000474974513
Deliberate recall,0.75,30,break,0.0006000000284984708
Deliberate recall,0.75,31,break,0.00039999998989515007
Deliberate recall,0.75,32,break,0.0006000000284984708
Deliberate recall,0.75,33,task,0.4284000098705292
Deliberate recall,0.75,34,task,0.39239999651908875
Deliberate recall,0.75,35,task,0.37540000677108765
Deliberate recall,0.75,36,task,0.3467999994754791
Deliberate recall,0.75,37,task,0.3269999921321869
Deliberate recall,0.75,38,task,0.28780001401901245
Deliberate recall,0.75,39,task,0.26600000262260437
Deliberate recall,0.75,40,task,0.23520000278949738
Deliberate recall,0.75,41,task,0.21660000085830688
Deliberate recall,0.75,42,task,0.19280000030994415
Deliberate recall,0.75,43,task,0.17419999837875366
Deliberate recall,0.75,44,task,0.15600000321865082
Deliberate recall,0.75,45,task,0.1477999985218048
Deliberate recall,0.75,46,task,0.1340000033378601
Deliberate recall,0.75,47,task,0.11779999732971191
Deliberate recall,0.75,48,task,0.11540000140666962
Deliberate recall,0.75,49,filler,0.014399999752640724
Deliberate recall,0.75,50,filler,0.010400000028312206
Deliberate recall,0.75,51,filler,0.013000000268220901
Deliberate recall,0.75,52,filler,0.010999999940395355
Deliberate recall,0.75,53,filler,0.014999999664723873
Deliberate recall,0.75,54,filler,0.01360000018030405
Deliberate recall,0.75,55,filler,0.016599999740719795
Deliberate recall,0.75,56,filler,0.026000000536441803
Deliberate recall,0.75,57,filler,0.03200000151991844
Deliberate recall,0.75,58,filler,0.03840000182390213
Deliberate recall,0.75,59,filler,0.053199999034404755
Deliberate recall,0.75,60,filler,0.06679999828338623
Deliberate recall,0.75,61,filler,0.07620000094175339
Deliberate recall,0.75,62,filler,0.10100000351667404
Deliberate recall,0.75,63,filler,0.11980000138282776
Deliberate recall,0.75,64,filler,0.14480000734329224
Deliberate recall,0.9,1,film,0.33160001039505005
Deliberate recall,0.9,2,film,0.274399995803833
Deliberate recall,0.9,3,film,0.24379999935626984
Deliberate recall,0.9,4,film,0.22619999945163727
Deliberate recall,0.9,5,film,0.20759999752044678
Deliberate recall,0.9,6,film,0.18320000171661377
Deliberate recall,0.9,7,film,0.16840000450611115
Deliberate recall,0.9,8,film,0.16359999775886536
Deliberate recall,0.9,9,film,0.13379999995231628
Deliberate recall,0.9,10,film,0.1225999966263771
Deliberate recall,0.9,11,film,0.10700000077486038
Deliberate recall,0.9,12,film,0.09220000356435776
Deliberate recall,0.9,13,film,0.08959999680519104
Deliberate recall,0.9,14,film,0.07999999821186066
Deliberate recall,0.9,15,film,0.06700000166893005
Deliberate recall,0.9,16,film,0.062199998646974564
Deliberate recall,0.9,17,break,0.02500000037252903
Deliberate recall,0.9,18,break,0.017000000923871994
Deliberate recall,0.9,19,break,0.01119999960064888
Deliberate recall,0.9,20,break,0.009399999864399433
Deliberate recall,0.9,21,break,0.005400000140070915
Deliberate recall,0.9,22,break,0.003599999938160181
Deliberate recall,0.9,23,break,0.003000000026077032
Deliberate recall,0.9,24,break,0.0020000000949949026
Deliberate recall,0.9,25,break,0.0015999999595806003
Deliberate recall,0.9,26,break,0.0020000000949949026
Deliberate recall,0.9,27,break,0.0015999999595806003
Deliberate recall,0.9,28,break,0.0010000000474974513
Deliberate recall,0.9,29,break,0.00039999998989515007
Deliberate recall,0.9,30,break,0.0006000000284984708
Deliberate recall,0.9,31,break,0.00019999999494757503
Deliberate recall,0.9,32,break,0.00019999999494757503
Deliberate recall,0.9,33,task,0.3783999979496002
Deliberate recall,0.9,34,task,0.3587999939918518
Deliberate recall,0.9,35,task,0.3456000089645386
Deliberate recall,0.9,36,task,0.3312000036239624
Deliberate recall,0.9,37,task,0.31220000982284546
Deliberate recall,0.9,38,task,0.29159998893737793
Deliberate recall,0.9,39,task,0.2635999917984009
Deliberate recall,0.9,40,task,0.26080000400543213
Deliberate recall,0.9,41,task,0.23880000412464142
Deliberate recall,0.9,42,task,0.225600004196167
Deliberate recall,0.9,43,task,0.21979999542236328
Deliberate recall,0.9,44,task,0.19599999487400055
Deliberate recall,0.9,45,task,0.19300000369548798
Deliberate recall,0.9,46,task,0.17919999361038208
Deliberate recall,0.9,47,task,0.16580000519752502
Deliberate recall,0.9,48,task,0.15600000321865082
Deliberate recall,0.9,49,filler,0.019999999552965164
Deliberate recall,0.9,50,filler,0.020400000736117363
Deliberate recall,0.9,51,filler,0.018200000748038292
Deliberate recall,0.9,52,filler,0.018799999728798866
Deliberate recall,0.9,53,filler,0.020800000056624413
Deliberate recall,0.9,54,filler,0.022199999541044235
Deliberate recall,0.9,55,filler,0.026000000536441803
Deliberate recall,0.9,56,filler,0.030400000512599945
Deliberate recall,0.9,57,filler,0.03819999843835831
Deliberate recall,0.9,58,filler,0.04919999837875366
Deliberate recall,0.9,59,filler,0.05860000103712082
Deliberate recall,0.9,60,filler,0.06800000369548798
Deliberate recall,0.9,61,filler,0.08739999681711197
Deliberate recall,0.9,62,filler,0.10819999873638153
Deliberate recall,0.9,63,filler,0.13819999992847443
Deliberate recall,0.9,64,filler,0.16519999504089355
Deliberate recall,1.0,1,film,0.3147999942302704
Deliberate recall,1.0,2,film,0.2558000087738037
Deliberate recall,1.0,3,film,0.22540000081062317
Deliberate recall,1.0,4,film,0.20479999482631683
Deliberate recall,1.0,5,film,0.1915999948978424
Deliberate recall,1.0,6,film,0.17020000517368317
Deliberate recall,1.0,7,film,0.15360000729560852
Deliberate recall,1.0,8,film,0.13899999856948853
Deliberate recall,1.0,9,film,0.11999999731779099
Deliberate recall,1.0,10,film,0.11680000275373459
Deliberate recall,1.0,11,film,0.1005999967455864
Deliberate recall,1.0,12,film,0.08579999953508377
Deliberate recall,1.0,13,film,0.07419999688863754
Deliberate recall,1.0,14,film,0.06700000166893005
Deliberate recall,1.0,15,film,0.05860000103712082
Deliberate recall,1.0,16,film,0.055799998342990875
Deliberate recall,1.0,17,break,0.023800000548362732
Deliberate recall,1.0,18,break,0.017400000244379044
Deliberate recall,1.0,19,break,0.010599999688565731
Deliberate recall,1.0,20,break,0.008200000040233135
Deliberate recall,1.0,21,break,0.005400000140070915
Deliberate recall,1.0,22,break,0.004000000189989805
Deliberate recall,1.0,23,break,0.003599999938160181
Deliberate recall,1.0,24,break,0.0031999999191612005
Deliberate recall,1.0,25,break,0.00139999995008111
Deliberate recall,1.0,26,break,0.0012000000569969416
Deliberate recall,1.0,27,break,0.0007999999797903001
Deliberate recall,1.0,28,break,0.00019999999494757503
Deliberate recall,1.0,29,break,0.00019999999494757503
Deliberate recall,1.0,30,break,0.00019999999494757503
Deliberate recall,1.0,31,break,0.00019999999494757503
Deliberate recall,1.0,32,break,0.00019999999494757503
Deliberate recall,1.0,33,task,0.35740000009536743
Deliberate recall,1.0,34,task,0.35339999198913574
Deliberate recall,1.0,35,task,0.33320000767707825
Deliberate recall,1.0,36,task,0.3160000145435333
Deliberate recall,1.0,37,task,0.31859999895095825
Deliberate recall,1.0,38,task,0.2913999855518341
Deliberate recall,1.0,39,task,0.2897999882698059
Deliberate recall,1.0,40,task,0.27059999108314514
Deliberate recall,1.0,41,task,0.2720000147819519
Deliberate recall,1.0,42,task,0.24320000410079956
Deliberate recall,1.0,43,task,0.22120000422000885
Deliberate recall,1.0,44,task,0.22259999811649323
Deliberate recall,1.0,45,task,0.21559999883174896
Deliberate recall,1.0,46,task,0.20900000631809235
Deliberate recall,1.0,47,task,0.19660000503063202
Deliberate recall,1.0,48,task,0.18960000574588776
Deliberate recall,1.0,49,filler,0.025599999353289604
Deliberate recall,1.0,50,filler,0.020800000056624413
Deliberate recall,1.0,51,filler,0.01979999989271164
Deliberate recall,1.0,52,filler,0.01860000006854534
Deliberate recall,1.0,53,filler,0.023399999365210533
Deliberate recall,1.0,54,filler,0.029400000348687172
Deliberate recall,1.0,55,filler,0.02879999950528145
Deliberate recall,1.0,56,filler,0.03280000016093254
Deliberate recall,1.0,57,filler,0.039400000125169754
Deliberate recall,1.0,58,filler,0.05139999836683273
Deliberate recall,1.0,59,filler,0.06759999692440033
Deliberate recall,1.0,60,filler,0.07620000094175339
Deliberate recall,1.0,61,filler,0.0982000008225441
Deliberate recall,1.0,62,filler,0.12319999933242798
Deliberate recall,1.0,63,filler,0.14380000531673431
Deliberate recall,1.0,64,filler,0.1703999936580658
