value,mean,ci_lower,ci_upper
0.01,7.687399864196777,7.687399864196777,7.687399864196777
0.33,7.666999816894531,7.666999816894531,7.666999816894531
0.67,7.695999622344971,7.695999622344971,7.695999622344971
1.0,7.643799781799316,7.643799781799316,7.643799781799316
1.33,7.640599727630615,7.640599727630615,7.640599727630615
1.67,7.721199989318848,7.721199989318848,7.721199989318848
2.0,7.631199836730957,7.631199836730957,7.631199836730957
2.33,7.627799987792969,7.627799987792969,7.627799987792969
2.67,7.680799961090088,7.680799961090088,7.680799961090088
3.0,7.6367998123168945,7.6367998123168945,7.6367998123168945
