retrieval_setting,start_drift_scale,film_item_support_boost,rejected_recall_drift_scale,reminder_condition,task_condition,task_mcf_scale,film_cue_reinstatement,cue_interval,first_cue_after,experiment_count,phase,recall_probability_mass
Unguided recall,0.0,0.0,1.0,No reminder,Weak task encoding,1.0,0.9,4,0,5000,break,0.7487999936565757
Unguided recall,0.0,0.0,1.0,No reminder,Weak task encoding,1.0,0.9,4,0,5000,filler,3.501000039279461
Unguided recall,0.0,0.0,1.0,No reminder,Weak task encoding,1.0,0.9,4,0,5000,film,3.25560000538826
Unguided recall,0.0,0.0,1.0,No reminder,Weak task encoding,1.0,0.9,4,0,5000,task,0.1630000015720725
Unguided recall,0.0,0.0,1.0,No reminder,Strong task encoding,2.0,0.9,4,0,5000,break,0.5235999980941415
Unguided recall,0.0,0.0,1.0,No reminder,Strong task encoding,2.0,0.9,4,0,5000,filler,2.542000003159046
Unguided recall,0.0,0.0,1.0,No reminder,Strong task encoding,2.0,0.9,4,0,5000,film,2.4440000131726265
Unguided recall,0.0,0.0,1.0,No reminder,Strong task encoding,2.0,0.9,4,0,5000,task,2.1078000217676163
Unguided recall,0.0,0.0,1.0,With reminder,Weak task encoding,1.0,0.9,4,0,5000,break,0.6132000056095421
Unguided recall,0.0,0.0,1.0,With reminder,Weak task encoding,1.0,0.9,4,0,5000,filler,3.313399985432625
Unguided recall,0.0,0.0,1.0,With reminder,Weak task encoding,1.0,0.9,4,0,5000,film,2.789599984884262
Unguided recall,0.0,0.0,1.0,With reminder,Weak task encoding,1.0,0.9,4,0,5000,task,0.9575999919325113
Unguided recall,0.0,0.0,1.0,With reminder,Strong task encoding,2.0,0.9,4,0,5000,break,0.09979999989445787
Unguided recall,0.0,0.0,1.0,With reminder,Strong task encoding,2.0,0.9,4,0,5000,filler,1.4491999875754118
Unguided recall,0.0,0.0,1.0,With reminder,Strong task encoding,2.0,0.9,4,0,5000,film,0.7925999965518713
Unguided recall,0.0,0.0,1.0,With reminder,Strong task encoding,2.0,0.9,4,0,5000,task,5.258600026369095
Start-of-film reinstatement,1.0,0.0,0.5,No reminder,Weak task encoding,1.0,0.9,4,0,5000,break,0.7278000032529235
Start-of-film reinstatement,1.0,0.0,0.5,No reminder,Weak task encoding,1.0,0.9,4,0,5000,filler,0.14239999951678328
Start-of-film reinstatement,1.0,0.0,0.5,No reminder,Weak task encoding,1.0,0.9,4,0,5000,film,6.7665999829769135
Start-of-film reinstatement,1.0,0.0,0.5,No reminder,Weak task encoding,1.0,0.9,4,0,5000,task,0.0062000000616535544
Start-of-film reinstatement,1.0,0.0,0.5,No reminder,Strong task encoding,2.0,0.9,4,0,5000,break,0.7158000050112605
Start-of-film reinstatement,1.0,0.0,0.5,No reminder,Strong task encoding,2.0,0.9,4,0,5000,filler,0.15459999983431771
Start-of-film reinstatement,1.0,0.0,0.5,No reminder,Strong task encoding,2.0,0.9,4,0,5000,film,6.65719997882843
Start-of-film reinstatement,1.0,0.0,0.5,No reminder,Strong task encoding,2.0,0.9,4,0,5000,task,0.08879999979399145
Start-of-film reinstatement,1.0,0.0,0.5,With reminder,Weak task encoding,1.0,0.9,4,0,5000,break,0.604400003910996
Start-of-film reinstatement,1.0,0.0,0.5,With reminder,Weak task encoding,1.0,0.9,4,0,5000,filler,0.169800000381656
Start-of-film reinstatement,1.0,0.0,0.5,With reminder,Weak task encoding,1.0,0.9,4,0,5000,film,6.105800032615662
Start-of-film reinstatement,1.0,0.0,0.5,With reminder,Weak task encoding,1.0,0.9,4,0,5000,task,0.8228000067174435
Start-of-film reinstatement,1.0,0.0,0.5,With reminder,Strong task encoding,2.0,0.9,4,0,5000,break,0.18280000149388798
Start-of-film reinstatement,1.0,0.0,0.5,With reminder,Strong task encoding,2.0,0.9,4,0,5000,filler,0.12360000045737252
Start-of-film reinstatement,1.0,0.0,0.5,With reminder,Strong task encoding,2.0,0.9,4,0,5000,film,2.9016000106930733
Start-of-film reinstatement,1.0,0.0,0.5,With reminder,Strong task encoding,2.0,0.9,4,0,5000,task,4.416600003838539
Start-of-film reinstatement + film-item boost,1.0,0.75,0.5,No reminder,Weak task encoding,1.0,0.9,4,0,5000,break,0.07640000105311628
Start-of-film reinstatement + film-item boost,1.0,0.75,0.5,No reminder,Weak task encoding,1.0,0.9,4,0,5000,filler,0.006400000216672197
Start-of-film reinstatement + film-item boost,1.0,0.75,0.5,No reminder,Weak task encoding,1.0,0.9,4,0,5000,film,7.537599980831146
Start-of-film reinstatement + film-item boost,1.0,0.75,0.5,No reminder,Weak task encoding,1.0,0.9,4,0,5000,task,0.0005999999848427251
Start-of-film reinstatement + film-item boost,1.0,0.75,0.5,No reminder,Strong task encoding,2.0,0.9,4,0,5000,break,0.0760000008449424
Start-of-film reinstatement + film-item boost,1.0,0.75,0.5,No reminder,Strong task encoding,2.0,0.9,4,0,5000,filler,0.007799999963026494
Start-of-film reinstatement + film-item boost,1.0,0.75,0.5,No reminder,Strong task encoding,2.0,0.9,4,0,5000,film,7.577399909496307
Start-of-film reinstatement + film-item boost,1.0,0.75,0.5,No reminder,Strong task encoding,2.0,0.9,4,0,5000,task,0.0032000000355765224
Start-of-film reinstatement + film-item boost,1.0,0.75,0.5,With reminder,Weak task encoding,1.0,0.9,4,0,5000,break,0.0729999992181547
Start-of-film reinstatement + film-item boost,1.0,0.75,0.5,With reminder,Weak task encoding,1.0,0.9,4,0,5000,filler,0.009000000267405994
Start-of-film reinstatement + film-item boost,1.0,0.75,0.5,With reminder,Weak task encoding,1.0,0.9,4,0,5000,film,7.498399943113327
Start-of-film reinstatement + film-item boost,1.0,0.75,0.5,With reminder,Weak task encoding,1.0,0.9,4,0,5000,task,0.09979999955976382
Start-of-film reinstatement + film-item boost,1.0,0.75,0.5,With reminder,Strong task encoding,2.0,0.9,4,0,5000,break,0.05839999980526045
Start-of-film reinstatement + film-item boost,1.0,0.75,0.5,With reminder,Strong task encoding,2.0,0.9,4,0,5000,filler,0.009200000000419095
Start-of-film reinstatement + film-item boost,1.0,0.75,0.5,With reminder,Strong task encoding,2.0,0.9,4,0,5000,film,6.627599984407425
Start-of-film reinstatement + film-item boost,1.0,0.75,0.5,With reminder,Strong task encoding,2.0,0.9,4,0,5000,task,0.9658000087365508
Start-of-film reinstatement + film-item boost,1.0,1.0,0.5,No reminder,Weak task encoding,1.0,0.9,4,0,5000,break,0.04540000051201787
Start-of-film reinstatement + film-item boost,1.0,1.0,0.5,No reminder,Weak task encoding,1.0,0.9,4,0,5000,filler,0.003800000064074993
Start-of-film reinstatement + film-item boost,1.0,1.0,0.5,No reminder,Weak task encoding,1.0,0.9,4,0,5000,film,7.613200008869171
Start-of-film reinstatement + film-item boost,1.0,1.0,0.5,No reminder,Weak task encoding,1.0,0.9,4,0,5000,task,0.00019999999494757503
Start-of-film reinstatement + film-item boost,1.0,1.0,0.5,No reminder,Strong task encoding,2.0,0.9,4,0,5000,break,0.044600000081118196
Start-of-film reinstatement + film-item boost,1.0,1.0,0.5,No reminder,Strong task encoding,2.0,0.9,4,0,5000,filler,0.0028000000456813723
Start-of-film reinstatement + film-item boost,1.0,1.0,0.5,No reminder,Strong task encoding,2.0,0.9,4,0,5000,film,7.637599974870682
Start-of-film reinstatement + film-item boost,1.0,1.0,0.5,No reminder,Strong task encoding,2.0,0.9,4,0,5000,task,0.001600000003236346
Start-of-film reinstatement + film-item boost,1.0,1.0,0.5,With reminder,Weak task encoding,1.0,0.9,4,0,5000,break,0.04700000034063123
Start-of-film reinstatement + film-item boost,1.0,1.0,0.5,With reminder,Weak task encoding,1.0,0.9,4,0,5000,filler,0.005000000004656613
Start-of-film reinstatement + film-item boost,1.0,1.0,0.5,With reminder,Weak task encoding,1.0,0.9,4,0,5000,film,7.57219997048378
Start-of-film reinstatement + film-item boost,1.0,1.0,0.5,With reminder,Weak task encoding,1.0,0.9,4,0,5000,task,0.060600000724662095
Start-of-film reinstatement + film-item boost,1.0,1.0,0.5,With reminder,Strong task encoding,2.0,0.9,4,0,5000,break,0.040000000881263986
Start-of-film reinstatement + film-item boost,1.0,1.0,0.5,With reminder,Strong task encoding,2.0,0.9,4,0,5000,filler,0.006199999916134402
Start-of-film reinstatement + film-item boost,1.0,1.0,0.5,With reminder,Strong task encoding,2.0,0.9,4,0,5000,film,6.995400071144104
Start-of-film reinstatement + film-item boost,1.0,1.0,0.5,With reminder,Strong task encoding,2.0,0.9,4,0,5000,task,0.6028000082587823
