package_index,retrieval_control_package,goal_group,within_group_label,display_label,film_goal_included,start_reinstatement_included,target_monitoring_included,start_drift_scale,film_item_support_boost,rejected_recall_drift_scale,low_endpoint_film_recall,high_endpoint_film_recall,film_items_reduced
1,No deliberate control,Film-source goal absent,None,"No deliberate
control",False,False,False,0.0,0.0,1.0,3.2595999985933304,0.7753999959677458,2.4842000026255846
2,target monitoring,Film-source goal absent,"Target
monitoring","Retrieval
monitoring",False,False,True,0.0,0.0,0.0,5.3207999765872955,3.0475999787449837,2.273199997842312
3,start-of-film reinstatement,Film-source goal absent,"Start-of-film
reinstatement","Start-of-
film
reinstatement",False,True,False,1.0,0.0,1.0,6.215799927711487,2.0031999945640564,4.21259993314743
4,start-of-film reinstatement + target monitoring,Film-source goal absent,"Reinstatement
+ monitoring","Reinstatement
+
monitoring",False,True,True,1.0,0.0,0.0,6.917600005865097,4.4326000064611435,2.4849999994039536
5,film-source goal,Film-source goal present,None,"Film-
retrieval
goal",True,False,False,0.0,1.0,1.0,7.512399971485138,6.823399990797043,0.6889999806880951
6,film-source goal + target monitoring,Film-source goal present,"Target
monitoring","Goal
+
monitoring",True,False,True,0.0,1.0,0.0,7.570000052452087,6.950999975204468,0.6190000772476196
7,film-source goal + start-of-film reinstatement,Film-source goal present,"Start-of-film
reinstatement","Goal
+
reinstatement",True,True,False,1.0,1.0,1.0,7.5783999264240265,6.839200019836426,0.7391999065876007
8,film-source goal + start-of-film reinstatement + target monitoring,Film-source goal present,"Reinstatement
+ monitoring","Full
control",True,True,True,1.0,1.0,0.0,7.6129999458789825,7.063000023365021,0.5499999225139618
